PLAYER_NAME,POSITION,AGE,TEAM_ABBREVIATION,TEAM_2026_27,TEAM_CHANGED,GP,MIN,GP_POST_ASB,FG_PCT,FT_PCT,RANK_9CAT,RANK_9CAT_36,RANK_POINTS,RANK_POINTS_36,Z_TOTAL,Z_TOTAL_36,FPTS,FPTS_36,PTS,PTS_36,REB,REB_36,AST,AST_36,STL,STL_36,BLK,BLK_36,FG3M,FG3M_36,TOV,TOV_36,Z_PTS,Z_PTS_36,Z_REB,Z_REB_36,Z_AST,Z_AST_36,Z_STL,Z_STL_36,Z_BLK,Z_BLK_36,Z_FG3M,Z_FG3M_36,Z_FG_PCT,Z_FG_PCT_36,Z_FT_PCT,Z_FT_PCT_36,Z_TOV,Z_TOV_36,FPTS_POST_ASB,FPTS_POST_ASB_36,FPTS_POST_ASB_DIFF,FPTS_POST_ASB_DIFF_36
Nikola Jokić,C,31.0,DEN,DEN,False,65,34.8,26.0,0.569,0.831,1,3,1,1,9.647,5.798,66.2,68.483,27.7,28.655,12.9,13.345,10.7,11.069,1.4,1.448,0.8,0.828,1.7,1.759,3.7,3.828,1.759,1.736,3.042,1.728,3.155,3.053,0.927,0.076,0.236,-0.145,-0.098,-0.268,2.301,1.525,0.486,0.425,-2.162,-2.331,65.2,65.748,-1.0,-2.735
Victor Wembanyama,F-C,22.0,SAS,SAS,False,64,29.2,24.0,0.512,0.827,2,1,4,2,8.72,7.35,55.3,68.178,25.0,30.822,11.5,14.178,3.1,3.822,1.0,1.233,3.1,3.822,1.9,2.342,2.4,2.959,1.299,2.148,2.433,1.975,-0.426,-0.228,-0.263,-0.343,4.937,3.843,0.104,0.221,0.633,0.314,0.558,0.59,-0.555,-1.17,62.8,77.16,7.5,8.982
Shai Gilgeous-Alexander,G,27.0,OKC,OKC,False,68,33.2,19.0,0.553,0.879,3,2,3,3,7.994,6.249,55.8,60.506,31.1,33.723,4.3,4.663,6.6,7.157,1.4,1.518,0.8,0.867,1.7,1.843,2.2,2.386,2.339,2.699,-0.7,-0.854,1.223,1.282,0.927,0.211,0.236,-0.092,-0.098,-0.197,2.191,1.483,2.184,2.121,-0.308,-0.404,53.9,58.8,-1.9,-1.706
Kawhi Leonard,F,35.0,LAC,TOR,True,65,32.1,24.0,0.505,0.892,4,4,7,5,6.841,5.314,48.8,54.729,27.9,31.29,6.4,7.178,3.6,4.037,1.9,2.131,0.4,0.449,2.6,2.916,2.0,2.243,1.793,2.237,0.214,-0.106,-0.19,-0.131,2.416,1.403,-0.582,-0.65,0.812,0.702,0.613,0.234,1.826,1.839,-0.061,-0.213,47.2,54.99,-1.6,0.261
Tyrese Maxey,G,25.0,PHI,PHI,False,70,38.0,18.0,0.462,0.892,5,6,5,12,6.519,2.708,52.4,49.642,28.3,26.811,4.1,3.884,6.6,6.253,1.9,1.8,0.8,0.758,3.1,2.937,2.4,2.274,1.862,1.386,-0.787,-1.086,1.223,0.873,2.416,0.759,0.236,-0.238,1.318,0.719,-0.76,-0.782,1.567,1.331,-0.555,-0.254,47.1,46.711,-5.3,-2.931
Luka Dončić,F-G,27.0,LAL,LAL,False,64,35.8,22.0,0.476,0.78,6,10,2,4,5.234,2.101,58.8,59.128,33.5,33.687,7.7,7.743,8.3,8.346,1.6,1.609,0.5,0.503,4.0,4.022,4.0,4.022,2.748,2.693,0.779,0.062,2.024,1.821,1.523,0.388,-0.377,-0.578,2.228,1.629,-0.411,-0.59,-0.747,-0.732,-2.532,-2.592,63.2,62.851,4.4,3.722
Donovan Mitchell,G,29.0,CLE,CLE,False,70,33.5,19.0,0.483,0.865,7,9,9,11,4.084,2.456,47.2,50.722,27.9,29.982,4.5,4.836,5.7,6.125,1.5,1.612,0.3,0.322,3.2,3.439,2.8,3.009,1.793,1.988,-0.613,-0.803,0.799,0.815,1.225,0.394,-0.786,-0.818,1.419,1.14,-0.004,-0.271,1.3,1.248,-1.049,-1.237,42.2,46.317,-5.0,-4.405
Jamal Murray,G,29.0,DEN,DEN,False,75,35.4,25.0,0.483,0.887,8,13,10,17,3.526,1.715,46.8,47.593,25.4,25.831,4.4,4.475,7.1,7.22,0.9,0.915,0.4,0.407,3.3,3.356,2.3,2.339,1.367,1.199,-0.656,-0.91,1.459,1.311,-0.561,-0.96,-0.582,-0.706,1.52,1.07,0.03,-0.207,1.38,1.259,-0.431,-0.342,43.7,45.077,-3.1,-2.516
Trey Murphy III,F,26.0,NOP,NOP,False,66,35.5,14.0,0.47,0.886,9,18,21,58,3.499,1.055,40.7,41.273,21.5,21.803,5.7,5.78,3.8,3.854,1.5,1.521,0.4,0.406,3.2,3.245,1.8,1.825,0.702,0.434,-0.091,-0.522,-0.096,-0.214,1.225,0.217,-0.582,-0.707,1.419,0.977,-0.337,-0.452,1.071,0.976,0.187,0.345,38.3,39.621,-2.4,-1.653
Scottie Barnes,F-G,24.0,TOR,TOR,False,80,33.5,26.0,0.507,0.815,10,28,12,18,3.157,0.513,44.2,47.499,18.1,19.451,7.5,8.06,5.9,6.34,1.4,1.504,1.5,1.612,0.9,0.967,2.6,2.794,0.123,-0.013,0.692,0.156,0.894,0.912,0.927,0.185,1.667,0.9,-0.907,-0.932,0.486,0.196,0.077,0.058,-0.802,-0.95,41.3,46.902,-2.9,-0.596
Anthony Edwards,G,24.0,MIN,MIN,False,61,35.0,15.0,0.489,0.796,11,30,11,21,2.872,0.408,45.7,47.006,28.8,29.623,5.0,5.143,3.7,3.806,1.4,1.44,0.8,0.823,3.4,3.497,2.9,2.983,1.947,1.92,-0.395,-0.711,-0.143,-0.235,0.927,0.06,0.236,-0.151,1.621,1.189,0.159,-0.139,-0.306,-0.321,-1.173,-1.202,41.8,44.786,-3.9,-2.22
Kevin Durant,F,37.0,HOU,HOU,False,78,36.4,28.0,0.52,0.874,12,43,14,38,2.594,-0.085,43.9,43.418,26.0,25.714,5.5,5.44,4.8,4.747,0.8,0.791,0.9,0.89,2.4,2.374,3.2,3.165,1.47,1.177,-0.178,-0.623,0.375,0.191,-0.859,-1.201,0.44,-0.062,0.61,0.247,1.044,0.542,1.235,1.09,-1.544,-1.446,46.9,47.031,3.0,3.613
Chet Holmgren,C-F,24.0,OKC,OKC,False,69,28.9,20.0,0.557,0.792,13,12,34,19,2.425,1.737,38.0,47.336,17.1,21.301,8.9,11.087,1.7,2.118,0.6,0.747,1.9,2.367,1.3,1.619,1.6,1.993,-0.048,0.338,1.302,1.056,-1.086,-1.0,-1.454,-1.287,2.484,1.905,-0.503,-0.385,1.291,1.006,0.005,-0.017,0.434,0.121,38.6,48.93,0.6,1.594
Jalen Johnson,F,24.0,ATL,ATL,False,72,35.2,22.0,0.489,0.788,14,51,8,13,2.276,-0.384,48.3,49.398,22.5,23.011,10.3,10.534,7.9,8.08,1.2,1.227,0.4,0.409,1.7,1.739,3.4,3.477,0.873,0.663,1.911,0.892,1.836,1.7,0.332,-0.354,-0.582,-0.702,-0.098,-0.285,0.007,-0.213,-0.212,-0.222,-1.791,-1.863,42.4,45.027,-5.9,-4.371
Karl-Anthony Towns,C-F,30.0,NYK,NYK,False,75,31.0,24.0,0.501,0.858,15,19,28,28,2.247,1.021,39.4,45.755,20.1,23.342,11.9,13.819,3.0,3.484,0.9,1.045,0.5,0.581,1.5,1.742,2.5,2.903,0.464,0.726,2.607,1.869,-0.473,-0.381,-0.561,-0.708,-0.377,-0.474,-0.301,-0.282,0.324,0.077,1.243,1.291,-0.679,-1.096,42.3,50.424,2.9,4.669
Cade Cunningham,G,24.0,DET,DET,False,64,33.9,17.0,0.461,0.812,16,36,6,7,2.162,0.134,50.0,53.097,23.9,25.381,5.5,5.841,9.9,10.513,1.4,1.487,0.8,0.85,2.0,2.124,3.7,3.929,1.112,1.114,-0.178,-0.504,2.778,2.802,0.927,0.151,0.236,-0.116,0.205,0.038,-0.668,-0.767,-0.09,-0.115,-2.162,-2.467,48.8,56.128,-1.2,3.03
James Harden,G,36.0,CLE,CLE,False,70,34.8,23.0,0.434,0.884,17,34,16,29,1.991,0.24,43.6,45.103,23.6,24.414,4.8,4.966,8.0,8.276,1.1,1.138,0.4,0.414,3.1,3.207,3.5,3.621,1.06,0.93,-0.482,-0.764,1.883,1.789,0.034,-0.527,-0.582,-0.696,1.318,0.945,-1.202,-1.12,1.875,1.739,-1.914,-2.055,40.2,42.565,-3.4,-2.539
Michael Porter Jr.,F,28.0,BKN,BKN,False,52,32.5,11.0,0.463,0.859,18,22,25,33,1.835,0.696,39.7,43.975,24.2,26.806,7.1,7.865,3.0,3.323,1.1,1.218,0.3,0.332,3.4,3.766,2.3,2.548,1.163,1.385,0.518,0.098,-0.473,-0.454,0.034,-0.371,-0.786,-0.805,1.621,1.414,-0.672,-0.801,0.862,0.851,-0.431,-0.621,34.1,40.249,-5.6,-3.726
Nickeil Alexander-Walker,G,27.0,ATL,ATL,False,78,33.4,24.0,0.459,0.902,19,31,41,84,1.701,0.366,36.2,39.018,20.8,22.419,3.4,3.665,3.7,3.988,1.3,1.401,0.5,0.539,3.2,3.449,2.1,2.263,0.583,0.551,-1.092,-1.151,-0.143,-0.153,0.63,-0.016,-0.377,-0.53,1.419,1.148,-0.666,-0.733,1.532,1.49,-0.184,-0.241,40.3,43.05,4.1,4.032
Austin Reaves,G,28.0,LAL,LAL,False,51,34.5,23.0,0.49,0.871,20,50,24,54,1.381,-0.353,40.0,41.739,23.3,24.313,4.7,4.904,5.5,5.739,1.1,1.148,0.4,0.417,2.3,2.4,3.0,3.13,1.009,0.911,-0.526,-0.782,0.705,0.64,0.034,-0.508,-0.582,-0.691,0.509,0.269,0.113,-0.107,1.415,1.315,-1.296,-1.4,37.9,38.112,-2.1,-3.627
Derrick White,G,31.0,BOS,BOS,False,77,34.1,25.0,0.394,0.902,21,46,36,79,1.36,-0.295,37.4,39.484,16.5,17.419,4.4,4.645,5.4,5.701,1.1,1.161,1.3,1.372,2.7,2.85,1.7,1.795,-0.15,-0.399,-0.656,-0.859,0.658,0.623,0.034,-0.482,1.258,0.581,0.913,0.647,-2.028,-1.763,1.021,0.973,0.31,0.386,33.9,36.107,-3.5,-3.377
Amen Thompson,G-F,23.0,HOU,HOU,False,79,37.4,27.0,0.534,0.779,22,127,23,86,1.201,-2.05,40.5,38.984,18.3,17.615,7.8,7.508,5.3,5.102,1.5,1.444,0.6,0.578,0.3,0.289,2.4,2.31,0.157,-0.362,0.823,-0.008,0.611,0.351,1.225,0.067,-0.173,-0.478,-1.514,-1.5,1.099,0.618,-0.471,-0.435,-0.555,-0.303,43.9,42.032,3.4,3.048
OG Anunoby,F-G,28.0,NYK,NYK,False,67,33.2,26.0,0.484,0.828,23,67,56,134,1.091,-0.847,33.2,36.0,16.7,18.108,5.2,5.639,2.2,2.386,1.6,1.735,0.7,0.759,2.3,2.494,1.8,1.952,-0.116,-0.268,-0.308,-0.564,-0.85,-0.878,1.523,0.633,0.031,-0.236,0.509,0.348,-0.034,-0.189,0.149,0.132,0.187,0.176,33.1,35.57,-0.1,-0.43
Jalen Duren,C,22.0,DET,DET,False,70,28.2,26.0,0.65,0.747,24,25,33,14,1.049,0.559,38.6,49.277,19.5,24.894,10.5,13.404,2.0,2.553,0.8,1.021,0.8,1.021,0.0,0.0,1.9,2.426,0.362,1.021,1.998,1.745,-0.944,-0.803,-0.859,-0.754,0.236,0.113,-1.818,-1.742,3.031,2.659,-1.019,-1.223,0.063,-0.457,43.7,53.877,5.1,4.6
Donovan Clingan,C,22.0,POR,POR,False,77,27.2,25.0,0.52,0.68,25,21,45,23,1.003,0.754,35.3,46.721,12.1,16.015,11.6,15.353,2.1,2.779,0.6,0.794,1.7,2.25,1.1,1.456,1.2,1.588,-0.9,-0.666,2.476,2.325,-0.897,-0.7,-1.454,-1.196,2.075,1.75,-0.705,-0.522,0.446,0.286,-0.966,-1.184,0.928,0.662,38.7,52.773,3.4,6.052
Onyeka Okongwu,F-C,25.0,ATL,ATL,False,74,31.0,24.0,0.48,0.757,26,48,45,61,0.954,-0.322,35.3,40.994,15.2,17.652,7.6,8.826,3.1,3.6,1.1,1.277,1.1,1.277,1.9,2.206,1.7,1.974,-0.371,-0.355,0.736,0.384,-0.426,-0.329,0.034,-0.256,0.849,0.454,0.104,0.107,-0.043,-0.205,-0.239,-0.268,0.31,0.146,33.1,40.808,-2.2,-0.185
Mikal Bridges,G-F,29.0,NYK,NYK,False,82,32.8,27.0,0.49,0.827,27,55,52,118,0.887,-0.44,33.6,36.878,14.4,15.805,3.8,4.171,3.7,4.061,1.3,1.427,0.8,0.878,1.9,2.085,1.0,1.098,-0.508,-0.706,-0.917,-1.001,-0.143,-0.12,0.63,0.034,0.236,-0.078,0.104,0.006,0.196,-0.002,0.115,0.109,1.175,1.318,25.2,30.753,-8.4,-6.126
Bam Adebayo,C-F,28.0,MIA,MIA,False,73,32.4,25.0,0.442,0.778,28,58,30,36,0.883,-0.588,39.4,43.778,20.1,22.333,10.0,11.111,3.2,3.556,1.2,1.333,0.7,0.778,1.7,1.889,1.6,1.778,0.464,0.535,1.78,1.063,-0.379,-0.349,0.332,-0.148,0.031,-0.211,-0.098,-0.159,-1.13,-1.14,-0.551,-0.587,0.434,0.408,45.6,47.86,6.2,4.082
Dyson Daniels,G,23.0,ATL,ATL,False,76,33.2,23.0,0.517,0.615,29,94,40,76,0.755,-1.501,36.6,39.687,11.9,12.904,6.8,7.373,5.9,6.398,2.0,2.169,0.4,0.434,0.3,0.325,1.8,1.952,-0.934,-1.258,0.388,-0.048,0.894,0.938,2.713,1.476,-0.582,-0.67,-1.514,-1.47,0.555,0.304,-0.951,-0.95,0.187,0.176,40.3,45.056,3.7,5.369
Keyonte George,G,22.0,UTA,UTA,False,54,33.1,6.0,0.456,0.892,30,45,31,45,0.709,-0.265,39.1,42.526,23.6,25.668,3.7,4.024,6.1,6.634,1.1,1.196,0.3,0.326,2.5,2.719,3.1,3.372,1.06,1.168,-0.961,-1.044,0.988,1.045,0.034,-0.414,-0.786,-0.813,0.711,0.537,-0.801,-0.861,1.883,1.838,-1.42,-1.722,31.6,43.42,-7.5,0.894
Desmond Bane,G,28.0,ORL,ORL,False,82,33.6,29.0,0.484,0.908,31,60,44,102,0.572,-0.627,35.5,38.036,20.1,21.536,4.1,4.393,4.1,4.393,1.0,1.071,0.5,0.536,2.0,2.143,2.0,2.143,0.464,0.383,-0.787,-0.935,0.045,0.03,-0.263,-0.657,-0.377,-0.534,0.205,0.054,-0.049,-0.235,1.395,1.346,-0.061,-0.08,37.6,41.143,2.1,3.107
Cooper Flagg,F,19.0,DAL,DAL,False,70,33.5,21.0,0.468,0.827,32,85,27,47,0.455,-1.274,39.5,42.448,21.0,22.567,6.7,7.2,4.5,4.836,1.2,1.29,0.9,0.967,1.0,1.075,2.3,2.472,0.617,0.579,0.344,-0.1,0.234,0.231,0.332,-0.233,0.44,0.041,-0.806,-0.842,-0.466,-0.597,0.192,0.165,-0.431,-0.519,43.1,48.336,3.6,5.889
Ryan Rollins,G,23.0,MIL,MIL,False,74,32.1,23.0,0.472,0.796,33,72,39,59,0.407,-0.974,36.7,41.159,17.3,19.402,4.6,5.159,5.6,6.28,1.5,1.682,0.4,0.449,2.5,2.804,2.7,3.028,-0.013,-0.023,-0.569,-0.707,0.752,0.885,1.225,0.531,-0.582,-0.65,0.711,0.608,-0.226,-0.38,0.035,0.025,-0.926,-1.263,38.0,42.353,1.3,1.194
LaMelo Ball,G,24.0,CHA,MIN,True,72,28.0,27.0,0.407,0.899,34,17,25,9,0.391,1.19,39.7,51.043,20.1,25.843,4.8,6.171,7.1,9.129,1.2,1.543,0.3,0.386,3.8,4.886,2.8,3.6,0.464,1.202,-0.482,-0.406,1.459,2.175,0.332,0.26,-0.786,-0.734,2.026,2.352,-2.197,-2.352,0.625,0.72,-1.049,-2.027,42.9,54.0,3.2,2.957
Alperen Sengun,C,23.0,HOU,HOU,False,72,33.3,26.0,0.519,0.691,35,140,13,16,0.185,-2.219,44.1,47.676,20.4,22.054,8.9,9.622,6.2,6.703,1.2,1.297,1.1,1.189,0.6,0.649,3.2,3.459,0.515,0.482,1.302,0.62,1.035,1.076,0.332,-0.218,0.849,0.337,-1.211,-1.199,0.839,0.456,-1.933,-1.934,-1.544,-1.839,42.8,47.703,-1.3,0.027
Jalen Suggs,G,25.0,ORL,ORL,False,57,27.6,24.0,0.435,0.855,36,40,53,37,0.123,-0.018,33.5,43.696,13.8,18.0,3.9,5.087,5.5,7.174,1.8,2.348,0.7,0.913,2.1,2.739,2.7,3.522,-0.61,-0.289,-0.874,-0.728,0.705,1.29,2.118,1.824,0.031,-0.031,0.306,0.553,-0.994,-1.138,0.366,0.424,-0.926,-1.923,31.4,39.114,-2.1,-4.581
LeBron James,F,41.0,LAL,PHI,True,60,33.2,24.0,0.515,0.737,37,102,17,24,0.097,-1.642,43.0,46.627,20.9,22.663,6.1,6.614,7.2,7.807,1.2,1.301,0.6,0.651,1.3,1.41,3.0,3.253,0.6,0.597,0.083,-0.274,1.506,1.576,0.332,-0.21,-0.173,-0.381,-0.503,-0.561,0.754,0.393,-1.206,-1.22,-1.296,-1.563,43.9,48.036,0.9,1.41
Brandon Miller,F,23.0,CHA,CHA,False,65,30.3,27.0,0.435,0.892,38,47,49,63,0.047,-0.313,34.2,40.634,20.2,24.0,4.9,5.822,3.3,3.921,1.0,1.188,0.7,0.832,3.1,3.683,2.5,2.97,0.481,0.851,-0.439,-0.51,-0.332,-0.183,-0.263,-0.43,0.031,-0.14,1.318,1.345,-1.278,-1.354,1.208,1.294,-0.679,-1.186,34.2,41.04,-0.0,0.406
Jalen Brunson,G,29.0,NYK,NYK,False,74,35.0,24.0,0.467,0.841,39,71,18,39,0.007,-0.952,42.1,43.303,26.0,26.743,3.3,3.394,6.8,6.994,0.8,0.823,0.1,0.103,2.6,2.674,2.4,2.469,1.47,1.373,-1.135,-1.231,1.318,1.208,-0.859,-1.14,-1.195,-1.11,0.812,0.499,-0.558,-0.677,0.71,0.641,-0.555,-0.515,42.2,42.318,0.1,-0.985
Kel'el Ware,C,22.0,MIA,MIL,True,77,22.1,25.0,0.53,0.74,40,7,84,20,-0.02,2.575,29.0,47.24,11.1,18.081,9.0,14.661,0.7,1.14,0.8,1.303,1.1,1.792,1.2,1.955,0.8,1.303,-1.07,-0.274,1.345,2.119,-1.557,-1.442,-0.859,-0.206,0.849,1.139,-0.604,-0.104,0.67,0.632,-0.217,-0.331,1.422,1.043,29.5,48.94,0.5,1.7
Jaylen Brown,G-F,29.0,BOS,PHI,True,71,34.4,22.0,0.477,0.795,41,114,15,26,-0.113,-1.85,43.8,45.837,28.7,30.035,6.9,7.221,5.1,5.337,1.0,1.047,0.4,0.419,2.0,2.093,3.6,3.767,1.93,1.998,0.431,-0.094,0.517,0.458,-0.263,-0.705,-0.582,-0.69,0.205,0.012,-0.2,-0.437,-0.112,-0.142,-2.038,-2.251,43.0,44.355,-0.8,-1.482
VJ Edgecombe,G,20.0,PHI,PHI,False,75,35.0,25.0,0.438,0.818,42,130,50,149,-0.125,-2.065,33.9,34.869,16.0,16.457,5.6,5.76,4.2,4.32,1.4,1.44,0.5,0.514,2.0,2.057,1.8,1.851,-0.235,-0.582,-0.134,-0.528,0.092,-0.003,0.927,0.06,-0.377,-0.562,0.205,-0.018,-1.019,-0.946,0.229,0.204,0.187,0.31,37.6,39.579,3.7,4.71
Evan Mobley,C,25.0,CLE,CLE,False,65,31.9,23.0,0.546,0.606,43,135,22,27,-0.257,-2.164,40.6,45.818,18.2,20.539,9.0,10.157,3.6,4.063,0.7,0.79,1.7,1.918,1.0,1.129,1.9,2.144,0.14,0.194,1.345,0.78,-0.19,-0.119,-1.156,-1.204,2.075,1.308,-0.806,-0.796,1.256,0.856,-2.984,-3.1,0.063,-0.081,38.7,47.712,-1.9,1.894
Immanuel Quickley,G,27.0,TOR,TOR,False,70,31.9,18.0,0.443,0.821,44,68,47,75,-0.326,-0.848,35.2,39.724,16.4,18.508,4.0,4.514,5.9,6.658,1.3,1.467,0.1,0.113,2.5,2.821,1.5,1.693,-0.167,-0.192,-0.83,-0.898,0.894,1.056,0.63,0.112,-1.195,-1.097,0.711,0.622,-0.88,-0.911,-0.045,-0.061,0.557,0.522,33.5,39.671,-1.7,-0.053
Reed Sheppard,G,22.0,HOU,HOU,False,82,26.2,29.0,0.43,0.802,45,24,76,57,-0.355,0.585,30.1,41.359,13.5,18.55,2.9,3.985,3.4,4.672,1.5,2.061,0.7,0.962,2.8,3.847,1.5,2.061,-0.661,-0.185,-1.309,-1.056,-0.285,0.157,1.225,1.267,0.031,0.034,1.014,1.482,-0.913,-1.119,-0.015,-0.025,0.557,0.03,34.4,42.851,4.3,1.492
Andrew Wiggins,F,31.0,MIA,MIA,False,68,30.3,18.0,0.475,0.784,46,74,66,106,-0.363,-1.032,31.8,37.782,15.4,18.297,4.8,5.703,2.7,3.208,1.1,1.307,1.0,1.188,2.0,2.376,1.5,1.782,-0.337,-0.233,-0.482,-0.545,-0.614,-0.506,0.034,-0.199,0.645,0.335,0.205,0.249,-0.268,-0.413,-0.102,-0.123,0.557,0.402,30.9,40.159,-0.9,2.377
Devin Booker,G,29.0,PHX,PHX,False,64,33.5,21.0,0.456,0.873,47,77,28,48,-0.377,-1.101,39.4,42.34,26.1,28.048,3.9,4.191,6.0,6.448,0.8,0.86,0.3,0.322,1.9,2.042,3.1,3.331,1.487,1.621,-0.874,-0.995,0.941,0.961,-0.859,-1.068,-0.786,-0.818,0.104,-0.031,-0.902,-0.963,1.933,1.86,-1.42,-1.668,40.2,44.122,0.8,1.782
Nikola Vučević,C,35.0,BOS,ORL,True,64,28.4,13.0,0.493,0.828,48,44,53,46,-0.466,-0.199,33.5,42.465,15.1,19.141,8.4,10.648,3.3,4.183,0.6,0.761,0.6,0.761,1.6,2.028,1.3,1.648,-0.388,-0.072,1.084,0.926,-0.332,-0.065,-1.454,-1.261,-0.173,-0.234,-0.199,-0.042,0.215,0.002,-0.022,-0.034,0.804,0.582,20.1,36.18,-13.4,-6.285
Neemias Queta,C,26.0,BOS,BOS,False,76,25.3,25.0,0.653,0.703,49,41,82,51,-0.566,-0.07,29.7,42.261,10.2,14.514,8.4,11.953,1.7,2.419,0.8,1.138,1.3,1.85,0.0,0.0,1.0,1.423,-1.224,-0.952,1.084,1.314,-1.086,-0.863,-0.859,-0.527,1.258,1.217,-1.818,-1.742,1.732,1.694,-0.829,-1.093,1.175,0.883,32.2,44.757,2.5,2.496
Jaden McDaniels,F,25.0,MIN,MIN,False,73,31.7,19.0,0.515,0.835,50,112,74,153,-0.607,-1.828,30.5,34.637,14.8,16.808,4.2,4.77,2.7,3.066,1.1,1.249,1.0,1.136,1.4,1.59,1.8,2.044,-0.44,-0.516,-0.743,-0.822,-0.614,-0.57,0.034,-0.311,0.645,0.265,-0.402,-0.41,0.497,0.258,0.229,0.226,0.187,0.052,30.0,35.179,-0.5,0.542
Jarrett Allen,C,28.0,CLE,CLE,False,56,27.1,13.0,0.638,0.709,51,62,55,32,-0.612,-0.737,33.3,44.236,15.4,20.458,8.5,11.292,1.8,2.391,1.0,1.328,0.8,1.063,0.0,0.0,1.3,1.727,-0.337,0.178,1.127,1.117,-1.039,-0.876,-0.263,-0.157,0.236,0.168,-1.818,-1.742,2.271,2.061,-1.594,-1.963,0.804,0.476,35.4,48.091,2.1,3.854
Kon Knueppel,G-F,20.0,CHA,CHA,False,81,31.5,27.0,0.475,0.863,52,75,61,113,-0.615,-1.042,32.6,37.257,18.5,21.143,5.3,6.057,3.4,3.886,0.7,0.8,0.2,0.229,3.4,3.886,2.0,2.286,0.191,0.308,-0.265,-0.44,-0.285,-0.199,-1.156,-1.184,-0.991,-0.943,1.621,1.514,-0.159,-0.324,0.488,0.496,-0.061,-0.271,30.6,36.477,-2.0,-0.78
Mark Williams,C,24.0,PHX,PHX,False,60,23.6,10.0,0.644,0.771,53,20,93,42,-0.642,0.849,28.2,43.017,11.7,17.847,8.0,12.203,1.0,1.525,0.9,1.373,0.9,1.373,0.0,0.0,1.1,1.678,-0.968,-0.318,0.91,1.388,-1.416,-1.268,-0.561,-0.071,0.44,0.581,-1.818,-1.742,1.828,1.909,-0.11,-0.172,1.052,0.542,20.7,34.66,-7.5,-8.356
Josh Giddey,G,23.0,CHI,CHI,False,54,32.1,20.0,0.448,0.763,54,128,19,22,-0.661,-2.057,41.7,46.766,17.0,19.065,8.3,9.308,9.1,10.206,1.0,1.121,0.5,0.561,1.9,2.131,3.6,4.037,-0.065,-0.086,1.04,0.527,2.401,2.662,-0.263,-0.559,-0.377,-0.5,0.104,0.044,-0.871,-0.904,-0.593,-0.628,-2.038,-2.612,41.7,46.766,0.0,0.0
Brandon Ingram,F,28.0,TOR,LAC,True,77,33.8,24.0,0.477,0.82,55,134,42,96,-0.786,-2.153,36.0,38.343,21.5,22.899,5.6,5.964,3.7,3.941,0.8,0.852,0.7,0.746,1.8,1.917,2.4,2.556,0.702,0.642,-0.134,-0.467,-0.143,-0.174,-0.859,-1.083,0.031,-0.254,0.003,-0.135,-0.16,-0.347,0.329,0.298,-0.555,-0.632,34.0,36.537,-2.0,-1.806
Grayson Allen,G,30.0,PHX,CHA,True,51,28.8,16.0,0.403,0.857,56,52,70,93,-0.803,-0.394,30.8,38.5,16.5,20.625,3.0,3.75,3.8,4.75,1.4,1.75,0.3,0.375,3.1,3.875,1.6,2.0,-0.15,0.21,-1.266,-1.126,-0.096,0.192,0.927,0.662,-0.786,-0.748,1.318,1.505,-1.664,-1.733,0.481,0.531,0.434,0.111,26.6,37.553,-4.2,-0.947
Deni Avdija,F,25.0,POR,POR,False,66,33.3,20.0,0.462,0.802,57,147,20,30,-0.843,-2.263,41.5,44.865,24.2,26.162,6.9,7.459,6.7,7.243,0.8,0.865,0.6,0.649,1.9,2.054,3.8,4.108,1.163,1.262,0.431,-0.023,1.271,1.321,-0.859,-1.058,-0.173,-0.383,0.104,-0.021,-0.49,-0.606,-0.005,-0.049,-2.285,-2.706,38.3,44.334,-3.2,-0.53
DeMar DeRozan,G-F,36.0,SAC,DEN,True,77,31.2,21.0,0.497,0.868,58,70,63,115,-0.886,-0.893,32.1,37.038,18.4,21.231,2.9,3.346,4.1,4.731,1.0,1.154,0.3,0.346,0.6,0.692,1.2,1.385,0.174,0.325,-1.309,-1.246,0.045,0.183,-0.263,-0.497,-0.786,-0.786,-1.211,-1.162,0.229,0.005,1.308,1.35,0.928,0.934,30.7,39.191,-1.4,2.153
De'Aaron Fox,G,28.0,SAS,SAS,False,72,31.0,27.0,0.486,0.76,59,92,38,43,-0.902,-1.436,36.9,42.852,18.6,21.6,3.8,4.413,6.2,7.2,1.2,1.394,0.3,0.348,1.8,2.09,2.3,2.671,0.208,0.395,-0.917,-0.929,1.035,1.301,0.332,-0.031,-0.786,-0.783,0.003,0.01,0.104,-0.121,-0.448,-0.493,-0.431,-0.785,34.6,42.658,-2.3,-0.194
Josh Hart,G,31.0,NYK,NYK,False,66,30.2,23.0,0.508,0.72,60,107,64,100,-0.939,-1.709,32.0,38.146,12.0,14.305,7.4,8.821,4.8,5.722,1.1,1.311,0.3,0.358,1.5,1.788,1.9,2.265,-0.917,-0.991,0.649,0.382,0.375,0.632,0.034,-0.191,-0.786,-0.771,-0.301,-0.244,0.369,0.189,-0.426,-0.474,0.063,-0.243,28.9,35.268,-3.1,-2.878
Naz Reid,C-F,26.0,MIN,CHA,True,77,26.1,21.0,0.456,0.732,61,53,80,60,-0.98,-0.394,29.8,41.103,13.6,18.759,6.2,8.552,2.2,3.034,1.0,1.379,1.0,1.379,2.1,2.897,1.6,2.207,-0.644,-0.145,0.127,0.302,-0.85,-0.585,-0.263,-0.058,0.645,0.59,0.306,0.685,-0.445,-0.645,-0.289,-0.374,0.434,-0.165,24.5,34.319,-5.3,-6.784
Norman Powell,G,33.0,MIA,CHI,True,58,29.6,13.0,0.47,0.827,62,66,62,78,-1.021,-0.834,32.5,39.527,21.7,26.392,3.5,4.257,2.5,3.041,1.1,1.338,0.2,0.243,2.7,3.284,1.9,2.311,0.737,1.306,-1.048,-0.975,-0.709,-0.582,0.034,-0.139,-0.991,-0.923,0.913,1.01,-0.27,-0.474,0.249,0.247,0.063,-0.304,25.0,34.615,-7.5,-4.912
Tre Jones,G,26.0,CHI,CHI,False,65,27.0,27.0,0.553,0.841,63,42,68,50,-1.1,-0.076,31.7,42.267,14.1,18.8,3.1,4.133,5.4,7.2,1.2,1.6,0.2,0.267,0.6,0.8,1.4,1.867,-0.559,-0.137,-1.222,-1.012,0.658,1.301,0.332,0.371,-0.991,-0.892,-1.211,-1.072,0.933,0.756,0.279,0.319,0.681,0.29,32.0,42.509,0.3,0.243
Matas Buzelis,F,21.0,CHI,CHI,False,77,29.2,22.0,0.463,0.786,64,108,69,88,-1.123,-1.719,31.5,38.836,16.3,20.096,5.8,7.151,2.1,2.589,0.7,0.863,1.5,1.849,2.2,2.712,2.1,2.589,-0.184,0.109,-0.047,-0.114,-0.897,-0.786,-1.156,-1.062,1.667,1.216,0.407,0.531,-0.416,-0.569,-0.311,-0.368,-0.184,-0.676,35.2,40.229,3.7,1.393
Collin Gillespie,G,27.0,PHX,PHX,False,80,28.5,26.0,0.418,0.874,65,61,83,112,-1.126,-0.73,29.5,37.263,12.7,16.042,4.1,5.179,4.6,5.811,1.2,1.516,0.2,0.253,2.9,3.663,1.6,2.021,-0.798,-0.661,-0.787,-0.701,0.281,0.672,0.332,0.207,-0.991,-0.911,1.115,1.328,-1.094,-1.181,0.381,0.434,0.434,0.083,26.1,32.4,-3.4,-4.863
Payton Pritchard,G,28.0,BOS,BOS,False,79,32.3,26.0,0.464,0.89,66,89,56,117,-1.158,-1.369,33.2,37.003,17.0,18.947,3.9,4.347,5.2,5.796,0.7,0.78,0.1,0.111,2.7,3.009,1.4,1.56,-0.065,-0.109,-0.874,-0.948,0.564,0.666,-1.156,-1.223,-1.195,-1.099,0.913,0.78,-0.465,-0.572,0.438,0.438,0.681,0.699,31.7,36.0,-1.5,-1.003
Ausar Thompson,G-F,23.0,DET,DET,False,73,26.0,24.0,0.525,0.571,67,100,79,56,-1.178,-1.618,29.9,41.4,9.9,13.708,5.7,7.892,3.1,4.292,2.0,2.769,0.9,1.246,0.1,0.138,1.5,2.077,-1.275,-1.105,-0.091,0.106,-0.426,-0.015,2.713,2.643,0.44,0.412,-1.716,-1.626,0.58,0.453,-1.96,-2.496,0.557,0.009,33.0,45.0,3.1,3.6
Saddiq Bey,F,27.0,NOP,NOP,False,72,31.2,23.0,0.451,0.841,68,87,71,141,-1.235,-1.324,30.7,35.423,17.7,20.423,5.6,6.462,2.5,2.885,0.9,1.038,0.1,0.115,2.1,2.423,0.9,1.038,0.055,0.172,-0.134,-0.319,-0.709,-0.652,-0.561,-0.721,-1.195,-1.094,0.306,0.289,-0.632,-0.728,0.336,0.334,1.299,1.397,32.9,36.22,2.2,0.797
Julius Randle,F-C,31.0,MIN,BKN,True,79,33.0,23.0,0.481,0.802,69,162,37,69,-1.255,-2.489,37.0,40.364,21.1,23.018,6.7,7.309,5.0,5.455,1.1,1.2,0.2,0.218,1.4,1.527,2.7,2.945,0.634,0.665,0.344,-0.067,0.469,0.511,0.034,-0.407,-0.991,-0.957,-0.402,-0.462,-0.193,-0.363,-0.227,-0.256,-0.926,-1.152,29.2,33.161,-7.8,-7.203
Donte DiVincenzo,G,29.0,MIN,MIN,False,82,30.4,26.0,0.406,0.743,70,109,89,161,-1.31,-1.728,28.6,33.868,12.2,14.447,4.1,4.855,3.8,4.5,1.3,1.539,0.4,0.474,3.0,3.553,1.4,1.658,-0.883,-0.964,-0.787,-0.797,-0.096,0.079,0.63,0.253,-0.582,-0.616,1.217,1.235,-1.338,-1.315,-0.152,-0.171,0.681,0.569,23.3,29.125,-5.3,-4.743
Jabari Smith Jr.,F,23.0,HOU,HOU,False,77,35.1,25.0,0.449,0.775,71,188,73,199,-1.322,-3.051,30.5,31.282,15.8,16.205,6.9,7.077,1.9,1.949,0.7,0.718,0.9,0.923,2.3,2.359,1.4,1.436,-0.269,-0.63,0.431,-0.136,-0.991,-1.076,-1.156,-1.344,0.44,-0.018,0.509,0.235,-0.727,-0.71,-0.239,-0.236,0.681,0.865,31.1,31.717,0.6,0.435
Cason Wallace,G,22.0,OKC,OKC,False,77,26.6,24.0,0.432,0.809,72,76,129,177,-1.44,-1.074,24.4,33.023,8.6,11.639,3.1,4.195,2.6,3.519,1.9,2.571,0.4,0.541,1.3,1.759,0.9,1.218,-1.496,-1.498,-1.222,-0.993,-0.662,-0.365,2.416,2.259,-0.582,-0.526,-0.503,-0.268,-0.61,-0.735,-0.08,-0.104,1.299,1.157,27.2,37.517,2.8,4.495
Rudy Gobert,C,34.0,MIN,MIN,False,76,31.3,22.0,0.682,0.526,73,241,58,105,-1.619,-3.91,33.0,37.955,10.9,12.537,11.5,13.227,1.7,1.955,0.8,0.92,1.6,1.84,0.0,0.0,1.4,1.61,-1.104,-1.327,2.433,1.692,-1.086,-1.073,-0.859,-0.951,1.871,1.204,-1.818,-1.742,1.967,1.569,-3.704,-3.913,0.681,0.632,33.6,38.522,0.6,0.567
Deandre Ayton,C,27.0,LAL,WAS,True,72,27.2,26.0,0.671,0.645,74,115,92,110,-1.672,-1.871,28.3,37.456,12.5,16.544,8.0,10.588,0.8,1.059,0.6,0.794,1.0,1.324,0.0,0.0,1.2,1.588,-0.832,-0.566,0.91,0.908,-1.51,-1.479,-1.454,-1.196,0.645,0.516,-1.818,-1.742,2.482,2.277,-1.024,-1.25,0.928,0.662,25.6,36.283,-2.7,-1.172
Kelly Oubre Jr.,F-G,30.0,PHI,IND,True,50,31.5,18.0,0.467,0.766,75,175,100,197,-1.692,-2.782,27.4,31.314,14.1,16.114,5.0,5.714,1.6,1.829,1.4,1.6,0.5,0.571,1.7,1.943,1.4,1.6,-0.559,-0.647,-0.395,-0.542,-1.133,-1.131,0.927,0.371,-0.377,-0.486,-0.098,-0.114,-0.296,-0.404,-0.441,-0.475,0.681,0.646,27.4,33.551,0.0,2.237
Ajay Mitchell,G,24.0,OKC,OKC,False,57,25.8,14.0,0.485,0.87,76,49,96,90,-1.7,-0.342,27.7,38.651,13.6,18.977,3.3,4.605,3.6,5.023,1.2,1.674,0.3,0.419,1.1,1.535,1.4,1.953,-0.644,-0.103,-1.135,-0.872,-0.19,0.316,0.332,0.515,-0.786,-0.69,-0.705,-0.456,-0.071,-0.254,0.819,1.028,0.681,0.174,24.3,35.561,-3.4,-3.09
Julian Champagnie,F,25.0,SAS,SAS,False,82,27.6,28.0,0.437,0.844,77,78,126,185,-1.719,-1.108,24.7,32.217,11.1,14.478,5.8,7.565,1.5,1.957,0.8,1.043,0.5,0.652,2.4,3.13,0.8,1.043,-1.07,-0.958,-0.047,0.009,-1.18,-1.073,-0.859,-0.711,-0.377,-0.379,0.61,0.881,-0.592,-0.703,0.374,0.436,1.422,1.39,25.8,34.273,1.1,2.056
Jay Huff,C,28.0,IND,IND,False,82,21.0,27.0,0.476,0.828,78,16,123,41,-1.726,1.277,25.1,43.029,9.5,16.286,4.0,6.857,1.5,2.571,0.5,0.857,1.9,3.257,1.5,2.571,0.9,1.543,-1.343,-0.615,-0.83,-0.202,-1.18,-0.794,-1.752,-1.073,2.484,3.091,-0.301,0.413,-0.218,-0.435,0.115,0.17,1.299,0.722,26.6,41.817,1.5,-1.212
Ayo Dosunmu,G,26.0,MIN,MIN,False,69,27.3,21.0,0.517,0.876,79,63,86,101,-1.747,-0.76,28.9,38.11,14.8,19.516,3.4,4.484,3.6,4.747,0.8,1.055,0.3,0.396,1.8,2.374,1.4,1.846,-0.44,-0.001,-1.092,-0.908,-0.19,0.191,-0.859,-0.689,-0.786,-0.72,0.003,0.247,0.569,0.374,0.366,0.429,0.681,0.317,29.2,36.124,0.3,-1.986
Myles Turner,C-F,30.0,MIL,MIL,False,71,26.9,21.0,0.44,0.74,80,99,101,122,-1.783,-1.593,27.3,36.535,11.9,15.926,5.3,7.093,1.5,2.007,0.7,0.937,1.6,2.141,2.1,2.81,1.2,1.606,-0.934,-0.683,-0.265,-0.132,-1.18,-1.05,-1.156,-0.918,1.871,1.605,0.306,0.613,-0.654,-0.795,-0.7,-0.871,0.928,0.638,23.5,36.623,-3.8,0.088
John Collins,F-C,28.0,LAC,DET,True,69,27.1,18.0,0.552,0.766,81,105,108,147,-1.893,-1.664,26.3,34.937,13.6,18.066,5.3,7.041,1.0,1.328,0.9,1.196,0.7,0.93,1.3,1.727,1.4,1.86,-0.644,-0.276,-0.265,-0.147,-1.416,-1.357,-0.561,-0.415,0.031,-0.009,-0.503,-0.295,1.014,0.831,-0.232,-0.294,0.681,0.299,25.5,37.016,-0.8,2.079
Robert Williams III,C-F,28.0,POR,POR,False,59,17.1,21.0,0.708,0.596,82,5,132,10,-1.9,2.851,24.1,50.737,6.7,14.105,7.0,14.737,1.0,2.105,0.6,1.263,1.5,3.158,0.2,0.421,0.8,1.684,-1.82,-1.029,0.475,2.142,-1.416,-1.005,-1.454,-0.284,1.667,2.959,-1.615,-1.389,1.518,2.238,-0.677,-1.313,1.422,0.533,24.0,46.703,-0.1,-4.034
Tobias Harris,F,33.0,DET,SAS,True,63,27.7,26.0,0.469,0.866,83,81,103,146,-1.907,-1.215,26.9,34.96,13.3,17.285,5.1,6.628,2.5,3.249,0.9,1.17,0.4,0.52,1.3,1.69,1.0,1.3,-0.695,-0.425,-0.352,-0.27,-0.709,-0.487,-0.561,-0.466,-0.582,-0.555,-0.503,-0.326,-0.306,-0.462,0.625,0.728,1.175,1.047,29.6,38.891,2.7,3.93
Devin Vassell,G-F,25.0,SAS,SAS,False,67,30.5,26.0,0.437,0.815,84,120,102,189,-1.946,-1.966,27.0,31.869,13.9,16.407,4.0,4.721,2.5,2.951,0.9,1.062,0.4,0.472,2.5,2.951,0.9,1.062,-0.593,-0.592,-0.83,-0.837,-0.709,-0.623,-0.561,-0.674,-0.582,-0.618,0.711,0.731,-0.918,-0.962,0.237,0.245,1.299,1.365,27.6,33.12,0.6,1.251
Jrue Holiday,G,36.0,POR,POR,False,53,29.4,26.0,0.451,0.838,85,119,59,71,-1.949,-1.963,32.8,40.163,16.3,19.959,4.6,5.633,6.1,7.469,1.0,1.224,0.1,0.122,2.6,3.184,2.8,3.429,-0.184,0.083,-0.569,-0.566,0.988,1.423,-0.263,-0.359,-1.195,-1.084,0.812,0.926,-0.79,-0.915,0.301,0.326,-1.049,-1.798,31.9,37.407,-0.9,-2.756
Pascal Siakam,F,32.0,IND,IND,False,62,33.2,11.0,0.484,0.693,86,204,32,49,-2.001,-3.294,39.0,42.289,24.0,26.024,6.6,7.157,3.8,4.12,1.1,1.193,0.4,0.434,1.7,1.843,2.2,2.386,1.129,1.236,0.301,-0.113,-0.096,-0.093,0.034,-0.421,-0.582,-0.67,-0.098,-0.197,-0.037,-0.281,-2.344,-2.352,-0.308,-0.404,37.3,44.317,-1.7,2.028
Cam Spencer,G,26.0,MEM,MEM,False,72,23.8,21.0,0.473,0.94,87,23,99,55,-2.095,0.688,27.4,41.445,11.1,16.79,2.5,3.782,5.6,8.471,0.7,1.059,0.2,0.303,2.0,3.025,1.3,1.966,-1.07,-0.519,-1.483,-1.116,0.752,1.877,-1.156,-0.681,-0.991,-0.844,0.205,0.793,-0.056,-0.207,0.899,1.23,0.804,0.156,26.7,41.61,-0.7,0.165
Zion Williamson,F,25.0,NOP,NOP,False,62,29.7,22.0,0.6,0.716,88,172,43,40,-2.115,-2.746,35.6,43.152,21.0,25.455,5.7,6.909,3.2,3.879,1.0,1.212,0.5,0.606,0.0,0.0,2.0,2.424,0.617,1.128,-0.091,-0.186,-0.379,-0.202,-0.263,-0.383,-0.377,-0.44,-1.818,-1.742,2.356,1.901,-2.1,-2.366,-0.061,-0.456,34.7,42.061,-0.9,-1.091
Daniel Gafford,F-C,27.0,DAL,DAL,False,55,21.7,17.0,0.655,0.683,89,54,115,44,-2.118,-0.437,25.8,42.802,9.5,15.76,6.9,11.447,1.1,1.825,0.8,1.327,1.3,2.157,0.0,0.0,1.1,1.825,-1.343,-0.715,0.431,1.163,-1.368,-1.132,-0.859,-0.16,1.258,1.625,-1.818,-1.742,1.632,1.872,-1.103,-1.694,1.052,0.345,30.7,49.339,4.9,6.537
Miles Bridges,F,28.0,CHA,PHX,True,77,31.0,24.0,0.46,0.822,90,148,71,139,-2.126,-2.268,30.7,35.652,17.1,19.858,5.8,6.735,3.2,3.716,0.6,0.697,0.4,0.465,1.9,2.206,1.4,1.626,-0.048,0.064,-0.047,-0.238,-0.379,-0.276,-1.454,-1.385,-0.582,-0.629,0.104,0.107,-0.551,-0.665,0.149,0.142,0.681,0.611,27.7,35.237,-3.0,-0.415
Peyton Watson,G,23.0,DEN,CLE,True,54,29.6,5.0,0.491,0.73,91,174,87,148,-2.131,-2.767,28.7,34.905,14.6,17.757,4.9,5.959,2.1,2.554,0.9,1.095,1.1,1.338,1.5,1.824,1.7,2.068,-0.474,-0.335,-0.439,-0.469,-0.897,-0.802,-0.561,-0.612,0.849,0.535,-0.301,-0.213,0.096,-0.078,-0.715,-0.813,0.31,0.021,21.2,39.75,-7.5,4.845
Brandin Podziemski,G,23.0,GSW,GSW,False,82,28.4,27.0,0.455,0.797,92,118,89,130,-2.173,-1.941,28.6,36.254,13.8,17.493,5.1,6.465,3.7,4.69,1.1,1.394,0.2,0.254,1.9,2.408,1.6,2.028,-0.61,-0.385,-0.352,-0.318,-0.143,0.165,0.034,-0.029,-0.991,-0.91,0.104,0.276,-0.54,-0.67,-0.11,-0.143,0.434,0.074,33.8,38.506,5.2,2.253
Wendell Carter Jr.,C-F,27.0,ORL,ORL,False,78,29.3,27.0,0.512,0.792,93,170,105,183,-2.277,-2.701,26.6,32.683,11.8,14.498,7.4,9.092,2.0,2.457,0.8,0.983,0.6,0.737,0.9,1.106,1.3,1.597,-0.951,-0.955,0.649,0.463,-0.944,-0.846,-0.859,-0.829,-0.173,-0.265,-0.907,-0.815,0.35,0.191,-0.247,-0.294,0.804,0.65,25.9,32.152,-0.7,-0.531
Moussa Diabaté,F,24.0,CHA,CHA,False,73,26.0,23.0,0.631,0.659,94,145,112,134,-2.281,-2.26,26.0,36.0,7.9,10.938,8.7,12.046,1.9,2.631,0.8,1.108,1.0,1.385,0.0,0.0,1.0,1.385,-1.616,-1.631,1.215,1.341,-0.991,-0.767,-0.859,-0.586,0.645,0.597,-1.818,-1.742,1.064,0.996,-1.096,-1.401,1.175,0.934,27.6,35.613,1.6,-0.387
Royce O'Neale,F,33.0,PHX,CHA,True,78,28.4,23.0,0.421,0.711,95,151,125,198,-2.316,-2.31,24.7,31.31,9.8,12.423,4.8,6.085,2.7,3.423,1.1,1.394,0.4,0.507,2.7,3.423,1.3,1.648,-1.292,-1.349,-0.482,-0.431,-0.614,-0.409,0.034,-0.029,-0.582,-0.572,0.913,1.126,-0.759,-0.833,-0.339,-0.395,0.804,0.582,22.8,31.569,-1.9,0.259
CJ McCollum,G,34.0,ATL,ATL,False,76,29.8,25.0,0.455,0.772,96,138,66,94,-2.356,-2.186,31.8,38.416,18.7,22.591,3.3,3.987,3.9,4.711,0.8,0.966,0.5,0.604,2.5,3.02,1.8,2.174,0.225,0.584,-1.135,-1.055,-0.049,0.175,-0.859,-0.861,-0.377,-0.443,0.711,0.789,-0.747,-0.892,-0.311,-0.36,0.187,-0.122,33.4,41.32,1.6,2.903
John Konchar,,30.0,UTA,,False,56,19.9,22.0,0.472,0.727,97,26,172,111,-2.413,0.537,20.6,37.266,4.4,7.96,4.3,7.779,2.1,3.799,1.5,2.714,0.7,1.266,0.5,0.905,0.6,1.085,-2.212,-2.197,-0.7,0.072,-0.897,-0.238,1.225,2.535,0.031,0.439,-1.312,-0.984,-0.073,-0.179,-0.144,-0.245,1.67,1.334,29.6,38.891,9.0,1.624
Moses Moody,G,24.0,GSW,GSW,False,60,25.7,7.0,0.44,0.77,98,86,133,166,-2.462,-1.302,24.0,33.619,12.1,16.949,3.3,4.623,1.6,2.241,1.0,1.401,0.6,0.84,2.5,3.502,1.0,1.401,-0.9,-0.489,-1.135,-0.866,-1.133,-0.944,-0.263,-0.017,-0.173,-0.128,0.711,1.193,-0.649,-0.831,-0.095,-0.133,1.175,0.912,30.5,36.846,6.5,3.227
Toumani Camara,F,26.0,POR,POR,False,82,33.3,26.0,0.44,0.708,99,233,104,238,-2.511,-3.819,26.8,28.973,13.4,14.486,5.1,5.514,2.5,2.703,1.1,1.189,0.4,0.432,2.7,2.919,1.8,1.946,-0.678,-0.957,-0.352,-0.601,-0.709,-0.735,0.034,-0.428,-0.582,-0.671,0.913,0.704,-0.77,-0.758,-0.555,-0.557,0.187,0.184,29.0,31.636,2.2,2.663
Bilal Coulibaly,G,21.0,WAS,WAS,False,56,26.2,23.0,0.425,0.746,100,139,106,126,-2.512,-2.186,26.5,36.412,11.7,16.076,4.3,5.908,2.6,3.573,1.3,1.786,1.0,1.374,1.2,1.649,1.4,1.924,-0.968,-0.655,-0.7,-0.484,-0.662,-0.341,0.63,0.733,0.645,0.583,-0.604,-0.36,-0.955,-1.131,-0.578,-0.745,0.681,0.213,30.1,42.661,3.6,6.249
Andrew Nembhard,G-F,26.0,IND,IND,False,57,31.3,14.0,0.442,0.825,101,163,50,85,-2.515,-2.546,33.9,38.99,16.9,19.438,2.8,3.22,7.7,8.856,0.9,1.035,0.1,0.115,1.9,2.185,2.4,2.76,-0.082,-0.016,-1.353,-1.283,1.742,2.051,-0.561,-0.727,-1.195,-1.094,0.104,0.089,-0.952,-0.994,0.336,0.333,-0.555,-0.905,33.7,41.979,-0.2,2.989
Jordan Goodwin,G,27.0,PHX,PHX,False,70,22.5,18.0,0.413,0.696,102,57,148,121,-2.542,-0.547,22.9,36.64,8.7,13.92,4.9,7.84,2.2,3.52,1.5,2.4,0.2,0.32,1.6,2.56,1.0,1.6,-1.479,-1.064,-0.439,0.091,-0.85,-0.365,1.225,1.926,-0.991,-0.821,-0.199,0.403,-0.84,-1.145,-0.144,-0.217,1.175,0.646,23.8,36.931,0.9,0.291
Derik Queen,C,21.0,NOP,NOP,False,81,25.0,26.0,0.473,0.795,103,137,91,62,-2.578,-2.185,28.4,40.896,11.7,16.848,7.1,10.224,3.7,5.328,1.0,1.44,0.9,1.296,0.3,0.432,2.3,3.312,-0.968,-0.508,0.518,0.8,-0.143,0.454,-0.263,0.06,0.44,0.479,-1.514,-1.38,-0.1,-0.271,-0.117,-0.176,-0.431,-1.642,24.5,38.684,-3.9,-2.212
Paolo Banchero,F,23.0,ORL,ORL,False,72,34.7,29.0,0.459,0.775,104,255,35,81,-2.596,-4.189,37.9,39.32,22.2,23.032,8.4,8.715,5.2,5.395,0.7,0.726,0.6,0.622,1.2,1.245,3.1,3.216,0.822,0.667,1.084,0.351,0.564,0.484,-1.156,-1.328,-0.173,-0.418,-0.604,-0.699,-0.729,-0.762,-0.984,-0.97,-1.42,-1.514,39.1,39.989,1.2,0.669
Anthony Black,G,22.0,ORL,ORL,False,64,29.8,11.0,0.447,0.732,105,207,81,136,-2.614,-3.321,29.7,35.879,15.0,18.121,3.8,4.591,3.7,4.47,1.4,1.691,0.7,0.846,1.6,1.933,2.1,2.537,-0.405,-0.266,-0.917,-0.876,-0.143,0.065,0.927,0.548,0.031,-0.121,-0.199,-0.122,-0.741,-0.84,-0.981,-1.103,-0.184,-0.606,19.3,29.316,-10.4,-6.563
Luke Kornet,C-F,30.0,SAS,SAS,False,68,21.0,24.0,0.643,0.825,106,33,155,92,-2.623,0.261,22.5,38.571,6.5,11.143,6.1,10.457,1.9,3.257,0.5,0.857,1.0,1.714,0.0,0.0,0.4,0.686,-1.854,-1.592,0.083,0.869,-0.991,-0.484,-1.752,-1.073,0.645,1.036,-1.818,-1.742,1.04,1.225,0.107,0.155,1.917,1.868,17.2,34.983,-5.3,-3.588
Sandro Mamukelashvili,F-C,27.0,TOR,LAL,True,80,21.9,27.0,0.523,0.747,107,38,127,66,-2.638,0.068,24.7,40.603,11.2,18.411,4.9,8.055,1.9,3.123,0.8,1.315,0.5,0.822,1.4,2.301,0.8,1.315,-1.053,-0.211,-0.439,0.154,-0.991,-0.544,-0.859,-0.183,-0.377,-0.153,-0.402,0.187,0.422,0.348,-0.361,-0.557,1.422,1.027,23.6,41.647,-1.1,1.044
Kris Dunn,G,32.0,LAC,LAC,False,82,27.2,28.0,0.476,0.765,108,164,149,220,-2.673,-2.601,22.8,30.176,7.3,9.662,3.3,4.368,3.6,4.765,1.6,2.118,0.2,0.265,1.0,1.324,1.4,1.853,-1.718,-1.874,-1.135,-0.942,-0.19,0.199,1.523,1.377,-0.991,-0.895,-0.806,-0.633,-0.022,-0.117,-0.015,-0.024,0.681,0.308,23.6,31.82,0.8,1.644
Ryan Kalkbrenner,C,24.0,CHA,CHA,False,69,21.4,26.0,0.753,0.716,109,64,154,103,-2.68,-0.779,22.6,38.019,7.6,12.785,5.5,9.252,0.8,1.346,0.5,0.841,1.5,2.523,0.0,0.0,0.9,1.514,-1.667,-1.28,-0.178,0.511,-1.51,-1.349,-1.752,-1.104,1.667,2.114,-1.818,-1.742,1.834,2.178,-0.555,-0.867,1.299,0.761,19.5,36.947,-3.1,-1.071
P.J. Washington,F,27.0,DAL,DAL,False,56,31.0,17.0,0.45,0.687,110,249,85,168,-2.788,-4.031,28.9,33.561,14.2,16.49,7.0,8.129,1.8,2.09,1.0,1.161,1.1,1.277,1.4,1.626,1.7,1.974,-0.542,-0.576,0.475,0.177,-1.039,-1.012,-0.263,-0.482,0.849,0.454,-0.402,-0.38,-0.67,-0.742,-1.507,-1.616,0.31,0.146,28.3,32.139,-0.6,-1.422
Jaylon Tyson,G-F,23.0,CLE,CLE,False,66,26.9,16.0,0.493,0.738,111,142,114,151,-2.799,-2.232,25.9,34.662,13.2,17.665,5.1,6.825,2.2,2.944,0.8,1.071,0.4,0.535,2.0,2.677,1.5,2.007,-0.712,-0.353,-0.352,-0.211,-0.85,-0.625,-0.859,-0.658,-0.582,-0.534,0.205,0.501,0.082,-0.09,-0.289,-0.363,0.557,0.101,21.6,32.132,-4.3,-2.529
Herbert Jones,F,27.0,NOP,NOP,False,56,28.4,23.0,0.383,0.806,112,187,144,235,-2.805,-3.042,23.0,29.155,8.9,11.282,3.4,4.31,2.8,3.549,1.6,2.028,0.5,0.634,1.4,1.775,1.3,1.648,-1.445,-1.566,-1.092,-0.959,-0.567,-0.352,1.523,1.203,-0.377,-0.403,-0.402,-0.255,-1.299,-1.344,0.05,0.052,0.804,0.582,22.4,29.007,-0.6,-0.148
Tari Eason,F,25.0,HOU,HOU,False,60,25.8,29.0,0.416,0.776,113,152,136,181,-2.809,-2.317,23.5,32.791,10.5,14.651,6.3,8.791,1.5,2.093,1.2,1.674,0.5,0.698,1.6,2.233,1.4,1.953,-1.173,-0.925,0.17,0.373,-1.18,-1.011,0.332,0.515,-0.377,-0.318,-0.199,0.129,-1.113,-1.31,0.05,0.057,0.681,0.174,20.4,27.924,-3.1,-4.867
Kyle Filipowski,C,22.0,UTA,UTA,False,77,23.4,22.0,0.492,0.75,114,93,107,64,-2.815,-1.457,26.4,40.615,11.4,17.538,7.2,11.077,2.6,4.0,0.9,1.385,0.5,0.769,1.0,1.538,1.6,2.462,-1.019,-0.377,0.562,1.053,-0.662,-0.147,-0.561,-0.048,-0.377,-0.223,-0.806,-0.453,0.121,-0.027,-0.506,-0.73,0.434,-0.506,36.2,48.992,9.8,8.377
Mitchell Robinson,C-F,28.0,NYK,BOS,True,60,19.6,21.0,0.723,0.408,115,69,134,34,-2.845,-0.872,23.9,43.898,5.7,10.469,8.8,16.163,0.9,1.653,0.9,1.653,1.2,2.204,0.0,0.0,0.7,1.286,-1.991,-1.72,1.258,2.566,-1.463,-1.21,-0.561,0.474,1.053,1.688,-1.818,-1.742,1.342,1.733,-2.212,-3.726,1.546,1.066,26.0,48.0,2.1,4.102
Bobby Portis Jr.,F,31.0,MIL,MIA,True,67,24.2,16.0,0.488,0.706,116,73,112,89,-2.851,-1.005,26.0,38.678,13.7,20.38,6.4,9.521,1.6,2.38,0.6,0.893,0.2,0.298,2.0,2.975,1.0,1.488,-0.627,0.163,0.214,0.59,-1.133,-0.881,-1.454,-1.004,-0.991,-0.851,0.205,0.751,0.105,-0.093,-0.346,-0.477,1.175,0.796,28.0,42.532,2.0,3.854
Cameron Johnson,F,30.0,DEN,DEN,False,54,30.5,23.0,0.48,0.839,117,182,128,236,-2.864,-2.904,24.6,29.036,12.2,14.4,3.8,4.485,2.4,2.833,0.7,0.826,0.4,0.472,2.0,2.361,0.9,1.062,-0.883,-0.973,-0.917,-0.907,-0.756,-0.676,-1.156,-1.133,-0.582,-0.618,0.205,0.236,-0.109,-0.224,0.035,0.027,1.299,1.365,28.5,33.529,3.9,4.493
Justin Champagnie,G-F,25.0,WAS,WAS,False,69,20.0,19.0,0.502,0.784,118,32,163,80,-2.918,0.321,21.9,39.42,8.7,15.66,5.6,10.08,1.2,2.16,0.9,1.62,0.6,1.08,0.8,1.44,0.7,1.26,-1.479,-0.734,-0.134,0.757,-1.321,-0.981,-0.561,0.41,-0.173,0.191,-1.008,-0.535,0.236,0.162,-0.022,-0.049,1.546,1.1,25.3,41.972,3.4,2.552
Derrick Jones Jr.,F,29.0,LAC,LAC,False,50,27.0,28.0,0.499,0.763,119,165,144,213,-2.962,-2.631,23.0,30.667,10.1,13.467,3.5,4.667,1.4,1.867,0.9,1.2,1.0,1.333,1.1,1.467,0.8,1.067,-1.241,-1.151,-1.048,-0.853,-1.227,-1.113,-0.561,-0.407,0.645,0.529,-0.705,-0.513,0.178,0.048,-0.426,-0.53,1.422,1.359,23.0,28.85,0.0,-1.816
Jerami Grant,F,32.0,POR,MEM,True,57,29.7,17.0,0.453,0.814,120,184,98,173,-2.973,-2.952,27.5,33.333,18.6,22.545,3.5,4.242,2.1,2.545,0.7,0.848,0.6,0.727,2.4,2.909,2.1,2.545,0.208,0.575,-1.048,-0.979,-0.897,-0.806,-1.156,-1.09,-0.173,-0.279,0.61,0.696,-0.646,-0.769,0.314,0.318,-0.184,-0.618,28.0,32.308,0.5,-1.026
Shaedon Sharpe,G,23.0,POR,POR,False,50,29.4,2.0,0.452,0.787,121,209,78,120,-3.048,-3.438,30.0,36.735,20.8,25.469,4.3,5.265,2.6,3.184,1.4,1.714,0.1,0.122,2.1,2.571,2.9,3.551,0.583,1.131,-0.7,-0.675,-0.662,-0.517,0.927,0.593,-1.195,-1.084,0.306,0.413,-1.011,-1.175,-0.125,-0.16,-1.173,-1.962,14.5,32.422,-15.5,-4.312
Cedric Coward,G,22.0,MEM,MEM,False,62,25.8,14.0,0.471,0.843,122,126,110,125,-3.123,-2.048,26.1,36.419,13.6,18.977,5.9,8.233,2.8,3.907,0.6,0.837,0.4,0.558,1.5,2.093,1.7,2.372,-0.644,-0.103,-0.004,0.207,-0.567,-0.19,-1.454,-1.112,-0.582,-0.504,-0.301,0.012,-0.306,-0.496,0.423,0.523,0.31,-0.386,27.2,40.971,1.1,4.552
Naji Marshall,F,28.0,DAL,DAL,False,74,29.5,21.0,0.51,0.76,123,205,94,157,-3.125,-3.298,28.2,34.414,15.2,18.549,4.7,5.736,3.3,4.027,1.1,1.342,0.1,0.122,0.8,0.976,1.6,1.953,-0.371,-0.185,-0.526,-0.535,-0.332,-0.135,0.034,-0.13,-1.195,-1.085,-1.008,-0.924,0.497,0.277,-0.658,-0.755,0.434,0.175,27.3,33.543,-0.9,-0.871
Maxime Raynaud,C,23.0,SAC,SAC,False,74,26.5,26.0,0.571,0.786,124,169,120,158,-3.133,-2.668,25.3,34.37,12.5,16.981,7.5,10.189,1.4,1.902,0.5,0.679,0.5,0.679,0.3,0.408,1.3,1.766,-0.832,-0.483,0.692,0.789,-1.227,-1.097,-1.752,-1.419,-0.377,-0.343,-1.514,-1.401,1.239,1.082,-0.167,-0.221,0.804,0.424,33.3,37.23,8.0,2.86
Sam Merrill,G,30.0,CLE,CLE,False,52,26.5,21.0,0.461,0.855,125,95,137,188,-3.14,-1.57,23.5,31.925,12.8,17.389,2.6,3.532,2.4,3.26,0.6,0.815,0.1,0.136,3.0,4.075,0.8,1.087,-0.781,-0.405,-1.44,-1.19,-0.756,-0.482,-1.454,-1.155,-1.195,-1.066,1.217,1.673,-0.334,-0.491,0.179,0.215,1.422,1.332,22.3,28.468,-1.2,-3.456
Nic Claxton,C,27.0,BKN,CHI,True,69,27.8,19.0,0.571,0.616,126,218,75,83,-3.15,-3.545,30.3,39.237,11.7,15.151,6.9,8.935,3.7,4.791,0.7,0.906,1.1,1.424,0.0,0.0,1.4,1.813,-0.968,-0.83,0.431,0.416,-0.143,0.211,-1.156,-0.977,0.849,0.65,-1.818,-1.742,1.144,0.952,-2.169,-2.586,0.681,0.361,23.0,34.5,-7.3,-4.737
Bennedict Mathurin,G-F,24.0,LAC,NOP,True,54,30.0,24.0,0.43,0.869,127,197,109,192,-3.181,-3.19,26.3,31.56,17.6,21.12,5.4,6.48,2.4,2.88,0.8,0.96,0.2,0.24,1.4,1.68,2.2,2.64,0.038,0.304,-0.221,-0.314,-0.756,-0.655,-0.859,-0.873,-0.991,-0.928,-0.402,-0.334,-1.047,-1.11,1.365,1.464,-0.308,-0.744,26.4,33.943,0.1,2.383
Davion Mitchell,G,27.0,MIA,MIA,False,70,28.6,24.0,0.49,0.646,128,180,97,150,-3.187,-2.862,27.6,34.741,9.3,11.706,2.7,3.399,6.5,8.182,1.0,1.259,0.2,0.252,1.3,1.636,1.5,1.888,-1.377,-1.485,-1.396,-1.23,1.176,1.746,-0.263,-0.293,-0.991,-0.912,-0.503,-0.371,0.021,-0.1,-0.411,-0.478,0.557,0.261,26.3,33.814,-1.3,-0.927
Dillon Brooks,G-F,30.0,PHX,PHX,False,56,30.4,7.0,0.435,0.842,129,195,95,176,-3.19,-3.152,28.0,33.158,20.2,23.921,3.6,4.263,1.8,2.132,1.0,1.184,0.2,0.237,2.3,2.724,1.8,2.132,0.481,0.836,-1.004,-0.973,-1.039,-0.993,-0.263,-0.437,-0.991,-0.932,0.509,0.54,-1.413,-1.482,0.344,0.353,0.187,-0.065,17.7,24.988,-10.3,-8.17
Stephon Castle,G,21.0,SAS,SAS,False,68,30.0,24.0,0.471,0.734,130,235,48,52,-3.214,-3.864,35.1,42.12,16.7,20.04,5.3,6.36,7.4,8.88,1.1,1.32,0.3,0.36,1.2,1.44,3.2,3.84,-0.116,0.099,-0.265,-0.35,1.6,2.062,0.034,-0.174,-0.786,-0.768,-0.604,-0.535,-0.192,-0.348,-1.343,-1.502,-1.544,-2.348,37.0,45.0,1.9,2.88
Quentin Grimes,G,26.0,PHI,LAL,True,75,29.4,27.0,0.45,0.84,131,202,119,205,-3.283,-3.275,25.3,30.98,13.4,16.408,3.6,4.408,3.3,4.041,0.9,1.102,0.4,0.49,1.7,2.082,1.8,2.204,-0.678,-0.592,-1.004,-0.93,-0.332,-0.129,-0.561,-0.597,-0.582,-0.595,-0.098,0.002,-0.631,-0.721,0.416,0.448,0.187,-0.161,24.2,30.462,-1.1,-0.518
Collin Sexton,G,27.0,CHI,LAL,True,68,23.7,23.0,0.485,0.855,132,91,117,87,-3.291,-1.429,25.6,38.886,15.4,23.392,2.3,3.494,3.3,5.013,1.1,1.671,0.1,0.152,1.6,2.43,2.1,3.19,-0.337,0.736,-1.57,-1.202,-0.332,0.311,0.034,0.508,-1.195,-1.045,-0.199,0.295,0.019,-0.185,0.473,0.631,-0.184,-1.479,29.9,42.378,4.3,3.492
Jalen Smith,F-C,26.0,CHI,CHI,False,53,20.7,10.0,0.483,0.742,133,59,140,67,-3.312,-0.599,23.3,40.522,10.2,17.739,6.7,11.652,1.2,2.087,0.5,0.87,0.8,1.391,1.5,2.609,1.0,1.739,-1.224,-0.339,0.344,1.224,-1.321,-1.014,-1.752,-1.049,0.236,0.606,-0.301,0.444,0.021,-0.138,-0.491,-0.794,1.175,0.46,21.9,34.731,-1.4,-5.79
Duncan Robinson,F,32.0,DET,DET,False,77,27.4,26.0,0.456,0.755,134,141,146,219,-3.338,-2.223,23.0,30.219,12.2,16.029,2.7,3.547,2.1,2.759,0.6,0.788,0.3,0.394,2.9,3.81,0.7,0.92,-0.883,-0.664,-1.396,-1.186,-0.897,-0.709,-1.454,-1.207,-0.786,-0.722,1.115,1.451,-0.496,-0.628,-0.087,-0.113,1.546,1.555,22.8,31.569,-0.2,1.35
RJ Barrett,F-G,26.0,TOR,TOR,False,57,30.3,26.0,0.491,0.717,135,213,66,106,-3.365,-3.505,31.8,37.782,19.3,22.931,5.3,6.297,3.3,3.921,0.7,0.832,0.3,0.356,1.7,2.02,1.7,2.02,0.327,0.648,-0.265,-0.368,-0.332,-0.183,-1.156,-1.123,-0.786,-0.773,-0.098,-0.049,0.099,-0.125,-1.465,-1.616,0.31,0.085,32.7,37.731,0.9,-0.051
Jaime Jaquez Jr.,G,25.0,MIA,MIL,True,75,28.3,24.0,0.507,0.769,136,194,76,97,-3.413,-3.148,30.1,38.29,15.4,19.59,5.0,6.36,4.7,5.979,0.7,0.89,0.3,0.382,0.8,1.018,2.0,2.544,-0.337,0.013,-0.395,-0.349,0.328,0.749,-1.156,-1.008,-0.786,-0.739,-1.008,-0.889,0.444,0.222,-0.441,-0.529,-0.061,-0.616,29.6,39.467,-0.5,1.177
Ziaire Williams,F,24.0,BKN,LAL,True,56,22.9,18.0,0.425,0.85,137,104,182,203,-3.415,-1.66,19.8,31.127,10.2,16.035,2.4,3.773,1.1,1.729,1.4,2.201,0.4,0.629,1.5,2.358,1.1,1.729,-1.224,-0.662,-1.527,-1.119,-1.368,-1.176,0.927,1.539,-0.582,-0.41,-0.301,0.234,-0.687,-0.944,0.294,0.405,1.052,0.473,21.3,33.78,1.5,2.653
Russell Westbrook,,37.0,SAC,,False,64,28.9,12.0,0.427,0.694,138,244,60,65,-3.44,-3.968,32.6,40.609,15.2,18.934,5.4,6.727,6.7,8.346,1.3,1.619,0.2,0.249,2.0,2.491,3.3,4.111,-0.371,-0.111,-0.221,-0.241,1.271,1.82,0.63,0.408,-0.991,-0.915,0.205,0.346,-1.191,-1.294,-1.103,-1.272,-1.667,-2.71,32.3,42.13,-0.3,1.521
Isaiah Joe,G,26.0,OKC,DET,True,71,21.2,24.0,0.455,0.894,139,37,175,156,-3.45,0.088,20.3,34.472,11.1,18.849,2.5,4.245,1.3,2.208,0.7,1.189,0.2,0.34,2.5,4.245,0.6,1.019,-1.07,-0.128,-1.483,-0.978,-1.274,-0.959,-1.156,-0.429,-0.991,-0.795,0.711,1.816,-0.295,-0.529,0.438,0.667,1.67,1.423,22.0,37.009,1.7,2.538
Isaiah Stewart,F-C,25.0,DET,MEM,True,58,22.7,10.0,0.55,0.756,140,125,141,119,-3.463,-2.043,23.2,36.793,10.0,15.859,5.0,7.93,1.1,1.744,0.3,0.476,1.6,2.537,0.7,1.11,1.2,1.903,-1.258,-0.696,-0.395,0.117,-1.368,-1.169,-2.347,-1.815,1.871,2.132,-1.11,-0.812,0.714,0.696,-0.498,-0.738,0.928,0.241,21.3,38.149,-1.9,1.356
Collin Murray-Boyles,F,21.0,TOR,TOR,False,57,21.9,14.0,0.579,0.657,141,116,143,104,-3.519,-1.927,23.1,37.973,8.5,13.973,5.0,8.219,1.9,3.123,0.9,1.479,0.9,1.479,0.3,0.493,1.0,1.644,-1.513,-1.054,-0.395,0.203,-0.991,-0.544,-0.561,0.136,0.44,0.723,-1.514,-1.329,0.93,1.0,-1.088,-1.649,1.175,0.587,25.6,44.096,2.5,6.123
T.J. McConnell,G,34.0,IND,IND,False,56,17.2,16.0,0.538,0.862,142,11,121,8,-3.52,1.952,25.2,52.744,9.4,19.674,2.2,4.605,5.1,10.674,1.0,2.093,0.2,0.419,0.3,0.628,1.1,2.302,-1.36,0.029,-1.614,-0.872,0.517,2.875,-0.263,1.329,-0.991,-0.69,-1.514,-1.216,0.661,0.808,-0.007,-0.019,1.052,-0.293,25.0,50.847,-0.2,-1.897
Kevin Huerter,G-F,27.0,DET,DET,False,69,22.5,21.0,0.451,0.775,143,88,152,129,-3.576,-1.366,22.7,36.32,10.0,16.0,3.5,5.6,2.6,4.16,0.9,1.44,0.5,0.8,1.4,2.24,1.0,1.6,-1.258,-0.669,-1.048,-0.576,-0.662,-0.075,-0.561,0.06,-0.377,-0.182,-0.402,0.135,-0.429,-0.676,-0.015,-0.029,1.175,0.646,22.6,36.814,-0.1,0.494
Ace Bailey,F,19.0,UTA,UTA,False,72,27.6,23.0,0.443,0.75,144,203,124,184,-3.588,-3.28,24.8,32.348,13.8,18.0,4.2,5.478,1.8,2.348,0.8,1.043,0.7,0.913,1.9,2.478,1.5,1.957,-0.61,-0.289,-0.743,-0.612,-1.039,-0.896,-0.859,-0.711,0.031,-0.031,0.104,0.335,-0.813,-0.981,-0.217,-0.265,0.557,0.169,31.6,37.545,6.8,5.197
Marcus Smart,G,32.0,LAL,HOU,True,62,28.5,18.0,0.395,0.822,145,228,164,261,-3.625,-3.751,21.8,27.537,9.3,11.747,2.8,3.537,3.0,3.789,1.4,1.768,0.4,0.505,1.6,2.021,1.5,1.895,-1.377,-1.477,-1.353,-1.189,-0.473,-0.243,0.927,0.698,-0.582,-0.574,-0.199,-0.048,-1.16,-1.198,0.035,0.029,0.557,0.252,22.9,28.625,1.1,1.088
Max Christie,G,23.0,DAL,DAL,False,77,29.1,27.0,0.441,0.899,146,200,158,264,-3.652,-3.264,22.2,27.464,12.3,15.216,3.2,3.959,2.0,2.474,0.6,0.742,0.4,0.495,2.3,2.845,1.2,1.485,-0.866,-0.818,-1.179,-1.064,-0.944,-0.838,-1.454,-1.297,-0.582,-0.588,0.509,0.642,-0.568,-0.661,0.503,0.559,0.928,0.8,16.8,21.447,-5.4,-6.017
Precious Achiuwa,F,26.0,SAC,SAC,False,73,23.9,25.0,0.528,0.554,147,178,131,124,-3.679,-2.833,24.2,36.452,10.1,15.213,6.7,10.092,1.4,2.109,0.9,1.356,0.7,1.054,0.4,0.603,0.9,1.356,-1.241,-0.819,0.344,0.76,-1.227,-1.004,-0.561,-0.104,0.031,0.157,-1.413,-1.237,0.508,0.408,-1.42,-1.967,1.299,0.973,34.6,40.311,10.4,3.859
Jake LaRavia,F,24.0,LAL,LAL,False,82,25.1,28.0,0.459,0.763,148,191,170,226,-3.685,-3.096,20.7,29.689,8.2,11.761,4.0,5.737,1.8,2.582,1.3,1.865,0.5,0.717,1.0,1.434,1.1,1.578,-1.565,-1.475,-0.83,-0.535,-1.039,-0.79,0.63,0.885,-0.377,-0.292,-0.806,-0.54,-0.323,-0.455,-0.426,-0.57,1.052,0.676,16.8,27.743,-3.9,-1.946
Tristan da Silva,F,25.0,ORL,ORL,False,77,24.7,29.0,0.45,0.884,149,143,174,225,-3.69,-2.236,20.4,29.733,9.9,14.429,3.7,5.393,1.6,2.332,0.9,1.312,0.3,0.437,1.6,2.332,0.9,1.312,-1.275,-0.968,-0.961,-0.637,-1.133,-0.903,-0.561,-0.19,-0.786,-0.665,-0.199,0.212,-0.52,-0.704,0.446,0.586,1.299,1.031,25.6,32.337,5.2,2.604
Keldon Johnson,F-G,26.0,SAS,SAS,False,82,23.3,28.0,0.519,0.794,150,101,138,132,-3.752,-1.634,23.4,36.155,13.2,20.395,5.4,8.343,1.4,2.163,0.6,0.927,0.1,0.155,1.2,1.854,0.9,1.391,-0.712,0.166,-0.221,0.24,-1.227,-0.979,-1.454,-0.937,-1.195,-1.042,-0.604,-0.188,0.464,0.34,-0.102,-0.161,1.299,0.926,20.4,33.081,-3.0,-3.073
Day'Ron Sharpe,C,24.0,BKN,BKN,False,62,18.7,11.0,0.601,0.678,151,82,141,31,-3.764,-1.234,23.2,44.663,8.7,16.749,6.7,12.898,2.3,4.428,1.1,2.118,0.4,0.77,0.1,0.193,1.7,3.273,-1.479,-0.527,0.344,1.595,-0.803,0.046,0.034,1.377,-0.582,-0.222,-1.716,-1.581,1.159,1.503,-1.031,-1.835,0.31,-1.59,23.4,42.98,0.2,-1.684
Paul Reed,F,27.0,DET,DET,False,65,13.9,27.0,0.617,0.664,152,8,167,6,-3.822,2.56,20.9,54.129,7.8,20.201,4.5,11.655,1.2,3.108,0.9,2.331,0.9,2.331,0.2,0.518,0.9,2.331,-1.633,0.129,-0.613,1.225,-1.321,-0.551,-0.561,1.791,0.44,1.857,-1.615,-1.308,1.069,1.865,-0.887,-2.118,1.299,-0.331,25.2,58.909,4.3,4.78
Dylan Harper,G,20.0,SAS,SAS,False,69,22.6,26.0,0.505,0.756,153,106,122,74,-3.885,-1.697,25.2,40.142,11.8,18.796,3.4,5.416,3.9,6.212,0.8,1.274,0.3,0.478,0.9,1.434,1.4,2.23,-0.951,-0.138,-1.092,-0.63,-0.049,0.854,-0.859,-0.262,-0.786,-0.611,-0.907,-0.541,0.302,0.165,-0.224,-0.338,0.681,-0.196,28.2,42.3,3.0,2.158
Javonte Green,G,32.0,DET,DET,False,82,17.6,29.0,0.447,0.84,154,29,230,160,-3.951,0.426,16.6,33.955,6.9,14.114,2.8,5.727,0.7,1.432,1.2,2.455,0.3,0.614,1.1,2.25,0.5,1.023,-1.786,-1.028,-1.353,-0.538,-1.557,-1.31,0.332,2.032,-0.786,-0.43,-0.705,0.143,-0.198,-0.425,0.309,0.564,1.793,1.418,16.5,36.894,-0.1,2.94
Goga Bitadze,C-F,26.0,ORL,ORL,False,64,15.2,22.0,0.676,0.711,155,14,186,25,-3.953,1.461,19.4,45.947,5.9,13.974,5.0,11.842,1.3,3.079,0.6,1.421,1.0,2.368,0.0,0.0,0.7,1.658,-1.957,-1.054,-0.395,1.281,-1.274,-0.564,-1.454,0.023,0.645,1.907,-1.818,-1.742,1.108,1.824,-0.354,-0.781,1.546,0.569,15.6,41.294,-3.8,-4.653
Draymond Green,F-C,36.0,GSW,GSW,False,68,27.5,22.0,0.418,0.702,156,257,118,171,-3.958,-4.236,25.5,33.382,8.4,10.996,5.5,7.2,5.5,7.2,0.9,1.178,0.6,0.785,1.5,1.964,2.7,3.535,-1.531,-1.62,-0.178,-0.1,0.705,1.301,-0.561,-0.449,-0.173,-0.201,-0.301,-0.097,-0.777,-0.865,-0.217,-0.266,-0.926,-1.94,26.8,33.155,1.3,-0.227
Tim Hardaway Jr.,G,34.0,DEN,MIA,True,80,26.6,26.0,0.447,0.811,157,159,165,233,-3.986,-2.414,21.7,29.368,13.5,18.271,2.6,3.519,1.4,1.895,0.5,0.677,0.1,0.135,2.8,3.789,0.5,0.677,-0.661,-0.238,-1.44,-1.194,-1.227,-1.101,-1.752,-1.424,-1.195,-1.067,1.014,1.434,-0.482,-0.643,-0.037,-0.061,1.793,1.88,19.3,28.244,-2.4,-1.125
Marvin Bagley III,F,27.0,DAL,DEN,True,60,20.0,19.0,0.618,0.66,158,90,139,53,-4.025,-1.428,23.3,41.94,10.5,18.9,6.1,10.98,1.4,2.52,0.5,0.9,0.7,1.26,0.4,0.72,1.0,1.8,-1.173,-0.118,0.083,1.024,-1.227,-0.818,-1.752,-0.99,0.031,0.431,-1.413,-1.139,1.345,1.624,-1.096,-1.822,1.175,0.379,24.2,41.289,0.9,-0.651
Jeremiah Fears,G,19.0,NOP,NOP,False,82,25.8,26.0,0.434,0.789,159,210,116,137,-4.029,-3.448,25.7,35.86,14.3,19.953,3.7,5.163,3.4,4.744,1.2,1.674,0.4,0.558,1.2,1.674,2.2,3.07,-0.525,0.082,-0.961,-0.706,-0.285,0.19,0.332,0.515,-0.582,-0.504,-0.604,-0.339,-1.052,-1.293,-0.045,-0.076,-0.308,-1.319,29.5,40.69,3.8,4.829
Brook Lopez,C,38.0,LAC,LAC,False,75,21.8,28.0,0.428,0.757,160,123,173,162,-4.037,-2.0,20.5,33.853,8.5,14.037,3.6,5.945,1.3,2.147,0.6,0.991,1.2,1.982,1.5,2.477,0.8,1.321,-1.513,-1.042,-1.004,-0.473,-1.274,-0.987,-1.454,-0.813,1.053,1.392,-0.301,0.334,-0.62,-0.9,-0.346,-0.53,1.422,1.019,27.2,36.0,6.7,2.147
Dominick Barlow,F,23.0,PHI,PHI,False,71,23.8,28.0,0.539,0.718,161,193,180,222,-4.119,-3.139,19.9,30.101,7.7,11.647,4.8,7.261,1.2,1.815,0.9,1.361,0.7,1.059,0.3,0.454,0.8,1.21,-1.65,-1.496,-0.482,-0.082,-1.321,-1.137,-0.561,-0.093,0.031,0.163,-1.514,-1.362,0.447,0.391,-0.491,-0.69,1.422,1.167,18.6,28.494,-1.3,-1.607
Anfernee Simons,G,27.0,CHI,PHI,True,55,24.9,2.0,0.44,0.896,162,131,150,178,-4.121,-2.068,22.8,32.964,14.3,20.675,2.5,3.614,2.4,3.47,0.5,0.723,0.1,0.145,2.7,3.904,1.2,1.735,-0.525,0.219,-1.483,-1.166,-0.756,-0.387,-1.752,-1.334,-1.195,-1.055,0.913,1.529,-0.827,-1.091,0.575,0.751,0.928,0.466,10.5,17.182,-12.3,-15.782
Gary Payton II,G,33.0,GSW,GSW,False,73,15.6,23.0,0.583,0.65,163,15,192,35,-4.174,1.387,19.0,43.846,7.5,17.308,3.6,8.308,1.7,3.923,0.9,2.077,0.3,0.692,0.5,1.154,0.8,1.846,-1.684,-0.421,-1.004,0.23,-1.086,-0.182,-0.561,1.298,-0.786,-0.325,-1.312,-0.775,0.844,1.266,-0.007,-0.021,1.422,0.317,29.3,49.755,10.3,5.909
Isaiah Collier,G,21.0,UTA,UTA,False,59,25.7,11.0,0.495,0.722,164,224,87,70,-4.277,-3.63,28.7,40.202,11.7,16.389,2.5,3.502,7.2,10.086,1.1,1.541,0.3,0.42,0.5,0.7,2.5,3.502,-0.968,-0.595,-1.483,-1.199,1.506,2.608,0.034,0.256,-0.786,-0.688,-1.312,-1.155,0.125,-0.023,-0.715,-0.937,-0.679,-1.896,33.6,45.645,4.9,5.443
Jaylin Williams,F,24.0,OKC,OKC,False,65,19.7,24.0,0.423,0.793,165,83,176,114,-4.31,-1.244,20.3,37.096,7.2,13.157,5.5,10.051,2.4,4.386,0.5,0.914,0.6,1.096,1.5,2.741,1.0,1.827,-1.735,-1.209,-0.178,0.748,-0.756,0.027,-1.752,-0.963,-0.173,0.213,-0.301,0.555,-0.504,-0.8,-0.087,-0.157,1.175,0.342,23.3,41.525,3.0,4.428
Noah Clowney,F-C,21.0,BKN,BKN,False,66,27.0,19.0,0.396,0.804,166,242,162,234,-4.319,-3.914,21.9,29.2,12.3,16.4,4.1,5.467,1.6,2.133,0.8,1.067,0.7,0.933,2.0,2.667,1.5,2.0,-0.866,-0.593,-0.787,-0.615,-1.133,-0.993,-0.859,-0.666,0.031,-0.004,0.205,0.493,-1.352,-1.484,-0.117,-0.163,0.557,0.111,19.1,29.385,-2.8,0.185
Brice Sensabaugh,F,22.0,UTA,UTA,False,75,23.5,22.0,0.46,0.826,167,161,147,145,-4.336,-2.465,22.9,35.081,14.9,22.826,3.1,4.749,1.9,2.911,0.7,1.072,0.2,0.306,2.2,3.37,1.7,2.604,-0.423,0.628,-1.222,-0.829,-0.991,-0.641,-1.156,-0.655,-0.991,-0.839,0.407,1.082,-0.363,-0.627,0.092,0.111,0.31,-0.696,30.0,39.56,7.1,4.48
Andre Drummond,C,32.0,PHI,NYK,True,63,19.5,23.0,0.472,0.631,168,133,170,99,-4.343,-2.142,20.7,38.215,6.4,11.815,8.4,15.508,1.3,2.4,0.6,1.108,0.8,1.477,0.5,0.923,1.0,1.846,-1.871,-1.464,1.084,2.371,-1.274,-0.872,-1.454,-0.586,0.236,0.72,-1.312,-0.969,-0.112,-0.274,-0.814,-1.385,1.175,0.317,20.5,38.639,-0.2,0.423
Sam Hauser,F,28.0,BOS,BOS,False,78,24.8,27.0,0.419,0.85,169,168,185,250,-4.383,-2.657,19.5,28.306,9.2,13.355,3.8,5.516,1.5,2.177,0.5,0.726,0.3,0.435,2.5,3.629,0.4,0.581,-1.394,-1.172,-0.917,-0.6,-1.18,-0.973,-1.752,-1.328,-0.786,-0.667,0.711,1.299,-0.845,-1.04,-0.137,-0.184,1.917,2.008,19.4,26.656,-0.1,-1.65
GG Jackson,F,21.0,MEM,MEM,False,55,21.4,22.0,0.496,0.742,170,158,151,95,-4.407,-2.41,22.8,38.355,12.5,21.028,4.3,7.234,1.5,2.523,0.6,1.009,0.8,1.346,1.2,2.019,1.5,2.523,-0.832,0.287,-0.7,-0.09,-1.18,-0.816,-1.454,-0.777,0.236,0.545,-0.604,-0.05,0.139,-0.023,-0.57,-0.897,0.557,-0.588,28.1,39.671,5.3,1.315
Dean Wade,F-C,29.0,CLE,PHI,True,59,22.3,16.0,0.439,0.711,171,149,217,255,-4.425,-2.28,17.4,28.09,5.8,9.363,4.2,6.78,1.5,2.422,0.7,1.13,0.4,0.646,1.2,1.937,0.3,0.484,-1.974,-1.931,-0.743,-0.225,-1.18,-0.862,-1.156,-0.543,-0.582,-0.387,-0.604,-0.119,-0.284,-0.431,0.057,0.08,2.04,2.137,17.6,30.028,0.2,1.939
Keon Ellis,G,26.0,CLE,BKN,True,72,20.5,25.0,0.44,0.729,172,129,226,227,-4.428,-2.057,16.9,29.678,6.7,11.766,1.9,3.337,1.0,1.756,1.2,2.107,0.6,1.054,1.3,2.283,0.6,1.054,-1.82,-1.474,-1.744,-1.249,-1.416,-1.163,0.332,1.357,-0.173,0.156,-0.503,0.171,-0.428,-0.668,-0.346,-0.563,1.67,1.376,22.7,32.047,5.8,2.369
Dru Smith,G,28.0,MIA,MIA,False,70,16.3,15.0,0.415,0.829,173,35,210,77,-4.446,0.16,17.9,39.534,5.6,12.368,2.5,5.521,2.6,5.742,1.4,3.092,0.3,0.663,0.5,1.104,0.8,1.767,-2.008,-1.359,-1.483,-0.599,-0.662,0.641,0.927,3.271,-0.786,-0.365,-1.312,-0.817,-0.523,-0.975,-0.022,-0.06,1.422,0.423,14.7,41.023,-3.2,1.49
Kyle Kuzma,F,30.0,MIL,MIL,False,69,26.2,19.0,0.492,0.726,174,240,130,174,-4.499,-3.905,24.2,33.252,13.0,17.863,4.5,6.183,2.7,3.71,0.7,0.962,0.4,0.55,1.2,1.649,1.7,2.336,-0.746,-0.315,-0.613,-0.402,-0.614,-0.279,-1.156,-0.87,-0.582,-0.515,-0.604,-0.36,0.077,-0.094,-0.57,-0.733,0.31,-0.338,25.1,37.033,0.9,3.781
Alex Caruso,G,32.0,OKC,OKC,False,56,18.2,19.0,0.423,0.804,175,79,215,154,-4.551,-1.201,17.5,34.615,6.2,12.264,2.8,5.538,2.0,3.956,1.3,2.571,0.3,0.593,0.9,1.78,0.9,1.78,-1.906,-1.379,-1.353,-0.594,-0.944,-0.167,0.63,2.259,-0.786,-0.457,-0.907,-0.25,-0.504,-0.866,-0.08,-0.152,1.299,0.405,15.6,31.2,-1.9,-3.415
Luke Kennard,G,30.0,LAL,PHX,True,78,21.5,28.0,0.533,0.913,176,113,203,211,-4.558,-1.837,18.4,30.809,8.4,14.065,2.3,3.851,2.2,3.684,0.7,1.172,0.1,0.167,1.5,2.512,0.8,1.34,-1.531,-1.037,-1.57,-1.096,-0.85,-0.291,-1.156,-0.461,-1.195,-1.024,-0.301,0.363,0.37,0.337,0.252,0.378,1.422,0.994,19.1,30.026,0.7,-0.783
Rui Hachimura,F,28.0,LAL,LAC,True,68,28.3,24.0,0.514,0.694,177,254,176,281,-4.564,-4.098,20.3,25.823,11.5,14.629,3.3,4.198,0.8,1.018,0.6,0.763,0.3,0.382,1.7,2.163,0.6,0.763,-1.002,-0.93,-1.135,-0.992,-1.51,-1.498,-1.454,-1.256,-0.786,-0.739,-0.098,0.07,0.364,0.201,-0.613,-0.718,1.67,1.764,19.2,27.106,-1.1,1.283
Zaccharie Risacher,F,21.0,ATL,DAL,True,67,22.4,25.0,0.455,0.644,178,181,184,193,-4.579,-2.873,19.6,31.5,9.6,15.429,3.8,6.107,1.1,1.768,0.9,1.446,0.5,0.804,1.4,2.25,0.9,1.446,-1.326,-0.778,-0.917,-0.425,-1.368,-1.158,-0.561,0.072,-0.377,-0.177,-0.402,0.143,-0.443,-0.684,-0.483,-0.719,1.299,0.851,18.7,34.701,-0.9,3.201
Malik Monk,G,28.0,SAC,SAC,False,62,22.0,19.0,0.438,0.879,179,122,161,133,-4.591,-1.991,22.0,36.0,12.5,20.455,1.9,3.109,3.0,4.909,0.6,0.982,0.4,0.655,2.0,3.273,1.5,2.455,-0.832,0.178,-1.744,-1.316,-0.473,0.264,-1.454,-0.831,-0.582,-0.376,0.205,1.001,-0.707,-1.058,0.438,0.643,0.557,-0.496,23.1,38.5,1.1,2.5
AJ Green,G,26.0,MIL,MIL,False,78,29.1,29.0,0.424,0.855,180,251,191,295,-4.627,-4.062,19.1,23.629,10.4,12.866,2.7,3.34,1.9,2.351,0.5,0.619,0.1,0.124,3.0,3.711,1.0,1.237,-1.19,-1.265,-1.396,-1.248,-0.991,-0.894,-1.752,-1.537,-1.195,-1.083,1.217,1.368,-0.682,-0.742,0.187,0.207,1.175,1.131,17.1,22.632,-2.0,-0.997
Jock Landale,C,30.0,ATL,ATL,False,68,22.1,19.0,0.515,0.635,181,177,157,123,-4.687,-2.823,22.4,36.489,10.6,17.267,5.7,9.285,1.7,2.769,0.5,0.814,0.5,0.814,1.1,1.792,0.9,1.466,-1.156,-0.428,-0.091,0.52,-1.086,-0.705,-1.752,-1.156,-0.377,-0.162,-0.705,-0.24,0.269,0.157,-1.088,-1.634,1.299,0.825,18.5,35.238,-3.9,-1.251
Ja'Kobe Walter,G,21.0,TOR,TOR,False,72,20.5,27.0,0.446,0.789,182,117,225,228,-4.7,-1.941,16.9,29.678,7.5,13.171,2.6,4.566,1.2,2.107,1.0,1.756,0.2,0.351,1.5,2.634,0.5,0.878,-1.684,-1.207,-1.44,-0.883,-1.321,-1.004,-0.263,0.674,-0.991,-0.78,-0.301,0.465,-0.342,-0.564,-0.152,-0.254,1.793,1.611,22.1,33.15,5.2,3.472
Jamir Watkins,F,24.0,WAS,WAS,False,50,20.6,23.0,0.446,0.695,183,167,201,186,-4.711,-2.653,18.4,32.155,7.4,12.932,3.9,6.816,1.3,2.272,1.1,1.922,0.5,0.874,0.9,1.573,0.8,1.398,-1.701,-1.252,-0.874,-0.214,-1.274,-0.93,0.034,0.997,-0.377,-0.083,-0.907,-0.424,-0.414,-0.66,-0.62,-1.003,1.422,0.916,24.6,37.685,6.2,5.53
Pelle Larsson,G,25.0,MIA,MIA,False,70,26.4,25.0,0.496,0.797,184,237,153,208,-4.719,-3.879,22.7,30.955,11.4,15.545,3.5,4.773,3.4,4.636,0.7,0.955,0.2,0.273,0.9,1.227,1.4,1.909,-1.019,-0.756,-1.048,-0.822,-0.285,0.141,-1.156,-0.884,-0.991,-0.884,-0.907,-0.714,0.188,0.052,-0.182,-0.246,0.681,0.233,24.4,28.427,1.7,-2.527
Vít Krejčí,G,26.0,POR,POR,False,65,21.4,13.0,0.448,0.745,185,136,212,224,-4.794,-2.171,17.8,29.944,8.5,14.299,2.3,3.869,1.5,2.523,0.7,1.178,0.3,0.505,2.0,3.364,0.6,1.009,-1.513,-0.992,-1.57,-1.09,-1.18,-0.816,-1.156,-0.45,-0.786,-0.575,0.205,1.078,-0.318,-0.532,-0.144,-0.228,1.67,1.435,12.5,25.0,-5.3,-4.944
Egor Dëmin,G,20.0,BKN,BKN,False,52,25.2,6.0,0.399,0.831,186,229,166,216,-4.812,-3.781,21.4,30.571,10.3,14.714,3.2,4.571,3.3,4.714,0.8,1.143,0.3,0.429,2.4,3.429,1.7,2.429,-1.207,-0.913,-1.179,-0.881,-0.332,0.176,-0.859,-0.518,-0.786,-0.676,0.61,1.131,-1.218,-1.431,-0.152,-0.207,0.31,-0.461,19.2,26.382,-2.2,-4.19
Luguentz Dort,G,27.0,OKC,ATL,True,69,26.8,24.0,0.385,0.759,187,264,211,293,-4.875,-4.333,17.8,23.91,8.3,11.149,3.6,4.836,1.2,1.612,0.9,1.209,0.4,0.537,1.9,2.552,0.8,1.075,-1.548,-1.591,-1.004,-0.803,-1.321,-1.229,-0.561,-0.389,-0.582,-0.532,0.104,0.397,-1.241,-1.352,-0.144,-0.182,1.422,1.348,16.7,23.952,-1.1,0.042
Brandon Williams,G,26.0,DAL,GSW,True,66,22.2,20.0,0.472,0.793,188,185,135,91,-4.879,-2.973,23.8,38.595,13.0,21.081,2.9,4.703,3.9,6.324,0.9,1.459,0.3,0.486,0.5,0.811,1.9,3.081,-0.746,0.297,-1.309,-0.842,-0.049,0.905,-0.561,0.098,-0.786,-0.599,-1.312,-1.063,-0.176,-0.398,-0.003,-0.037,0.063,-1.334,26.3,42.08,2.5,3.485
Bruce Brown,G-F,29.0,DEN,NYK,True,82,24.4,27.0,0.475,0.762,189,239,198,265,-4.886,-3.904,18.6,27.443,7.9,11.656,3.9,5.754,2.1,3.098,1.0,1.475,0.2,0.295,0.7,1.033,1.1,1.623,-1.616,-1.495,-0.874,-0.53,-0.897,-0.556,-0.263,0.129,-0.991,-0.854,-1.11,-0.877,-0.165,-0.297,-0.022,-0.04,1.052,0.615,19.3,29.948,0.7,2.506
Will Richard,G,23.0,GSW,GSW,False,69,20.0,20.0,0.468,0.852,190,153,236,256,-4.887,-2.318,15.6,28.08,6.4,11.52,2.5,4.5,1.3,2.34,1.2,2.16,0.1,0.18,1.0,1.8,0.8,1.44,-1.871,-1.521,-1.483,-0.903,-1.274,-0.899,0.332,1.459,-1.195,-1.008,-0.806,-0.234,-0.198,-0.374,0.187,0.301,1.422,0.86,16.0,26.182,0.4,-1.898
Gui Santos,F,24.0,GSW,GSW,False,68,20.5,24.0,0.5,0.725,191,176,178,143,-4.897,-2.79,20.1,35.298,9.2,16.156,3.9,6.849,2.3,4.039,0.9,1.58,0.3,0.527,1.1,1.932,1.5,2.634,-1.394,-0.639,-0.874,-0.204,-0.803,-0.13,-0.561,0.333,-0.786,-0.546,-0.705,-0.123,0.16,0.057,-0.491,-0.801,0.557,-0.736,31.1,35.77,11.0,0.472
Jaylen Wells,F,22.0,MEM,MEM,False,69,26.4,17.0,0.431,0.784,192,248,168,252,-4.9,-4.031,20.7,28.227,12.5,17.045,3.2,4.364,1.6,2.182,0.9,1.227,0.1,0.136,1.9,2.591,1.1,1.5,-0.832,-0.47,-1.179,-0.943,-1.133,-0.971,-0.561,-0.354,-1.195,-1.066,0.104,0.429,-0.788,-0.961,-0.369,-0.474,1.052,0.78,24.6,35.283,3.9,7.056
Craig Porter Jr.,G,26.0,CLE,CLE,False,64,17.9,15.0,0.45,0.6,193,96,201,116,-4.908,-1.574,18.4,37.006,4.5,9.05,3.4,6.838,3.2,6.436,0.9,1.81,0.6,1.207,0.5,1.006,0.9,1.81,-2.195,-1.99,-1.092,-0.207,-0.379,0.955,-0.561,0.779,-0.173,0.36,-1.312,-0.899,-0.222,-0.428,-0.274,-0.509,1.299,0.365,15.8,31.425,-2.6,-5.58
Olivier-Maxence Prosper,F,23.0,MEM,MEM,False,53,18.6,24.0,0.549,0.754,194,97,195,127,-4.911,-1.584,18.8,36.387,10.0,19.355,3.5,6.774,1.0,1.935,0.8,1.548,0.2,0.387,1.1,2.129,0.9,1.742,-1.258,-0.031,-1.048,-0.226,-1.416,-1.082,-0.859,0.27,-0.991,-0.732,-0.705,0.042,0.628,0.734,-0.563,-1.014,1.299,0.456,28.1,41.459,9.3,5.072
Coby White,G,26.0,CHA,CHA,False,50,25.0,21.0,0.446,0.817,195,215,111,109,-4.935,-3.527,26.1,37.584,17.4,25.056,3.4,4.896,4.0,5.76,0.5,0.72,0.1,0.144,2.3,3.312,2.6,3.744,0.004,1.052,-1.092,-0.785,-0.002,0.649,-1.752,-1.34,-1.195,-1.056,0.509,1.034,-0.732,-0.999,0.127,0.137,-0.802,-2.22,22.4,41.567,-3.7,3.983
Jarace Walker,F,22.0,IND,IND,False,76,25.7,22.0,0.419,0.749,196,266,160,206,-4.971,-4.379,22.1,30.957,11.6,16.249,5.1,7.144,2.5,3.502,0.8,1.121,0.3,0.42,1.8,2.521,1.8,2.521,-0.985,-0.622,-0.352,-0.116,-0.709,-0.373,-0.859,-0.561,-0.786,-0.688,0.003,0.371,-1.037,-1.234,-0.433,-0.57,0.187,-0.586,29.5,35.638,7.4,4.68
Harrison Barnes,F,34.0,SAS,SAS,False,77,25.8,23.0,0.456,0.829,197,227,194,275,-4.972,-3.726,18.9,26.372,9.9,13.814,2.8,3.907,1.9,2.651,0.6,0.837,0.2,0.279,1.8,2.512,0.8,1.116,-1.275,-1.085,-1.353,-1.079,-0.991,-0.758,-1.454,-1.112,-0.991,-0.876,0.003,0.363,-0.376,-0.516,0.042,0.044,1.422,1.293,16.6,28.322,-2.3,1.95
Karlo Matković,F-C,25.0,NOP,NOP,False,62,14.7,19.0,0.604,0.732,198,27,231,71,-4.977,0.52,16.4,40.163,5.7,13.959,3.7,9.061,0.8,1.959,0.4,0.98,0.9,2.204,0.6,1.469,0.5,1.224,-1.991,-1.057,-0.961,0.454,-1.51,-1.071,-2.049,-0.835,0.44,1.688,-1.211,-0.511,0.72,1.18,-0.209,-0.476,1.793,1.148,21.5,41.39,5.1,1.227
Isaac Okoro,F-G,25.0,CHI,CHI,False,63,26.9,17.0,0.46,0.795,199,265,196,285,-5.038,-4.34,18.7,25.026,9.3,12.446,2.7,3.613,1.6,2.141,0.7,0.937,0.5,0.669,1.2,1.606,0.7,0.937,-1.377,-1.345,-1.396,-1.166,-1.133,-0.989,-1.156,-0.918,-0.377,-0.356,-0.604,-0.396,-0.381,-0.496,-0.159,-0.206,1.546,1.532,20.4,25.065,1.7,0.039
Oso Ighodaro,F,23.0,PHX,PHX,False,82,22.1,27.0,0.653,0.453,200,259,168,164,-5.041,-4.262,20.7,33.719,6.5,10.588,5.1,8.308,2.3,3.747,0.9,1.466,0.7,1.14,0.0,0.0,1.2,1.955,-1.854,-1.698,-0.352,0.23,-0.803,-0.262,-0.561,0.11,0.031,0.271,-1.818,-1.742,1.131,1.262,-1.744,-2.605,0.928,0.172,26.6,36.55,5.9,2.83
Jordan Miller,G,26.0,LAC,LAC,False,60,22.1,27.0,0.531,0.777,201,189,183,187,-5.05,-3.066,19.7,32.09,10.0,16.29,3.0,4.887,2.3,3.747,0.8,1.303,0.2,0.326,0.6,0.977,1.1,1.792,-1.258,-0.614,-1.266,-0.788,-0.803,-0.262,-0.859,-0.206,-0.991,-0.813,-1.211,-0.923,0.394,0.335,-0.11,-0.184,1.052,0.39,22.4,32.386,2.7,0.295
Aaron Wiggins,G,27.0,OKC,ATL,True,65,21.8,24.0,0.431,0.736,202,199,193,200,-5.061,-3.239,18.9,31.211,9.4,15.523,3.1,5.119,1.7,2.807,0.9,1.486,0.4,0.661,1.5,2.477,1.2,1.982,-1.36,-0.76,-1.222,-0.718,-1.086,-0.687,-0.561,0.15,-0.582,-0.368,-0.301,0.334,-0.596,-0.892,-0.281,-0.433,0.928,0.136,13.6,26.754,-5.3,-4.457
Yves Missi,C,22.0,NOP,NOP,False,66,19.7,19.0,0.544,0.559,203,198,187,140,-5.062,-3.236,19.4,35.452,5.7,10.416,5.8,10.599,1.3,2.376,0.3,0.548,1.5,2.741,0.0,0.0,0.8,1.462,-1.991,-1.73,-0.047,0.911,-1.274,-0.883,-2.347,-1.674,1.667,2.404,-1.818,-1.742,0.342,0.357,-1.016,-1.709,1.422,0.831,21.9,38.459,2.5,3.007
Svi Mykhailiuk,G-F,29.0,UTA,UTA,False,50,23.1,5.0,0.478,0.893,204,183,206,248,-5.085,-2.952,18.2,28.364,9.4,14.649,2.5,3.896,1.9,2.961,0.5,0.779,0.1,0.156,2.0,3.117,0.8,1.247,-1.36,-0.926,-1.483,-1.082,-0.991,-0.618,-1.752,-1.225,-1.195,-1.04,0.205,0.87,0.011,-0.127,0.057,0.077,1.422,1.118,21.6,46.012,3.4,17.648
Jose Alvarado,G,28.0,NYK,NYK,False,69,19.9,25.0,0.416,0.761,205,144,190,155,-5.1,-2.256,19.1,34.553,7.4,13.387,2.5,4.523,3.4,6.151,1.0,1.809,0.1,0.181,1.5,2.714,1.1,1.99,-1.701,-1.166,-1.483,-0.896,-0.285,0.826,-0.263,0.777,-1.195,-1.006,-0.301,0.532,-0.715,-1.097,-0.209,-0.351,1.052,0.125,16.8,36.655,-2.3,2.102
Isaiah Jackson,F,24.0,LAC,LAC,False,55,16.5,16.0,0.637,0.648,206,132,199,73,-5.15,-2.124,18.4,40.145,6.7,14.618,5.3,11.564,0.9,1.964,0.7,1.527,0.9,1.964,0.0,0.0,1.1,2.4,-1.82,-0.932,-0.265,1.198,-1.463,-1.069,-1.156,0.229,0.44,1.368,-1.818,-1.742,0.969,1.436,-1.088,-2.188,1.052,-0.423,22.3,48.655,3.9,8.509
Ronald Holland II,F,20.0,DET,DET,False,78,19.9,29.0,0.432,0.805,207,192,220,194,-5.172,-3.109,17.4,31.477,8.2,14.834,4.0,7.236,1.2,2.171,1.2,2.171,0.3,0.543,0.6,1.085,1.2,2.171,-1.565,-0.891,-0.83,-0.089,-1.321,-0.976,0.332,1.48,-0.786,-0.524,-1.211,-0.833,-0.624,-0.988,-0.095,-0.172,0.928,-0.117,16.3,31.891,-1.1,0.414
Jordan Walsh,G,22.0,BOS,BOS,False,68,17.8,20.0,0.509,0.772,208,110,240,201,-5.206,-1.825,15.4,31.146,5.4,10.921,4.0,8.09,0.8,1.618,0.7,1.416,0.5,1.011,0.7,1.416,0.5,1.011,-2.042,-1.634,-0.83,0.165,-1.51,-1.226,-1.156,0.013,-0.377,0.1,-1.11,-0.556,0.17,0.155,-0.144,-0.274,1.793,1.433,12.2,26.945,-3.2,-4.201
Jaxson Hayes,C-F,26.0,LAL,UTA,True,66,18.3,21.0,0.756,0.653,209,154,201,131,-5.261,-2.328,18.4,36.197,7.5,14.754,4.1,8.066,0.9,1.77,0.4,0.787,0.8,1.574,0.0,0.0,0.5,0.984,-1.684,-0.906,-0.787,0.158,-1.463,-1.157,-2.049,-1.21,0.236,0.849,-1.818,-1.742,1.671,2.317,-1.161,-2.107,1.793,1.47,21.9,40.224,3.5,4.028
Spencer Jones,F,25.0,DEN,DEN,False,64,22.1,18.0,0.504,0.608,210,230,242,286,-5.32,-3.792,15.3,24.923,5.5,8.959,3.3,5.376,0.8,1.303,0.8,1.303,0.5,0.814,0.9,1.466,0.5,0.814,-2.025,-2.007,-1.135,-0.642,-1.51,-1.369,-0.859,-0.206,-0.377,-0.162,-0.907,-0.514,0.175,0.126,-0.476,-0.714,1.793,1.696,13.5,26.413,-1.8,1.49
Luka Garza,C,27.0,BOS,BOS,False,69,16.2,24.0,0.577,0.769,211,65,222,98,-5.349,-0.781,17.2,38.222,8.1,18.0,4.1,9.111,1.0,2.222,0.4,0.889,0.4,0.889,0.8,1.778,0.7,1.556,-1.582,-0.289,-0.787,0.469,-1.416,-0.952,-2.049,-1.012,-0.582,-0.063,-1.008,-0.252,0.753,1.085,-0.224,-0.472,1.546,0.705,16.2,37.87,-1.0,-0.352
Taylor Hendricks,F,22.0,MEM,MEM,False,59,19.0,22.0,0.459,0.681,212,173,228,190,-5.366,-2.747,16.8,31.832,7.4,14.021,3.7,7.011,0.9,1.705,0.8,1.516,0.5,0.947,1.1,2.084,0.8,1.516,-1.701,-1.045,-0.961,-0.156,-1.463,-1.186,-0.859,0.207,-0.377,0.015,-0.705,0.005,-0.175,-0.385,-0.548,-0.959,1.422,0.759,26.3,38.645,9.5,6.813
Dennis Schröder,G,32.0,CLE,CHA,True,70,24.2,26.0,0.405,0.834,213,247,155,169,-5.45,-4.009,22.5,33.471,10.8,16.066,2.7,4.017,4.9,7.289,0.8,1.19,0.2,0.298,1.1,1.636,1.8,2.678,-1.121,-0.657,-1.396,-1.046,0.422,1.342,-0.859,-0.426,-0.991,-0.851,-0.705,-0.371,-1.208,-1.488,0.222,0.282,0.187,-0.794,19.2,32.0,-3.3,-1.471
Daniss Jenkins,G,24.0,DET,DET,False,72,20.2,28.0,0.408,0.832,214,179,181,144,-5.487,-2.86,19.8,35.287,9.3,16.574,2.3,4.099,3.9,6.95,0.9,1.604,0.2,0.356,1.0,1.782,1.6,2.851,-1.377,-0.56,-1.57,-1.022,-0.049,1.188,-0.561,0.378,-0.991,-0.773,-0.806,-0.249,-0.998,-1.482,0.431,0.684,0.434,-1.027,23.6,33.318,3.8,-1.969
Kris Murray,F,25.0,POR,MEM,True,57,23.4,23.0,0.467,0.684,215,270,233,289,-5.528,-4.533,15.9,24.462,5.8,8.923,3.6,5.538,1.4,2.154,0.9,1.385,0.4,0.615,0.6,0.923,0.8,1.231,-1.974,-2.014,-1.004,-0.594,-1.227,-0.983,-0.561,-0.048,-0.582,-0.428,-1.211,-0.969,-0.045,-0.143,-0.346,-0.494,1.422,1.14,13.8,24.84,-2.1,0.378
Quinten Post,C,26.0,GSW,MEM,True,67,17.3,12.0,0.44,0.791,216,98,224,142,-5.532,-1.589,17.0,35.376,7.7,16.023,4.0,8.324,1.4,2.913,0.4,0.832,0.5,1.04,1.4,2.913,0.8,1.665,-1.65,-0.665,-0.83,0.234,-1.227,-0.639,-2.049,-1.121,-0.377,0.139,-0.402,0.699,-0.476,-0.899,0.057,0.103,1.422,0.559,17.5,33.871,0.5,-1.505
Danny Wolf,F,22.0,BKN,BKN,False,57,20.8,18.0,0.405,0.771,217,212,188,170,-5.555,-3.487,19.3,33.404,8.9,15.404,4.9,8.481,2.2,3.808,0.5,0.865,0.6,1.038,1.2,2.077,1.3,2.25,-1.445,-0.782,-0.439,0.281,-0.85,-0.235,-1.752,-1.057,-0.173,0.136,-0.604,-0.002,-1.002,-1.441,-0.095,-0.164,0.804,-0.223,21.2,34.224,1.9,0.82
Buddy Hield,G,33.0,ATL,CHI,True,51,16.1,6.0,0.437,0.811,218,80,239,152,-5.674,-1.209,15.5,34.658,7.6,16.994,2.3,5.143,1.4,3.13,0.8,1.789,0.2,0.447,1.5,3.354,0.9,2.012,-1.667,-0.48,-1.57,-0.711,-1.227,-0.541,-0.859,0.738,-0.991,-0.652,-0.301,1.069,-0.481,-0.968,0.122,0.242,1.299,0.095,9.8,45.231,-5.7,10.572
Terance Mann,G-F,29.0,BKN,BKN,False,63,24.3,17.0,0.457,0.788,219,272,207,272,-5.72,-4.571,18.0,26.667,7.2,10.667,3.2,4.741,3.0,4.444,0.7,1.037,0.2,0.296,0.9,1.333,1.1,1.63,-1.735,-1.683,-1.179,-0.831,-0.473,0.054,-1.156,-0.724,-0.991,-0.853,-0.907,-0.625,-0.179,-0.302,-0.152,-0.214,1.052,0.606,14.1,23.5,-3.9,-3.167
Tre Johnson,G,20.0,WAS,WAS,False,60,24.0,20.0,0.419,0.874,220,262,188,239,-5.739,-4.313,19.3,28.95,12.2,18.3,2.8,4.2,2.0,3.0,0.6,0.9,0.3,0.45,1.9,2.85,1.6,2.4,-0.883,-0.232,-1.353,-0.992,-0.944,-0.6,-1.454,-0.99,-0.786,-0.648,0.104,0.646,-1.166,-1.487,0.309,0.413,0.434,-0.423,15.3,24.811,-4.0,-4.139
Anthony Gill,F,33.0,WAS,WAS,False,55,17.3,27.0,0.628,0.739,221,155,243,195,-5.746,-2.346,15.1,31.422,5.8,12.069,2.9,6.035,1.3,2.705,0.6,1.249,0.4,0.832,0.3,0.624,0.7,1.457,-1.974,-1.416,-1.309,-0.446,-1.274,-0.734,-1.454,-0.312,-0.582,-0.139,-1.514,-1.219,0.959,1.365,-0.144,-0.282,1.546,0.838,23.0,30.781,7.9,-0.641
Caris LeVert,G,31.0,DET,MIL,True,60,19.2,24.0,0.417,0.679,222,221,208,167,-5.804,-3.584,17.9,33.562,7.4,13.875,2.0,3.75,2.7,5.062,0.9,1.688,0.7,1.312,1.0,1.875,1.4,2.625,-1.701,-1.073,-1.701,-1.126,-0.614,0.334,-0.561,0.541,0.031,0.501,-0.806,-0.171,-0.715,-1.137,-0.418,-0.729,0.681,-0.724,16.4,31.572,-1.5,-1.99
Jamal Shead,G,23.0,TOR,TOR,False,82,22.6,27.0,0.367,0.784,223,253,179,191,-5.815,-4.065,19.9,31.699,6.6,10.513,1.7,2.708,5.4,8.602,0.9,1.434,0.2,0.319,1.0,1.593,1.4,2.23,-1.837,-1.712,-1.831,-1.436,0.658,1.936,-0.561,0.047,-0.991,-0.823,-0.806,-0.407,-1.04,-1.338,-0.087,-0.137,0.681,-0.196,19.0,29.483,-0.9,-2.216
Kentavious Caldwell-Pope,G,33.0,MEM,PHI,True,51,21.3,,0.41,0.913,224,225,217,231,-5.816,-3.655,17.4,29.408,8.4,14.197,2.5,4.225,2.7,4.563,0.8,1.352,0.2,0.338,1.1,1.859,1.2,2.028,-1.531,-1.012,-1.483,-0.984,-0.614,0.108,-0.859,-0.111,-0.991,-0.797,-0.705,-0.184,-0.935,-1.313,0.374,0.565,0.928,0.074,,,,
Klay Thompson,G-F,36.0,DAL,MIA,True,69,21.7,20.0,0.393,0.766,225,206,205,218,-5.829,-3.311,18.3,30.359,11.7,19.41,2.1,3.484,1.4,2.323,0.5,0.829,0.3,0.498,2.9,4.811,0.9,1.493,-0.968,-0.021,-1.657,-1.205,-1.227,-0.907,-1.752,-1.127,-0.786,-0.584,1.115,2.29,-1.644,-2.223,-0.209,-0.322,1.299,0.789,19.1,33.217,0.8,2.858
Bub Carrington,G,20.0,WAS,WAS,False,82,27.7,29.0,0.424,0.73,226,294,159,243,-5.83,-5.539,22.2,28.852,10.7,13.906,3.4,4.419,4.6,5.978,0.6,0.78,0.2,0.26,2.1,2.729,2.3,2.989,-1.138,-1.067,-1.092,-0.927,0.281,0.748,-1.454,-1.224,-0.991,-0.901,0.306,0.545,-0.893,-0.998,-0.418,-0.505,-0.431,-1.211,24.4,32.294,2.2,3.442
Ryan Dunn,F,23.0,PHX,PHX,False,70,19.4,22.0,0.453,0.489,227,232,231,217,-5.849,-3.818,16.4,30.433,5.8,10.763,4.2,7.794,1.5,2.784,0.9,1.67,0.4,0.742,0.8,1.485,0.8,1.485,-1.974,-1.664,-0.743,0.077,-1.18,-0.698,-0.561,0.507,-0.582,-0.259,-1.008,-0.498,-0.351,-0.599,-0.872,-1.484,1.422,0.8,16.5,31.099,0.1,0.666
Landry Shamet,G,29.0,NYK,NYK,False,51,23.0,21.0,0.437,0.711,228,243,229,280,-5.858,-3.926,16.6,25.983,9.3,14.557,1.8,2.817,1.4,2.191,0.6,0.939,0.2,0.313,2.0,3.13,0.6,0.939,-1.377,-0.943,-1.788,-1.403,-1.227,-0.966,-1.454,-0.914,-0.991,-0.83,0.205,0.881,-0.543,-0.763,-0.354,-0.516,1.67,1.529,15.4,22.721,-1.2,-3.261
Baylor Scheierman,G,25.0,BOS,BOS,False,77,18.6,28.0,0.453,0.903,229,166,249,263,-5.909,-2.648,14.2,27.484,5.5,10.645,3.5,6.774,1.5,2.903,0.5,0.968,0.1,0.194,1.3,2.516,0.6,1.161,-2.025,-1.687,-1.048,-0.226,-1.18,-0.644,-1.752,-0.858,-1.195,-0.99,-0.503,0.367,-0.136,-0.297,0.259,0.455,1.67,1.232,20.0,27.799,5.8,0.315
Kasparas Jakučionis,G,20.0,MIA,MIL,True,53,17.8,24.0,0.429,0.879,230,146,241,201,-5.961,-2.26,15.4,31.146,6.2,12.539,2.6,5.258,2.6,5.258,0.6,1.213,0.1,0.202,1.2,2.427,0.9,1.82,-1.906,-1.327,-1.44,-0.677,-0.662,0.422,-1.454,-0.381,-1.195,-0.978,-0.604,0.292,-0.446,-0.777,0.446,0.813,1.299,0.352,17.1,32.745,1.7,1.599
Bones Hyland,G,25.0,MIN,MIN,False,71,16.6,24.0,0.453,0.78,231,103,217,108,-5.966,-1.647,17.4,37.735,8.5,18.434,1.8,3.904,2.6,5.639,0.6,1.301,0.2,0.434,1.6,3.47,1.0,2.169,-1.513,-0.207,-1.788,-1.08,-0.662,0.594,-1.454,-0.21,-0.991,-0.67,-0.199,1.166,-0.318,-0.686,-0.217,-0.441,1.175,-0.114,21.3,38.149,3.9,0.414
Khris Middleton,F,34.0,DAL,WAS,True,63,22.8,27.0,0.42,0.875,232,267,197,230,-5.97,-4.437,18.7,29.526,10.2,16.105,3.7,5.842,2.8,4.421,0.7,1.105,0.1,0.158,1.1,1.737,1.7,2.684,-1.224,-0.649,-0.961,-0.504,-0.567,0.043,-1.156,-0.591,-1.195,-1.037,-0.705,-0.287,-0.902,-1.216,0.431,0.606,0.31,-0.803,16.2,27.64,-2.5,-1.887
Jonas Valanciunas,,34.0,DEN,,False,65,13.4,22.0,0.582,0.772,233,56,214,15,-6.002,-0.53,17.8,47.821,8.7,23.373,5.1,13.701,1.2,3.224,0.2,0.537,0.6,1.612,0.1,0.269,1.1,2.955,-1.479,0.732,-0.352,1.834,-1.321,-0.499,-2.644,-1.695,-0.173,0.9,-1.716,-1.517,0.93,1.634,-0.296,-0.753,1.052,-1.165,15.9,51.568,-1.9,3.747
Mouhamed Gueye,F,23.0,ATL,ATL,False,77,15.3,24.0,0.452,0.645,234,121,253,179,-6.013,-1.988,14.0,32.941,4.4,10.353,3.6,8.471,0.9,2.118,0.8,1.882,0.5,1.176,0.5,1.176,0.4,0.941,-2.212,-1.742,-1.004,0.278,-1.463,-1.0,-0.859,0.92,-0.377,0.32,-1.312,-0.756,-0.226,-0.503,-0.476,-1.031,1.917,1.527,13.1,35.727,-0.9,2.786
Adem Bona,F,23.0,PHI,PHI,False,71,17.4,26.0,0.595,0.708,235,226,247,210,-6.039,-3.706,14.9,30.828,4.8,9.931,4.3,8.897,0.5,1.034,0.4,0.828,1.2,2.483,0.0,0.0,0.8,1.655,-2.144,-1.823,-0.7,0.405,-1.651,-1.49,-2.049,-1.131,1.053,2.06,-1.818,-1.742,0.467,0.63,-0.62,-1.187,1.422,0.572,17.5,32.812,2.6,1.985
Nique Clifford,G,24.0,SAC,SAC,False,75,25.1,23.0,0.418,0.722,236,296,204,277,-6.089,-5.589,18.3,26.247,8.6,12.335,3.8,5.45,2.4,3.442,0.9,1.291,0.3,0.43,1.0,1.434,1.5,2.151,-1.496,-1.366,-0.917,-0.62,-0.756,-0.4,-0.561,-0.23,-0.786,-0.674,-0.806,-0.54,-0.84,-1.026,-0.483,-0.642,0.557,-0.091,28.4,30.338,10.1,4.091
Cody Williams,F,21.0,UTA,MIN,True,67,24.3,25.0,0.468,0.706,237,290,208,273,-6.102,-5.267,17.9,26.519,8.8,13.037,3.0,4.444,2.0,2.963,0.8,1.185,0.4,0.593,0.4,0.593,1.1,1.63,-1.462,-1.232,-1.266,-0.919,-0.944,-0.617,-0.859,-0.436,-0.582,-0.458,-1.413,-1.246,-0.137,-0.29,-0.491,-0.676,1.052,0.606,25.4,28.222,7.5,1.704
Simone Fontecchio,F,30.0,MIA,MIA,False,70,16.7,17.0,0.412,0.843,238,111,235,163,-6.136,-1.828,15.7,33.844,8.5,18.323,3.0,6.467,1.4,3.018,0.5,1.078,0.1,0.216,1.8,3.88,0.7,1.509,-1.513,-0.228,-1.266,-0.318,-1.227,-0.592,-1.752,-0.644,-1.195,-0.96,0.003,1.51,-0.71,-1.305,-0.022,-0.058,1.546,0.768,14.8,37.521,-0.9,3.677
Ben Sheppard,G,24.0,IND,IND,False,65,21.4,21.0,0.434,0.765,239,246,237,278,-6.173,-4.002,15.6,26.243,7.1,11.944,3.0,5.047,1.8,3.028,0.6,1.009,0.1,0.168,1.3,2.187,0.6,1.009,-1.752,-1.44,-1.266,-0.74,-1.039,-0.588,-1.454,-0.777,-1.195,-1.023,-0.503,0.091,-0.49,-0.732,-0.144,-0.228,1.67,1.435,17.5,29.302,1.9,3.059
Jevon Carter,G,30.0,ORL,ORL,False,53,16.4,29.0,0.401,0.789,240,156,251,209,-6.322,-2.394,14.1,30.951,6.4,14.049,1.7,3.732,1.6,3.512,0.8,1.756,0.2,0.439,1.5,3.293,0.7,1.537,-1.871,-1.04,-1.831,-1.131,-1.133,-0.368,-0.859,0.674,-0.991,-0.663,-0.301,1.017,-0.81,-1.466,-0.072,-0.149,1.546,0.731,17.3,29.657,3.2,-1.294
Patrick Williams,F,24.0,CHI,CHI,False,72,20.5,21.0,0.372,0.72,241,269,246,279,-6.402,-4.472,14.9,26.166,7.0,12.293,3.0,5.268,1.5,2.634,0.7,1.229,0.4,0.702,1.3,2.283,1.0,1.756,-1.769,-1.374,-1.266,-0.674,-1.18,-0.766,-1.156,-0.35,-0.582,-0.312,-0.503,0.171,-1.107,-1.573,-0.015,-0.032,1.175,0.437,15.5,23.644,0.6,-2.522
Will Riley,F,20.0,WAS,WAS,False,74,22.1,29.0,0.439,0.8,242,278,220,249,-6.405,-4.728,17.4,28.344,10.3,16.778,2.9,4.724,2.0,3.258,0.7,1.14,0.1,0.163,1.1,1.792,1.3,2.118,-1.207,-0.521,-1.309,-0.836,-0.944,-0.483,-1.156,-0.523,-1.195,-1.03,-0.705,-0.24,-0.592,-0.879,-0.102,-0.169,0.804,-0.046,24.8,29.272,7.4,0.928
Justin Edwards,F,22.0,PHI,PHI,False,64,15.3,23.0,0.447,0.846,243,124,261,204,-6.416,-2.01,13.2,31.059,6.0,14.118,1.5,3.529,1.3,3.059,0.8,1.882,0.2,0.471,1.0,2.353,0.6,1.412,-1.94,-1.027,-1.918,-1.191,-1.274,-0.574,-0.859,0.92,-0.991,-0.621,-0.806,0.23,-0.356,-0.762,0.057,0.117,1.67,0.898,17.8,38.371,4.6,7.312
Clint Capela,C,32.0,HOU,HOU,False,75,12.3,28.0,0.52,0.577,244,84,256,68,-6.43,-1.245,13.8,40.39,3.8,11.122,4.6,13.463,0.7,2.049,0.5,1.463,0.8,2.341,0.0,0.0,0.5,1.463,-2.315,-1.596,-0.569,1.763,-1.557,-1.031,-1.752,0.105,0.236,1.871,-1.818,-1.742,0.228,0.381,-0.677,-1.825,1.793,0.829,13.5,36.818,-0.3,-3.572
Walter Clayton Jr.,G,23.0,MEM,MEM,False,69,20.4,22.0,0.384,0.901,245,261,217,212,-6.493,-4.292,17.4,30.706,7.8,13.765,2.0,3.529,4.0,7.059,0.6,1.059,0.3,0.529,1.1,1.941,1.7,3.0,-1.633,-1.094,-1.701,-1.191,-0.002,1.238,-1.454,-0.681,-0.786,-0.542,-0.705,-0.115,-1.026,-1.477,0.503,0.797,0.31,-1.225,20.6,29.664,3.2,-1.042
Sion James,G,23.0,CHA,CHA,False,82,22.5,27.0,0.371,0.837,246,284,248,297,-6.51,-5.002,14.2,22.72,5.4,8.64,3.5,5.6,2.0,3.2,0.6,0.96,0.2,0.32,1.0,1.6,0.8,1.28,-2.042,-2.068,-1.048,-0.576,-0.944,-0.51,-1.454,-0.873,-0.991,-0.821,-0.806,-0.401,-0.762,-0.985,0.115,0.159,1.422,1.074,14.7,27.138,0.5,4.418
Thomas Bryant,C-F,28.0,CLE,CLE,False,60,12.2,21.0,0.506,0.803,247,39,259,82,-6.511,0.062,13.3,39.246,6.2,18.295,3.4,10.033,0.6,1.77,0.3,0.885,0.4,1.18,0.8,2.361,0.5,1.475,-1.906,-0.233,-1.092,0.743,-1.604,-1.157,-2.347,-1.019,-0.582,0.325,-1.008,0.236,0.185,0.234,0.05,0.12,1.793,0.813,16.3,38.104,3.0,-1.142
Jericho Sims,C,27.0,MIL,MIL,False,67,19.7,28.0,0.784,0.62,248,285,245,260,-6.605,-5.009,15.1,27.594,5.0,9.137,5.5,10.051,1.6,2.924,0.3,0.548,0.3,0.548,0.0,0.0,1.1,2.01,-2.11,-1.973,-0.178,0.748,-1.133,-0.635,-2.347,-1.674,-0.786,-0.517,-1.818,-1.742,1.328,1.719,-0.613,-1.032,1.052,0.098,20.6,29.429,5.5,1.835
Nicolas Batum,,37.0,LAC,,False,74,17.5,23.0,0.403,0.818,249,220,274,294,-6.61,-3.57,11.5,23.657,4.0,8.229,2.5,5.143,0.9,1.851,0.6,1.234,0.3,0.617,1.2,2.469,0.5,1.029,-2.281,-2.146,-1.483,-0.711,-1.463,-1.12,-1.454,-0.34,-0.786,-0.425,-0.604,0.327,-0.398,-0.684,0.065,0.121,1.793,1.41,10.1,27.545,-1.4,3.888
Kobe Sanders,G,24.0,LAC,LAC,False,68,19.9,22.0,0.466,0.826,250,273,249,283,-6.647,-4.579,14.2,25.688,7.3,13.206,2.3,4.161,1.6,2.894,0.7,1.266,0.1,0.181,1.2,2.171,1.2,2.171,-1.718,-1.2,-1.57,-1.004,-1.133,-0.648,-1.156,-0.278,-1.195,-1.006,-0.604,0.077,-0.184,-0.371,-0.015,-0.033,0.928,-0.117,17.2,35.792,3.0,10.103
Pat Spencer,G,29.0,GSW,PHX,True,66,18.6,27.0,0.427,0.772,251,245,227,182,-6.667,-3.978,16.9,32.71,7.2,13.935,2.4,4.645,3.5,6.774,0.7,1.355,0.1,0.194,0.9,1.742,1.3,2.516,-1.735,-1.061,-1.527,-0.859,-0.237,1.109,-1.156,-0.106,-1.195,-0.99,-0.907,-0.282,-0.634,-1.061,-0.08,-0.149,0.804,-0.579,19.2,30.052,2.3,-2.658
Mike Conley,G,38.0,MIN,BOS,True,54,18.4,10.0,0.335,0.9,252,222,255,268,-6.682,-3.596,13.9,27.196,4.5,8.804,1.7,3.326,2.9,5.674,0.6,1.174,0.3,0.587,1.0,1.957,0.6,1.174,-2.195,-2.037,-1.831,-1.252,-0.52,0.61,-1.454,-0.457,-0.786,-0.466,-0.806,-0.102,-1.01,-1.55,0.252,0.442,1.67,1.216,16.6,33.385,2.7,6.19
Corey Kispert,F,27.0,ATL,ATL,False,58,18.6,23.0,0.467,0.794,253,217,234,215,-6.693,-3.532,15.8,30.581,9.2,17.806,2.3,4.452,1.6,3.097,0.3,0.581,0.2,0.387,1.5,2.903,0.8,1.548,-1.394,-0.326,-1.57,-0.917,-1.133,-0.556,-2.347,-1.611,-0.991,-0.732,-0.301,0.691,-0.156,-0.386,-0.224,-0.411,1.422,0.715,14.0,31.698,-1.8,1.117
Nae'Qwan Tomlin,F,25.0,CLE,CLE,False,64,15.7,20.0,0.478,0.77,254,196,258,207,-6.711,-3.161,13.5,30.955,5.8,13.299,2.9,6.65,0.8,1.834,0.6,1.376,0.5,1.146,0.4,0.917,0.5,1.146,-1.974,-1.182,-1.309,-0.263,-1.51,-1.128,-1.454,-0.065,-0.377,0.28,-1.413,-0.974,-0.122,-0.345,-0.346,-0.736,1.793,1.252,9.5,26.929,-4.0,-4.026
Jarred Vanderbilt,F,27.0,LAL,LAL,False,65,17.3,20.0,0.471,0.589,255,274,257,244,-6.75,-4.587,13.8,28.717,4.4,9.156,4.5,9.364,1.3,2.705,0.8,1.665,0.3,0.624,0.4,0.832,0.9,1.873,-2.212,-1.97,-0.613,0.544,-1.274,-0.734,-0.859,0.497,-0.786,-0.416,-1.413,-1.045,-0.15,-0.325,-0.742,-1.42,1.299,0.281,10.8,29.908,-3.0,1.191
Jared McCain,G,22.0,OKC,OKC,False,67,17.3,26.0,0.425,0.864,256,208,254,240,-6.873,-3.323,13.9,28.925,8.3,17.272,2.0,4.162,1.3,2.705,0.5,1.04,0.1,0.208,1.5,3.121,0.8,1.665,-1.548,-0.427,-1.701,-1.003,-1.274,-0.734,-1.752,-0.717,-1.195,-0.97,-0.301,0.874,-0.777,-1.375,0.252,0.47,1.422,0.559,15.6,31.374,1.7,2.449
Kenrich Williams,G-F,31.0,OKC,OKC,False,56,15.3,20.0,0.473,0.635,257,190,251,175,-6.873,-3.073,14.1,33.176,6.5,15.294,3.3,7.765,1.4,3.294,0.6,1.412,0.1,0.235,0.9,2.118,0.8,1.882,-1.854,-0.803,-1.135,0.068,-1.227,-0.467,-1.454,0.005,-1.195,-0.934,-0.907,0.033,-0.112,-0.349,-0.411,-0.893,1.422,0.269,11.7,30.745,-2.4,-2.432
Rayan Rupert,G-F,22.0,MEM,PHI,True,64,16.8,16.0,0.393,0.778,258,252,268,282,-6.886,-4.065,12.0,25.714,5.2,11.143,2.9,6.214,1.1,2.357,0.9,1.929,0.1,0.214,0.7,1.5,0.9,1.929,-2.076,-1.592,-1.309,-0.393,-1.368,-0.891,-0.561,1.009,-1.195,-0.962,-1.11,-0.485,-0.753,-1.316,0.187,0.358,1.299,0.207,26.8,31.123,14.8,5.408
Hugo González,G,20.0,BOS,BOS,False,74,14.6,25.0,0.476,0.5,259,223,277,267,-7.146,-3.613,11.1,27.37,3.9,9.616,3.3,8.137,0.5,1.233,0.6,1.479,0.3,0.74,0.6,1.479,0.5,1.233,-2.298,-1.882,-1.135,0.179,-1.651,-1.4,-1.454,0.136,-0.786,-0.262,-1.211,-0.502,-0.001,-0.104,-0.403,-0.914,1.793,1.137,12.0,31.765,0.9,4.395
Kobe Brown,F,26.0,IND,IND,False,61,15.8,25.0,0.469,0.797,260,236,264,246,-7.231,-3.869,12.5,28.481,5.8,13.215,3.0,6.835,1.3,2.962,0.4,0.911,0.2,0.456,0.9,2.051,0.9,2.051,-1.974,-1.198,-1.266,-0.208,-1.274,-0.617,-2.049,-0.968,-0.991,-0.64,-0.907,-0.024,-0.054,-0.216,-0.015,-0.041,1.299,0.044,20.6,29.903,8.1,1.422
Julian Strawther,G,24.0,DEN,DEN,False,57,15.1,25.0,0.467,0.814,261,186,262,223,-7.254,-2.98,12.6,30.04,7.2,17.166,2.0,4.768,1.1,2.623,0.4,0.954,0.1,0.238,1.0,2.384,0.6,1.43,-1.735,-0.448,-1.701,-0.823,-1.368,-0.771,-2.049,-0.886,-1.195,-0.93,-0.806,0.256,-0.184,-0.489,0.115,0.237,1.67,0.873,14.8,31.714,2.2,1.675
Ousmane Dieng,F,23.0,MIL,MIL,False,57,19.3,27.0,0.422,0.711,262,287,238,241,-7.264,-5.171,15.5,28.912,7.6,14.176,3.2,5.969,2.4,4.477,0.4,0.746,0.3,0.56,1.1,2.052,1.3,2.425,-1.667,-1.016,-1.179,-0.466,-0.756,0.068,-2.049,-1.289,-0.786,-0.502,-0.705,-0.023,-0.782,-1.235,-0.144,-0.253,0.804,-0.457,21.3,27.985,5.8,-0.927
Josh Okogie,G,27.0,HOU,UTA,True,78,17.4,26.0,0.425,0.594,263,283,272,291,-7.288,-4.962,11.7,24.207,4.5,9.31,2.6,5.379,0.9,1.862,0.8,1.655,0.2,0.414,0.8,1.655,0.5,1.034,-2.195,-1.941,-1.44,-0.641,-1.463,-1.115,-0.859,0.478,-0.991,-0.696,-1.008,-0.355,-0.384,-0.682,-0.742,-1.412,1.793,1.402,9.5,26.719,-2.2,2.512
Ryan Nembhard,G,23.0,DAL,DEN,True,60,19.5,22.0,0.415,0.806,264,280,212,180,-7.339,-4.817,17.8,32.862,6.6,12.185,2.2,4.062,5.3,9.785,0.4,0.738,0.0,0.0,0.8,1.477,1.4,2.585,-1.837,-1.394,-1.614,-1.033,0.611,2.472,-2.049,-1.304,-1.399,-1.247,-1.008,-0.504,-0.715,-1.119,-0.007,-0.017,0.681,-0.67,20.5,35.481,2.7,2.619
Drake Powell,G-F,20.0,BKN,BKN,False,63,20.9,21.0,0.402,0.896,265,299,270,303,-7.435,-5.75,11.9,20.498,6.5,11.196,1.8,3.1,1.4,2.411,0.6,1.033,0.2,0.344,0.8,1.378,1.0,1.722,-1.854,-1.582,-1.788,-1.319,-1.227,-0.867,-1.454,-0.73,-0.991,-0.788,-1.008,-0.587,-0.734,-1.051,0.446,0.693,1.175,0.482,12.5,18.293,0.6,-2.205
Trendon Watford,G-F,25.0,PHI,NOP,True,53,16.3,21.0,0.515,0.779,266,277,243,172,-7.469,-4.712,15.1,33.35,6.5,14.356,3.3,7.288,2.5,5.521,0.3,0.663,0.4,0.883,0.2,0.442,1.2,2.65,-1.854,-0.982,-1.135,-0.073,-0.709,0.541,-2.347,-1.451,-0.582,-0.071,-1.615,-1.372,0.199,0.182,-0.354,-0.728,0.928,-0.758,15.5,35.094,0.4,1.745
Josh Green,G,25.0,CHA,UTA,True,58,15.7,27.0,0.459,0.893,267,258,286,298,-7.484,-4.245,9.9,22.701,4.3,9.86,1.8,4.127,0.8,1.834,0.6,1.376,0.1,0.229,1.0,2.293,0.6,1.376,-2.229,-1.836,-1.788,-1.013,-1.51,-1.128,-1.454,-0.065,-1.195,-0.942,-0.806,0.18,-0.164,-0.365,-0.007,-0.021,1.67,0.946,8.9,21.219,-1.0,-1.482
Nolan Traore,G,20.0,BKN,BKN,False,56,22.2,25.0,0.38,0.787,268,304,222,258,-7.506,-6.714,17.2,27.892,8.9,14.432,1.8,2.919,3.8,6.162,0.8,1.297,0.4,0.649,1.1,1.784,2.3,3.73,-1.445,-0.967,-1.788,-1.373,-0.096,0.832,-0.859,-0.218,-0.582,-0.383,-0.705,-0.247,-1.376,-1.813,-0.224,-0.344,-0.431,-2.201,19.3,29.316,2.1,1.425
Jordan Clarkson,G,34.0,NYK,NYK,False,72,17.8,21.0,0.451,0.83,269,275,259,271,-7.511,-4.601,13.3,26.899,8.6,17.393,1.8,3.64,1.3,2.629,0.4,0.809,0.1,0.202,1.0,2.022,0.9,1.82,-1.496,-0.404,-1.788,-1.158,-1.274,-0.768,-2.049,-1.167,-1.195,-0.978,-0.806,-0.047,-0.381,-0.75,0.179,0.32,1.299,0.352,13.1,31.232,-0.2,4.333
Guerschon Yabusele,,30.0,CHI,,False,67,15.0,22.0,0.401,0.75,270,250,270,245,-7.576,-4.058,11.9,28.56,5.6,13.44,3.5,8.4,0.9,2.16,0.4,0.96,0.2,0.48,1.0,2.4,0.6,1.44,-2.008,-1.156,-1.048,0.257,-1.463,-0.981,-2.049,-0.873,-0.991,-0.608,-0.806,0.269,-0.6,-1.198,-0.281,-0.629,1.67,0.86,21.5,31.852,9.6,3.292
Zeke Nnaji,F-C,25.0,DEN,DEN,False,52,12.0,13.0,0.47,0.773,271,171,289,232,-7.644,-2.744,9.8,29.4,3.7,11.1,2.6,7.8,0.6,1.8,0.3,0.9,0.5,1.5,0.3,0.9,0.5,1.5,-2.332,-1.6,-1.44,0.079,-1.604,-1.144,-2.347,-0.99,-0.377,0.751,-1.514,-0.988,-0.011,-0.132,0.187,0.502,1.793,0.78,6.2,23.01,-3.6,-6.39
Noah Penda,G-F,21.0,ORL,ORL,False,59,12.8,21.0,0.404,0.688,272,216,278,214,-7.656,-3.527,10.9,30.656,3.8,10.688,3.2,9.0,1.2,3.375,0.5,1.406,0.3,0.844,0.5,1.406,0.7,1.969,-2.315,-1.679,-1.179,0.436,-1.321,-0.43,-1.752,-0.006,-0.786,-0.123,-1.312,-0.564,-0.393,-0.932,-0.144,-0.381,1.546,0.153,7.3,23.257,-3.6,-7.4
Jalen Pickett,G,26.0,DEN,LAC,True,50,16.1,11.0,0.422,0.789,273,260,263,254,-7.688,-4.282,12.6,28.174,5.2,11.627,2.3,5.143,2.3,5.143,0.3,0.671,0.1,0.224,1.0,2.236,0.7,1.565,-2.076,-1.5,-1.57,-0.711,-0.803,0.37,-2.347,-1.435,-1.195,-0.95,-0.806,0.132,-0.365,-0.728,-0.072,-0.152,1.546,0.692,8.1,27.252,-4.5,-0.922
Sidy Cissoko,G,22.0,POR,POR,False,75,19.1,25.0,0.398,0.659,274,301,268,299,-7.691,-6.096,12.0,22.618,5.1,9.613,2.2,4.147,1.5,2.827,0.7,1.319,0.3,0.565,0.8,1.508,0.9,1.696,-2.093,-1.883,-1.614,-1.008,-1.18,-0.678,-1.156,-0.175,-0.786,-0.494,-1.008,-0.478,-0.604,-0.942,-0.548,-0.954,1.299,0.517,8.5,23.906,-3.5,1.288
Ochai Agbaji,G,26.0,BKN,NYK,True,62,15.7,19.0,0.436,0.837,275,268,279,288,-7.694,-4.471,10.7,24.535,5.1,11.694,2.3,5.274,0.8,1.834,0.4,0.917,0.3,0.688,0.5,1.146,0.5,1.146,-2.093,-1.487,-1.57,-0.673,-1.51,-1.128,-2.049,-0.956,-0.786,-0.331,-1.312,-0.781,-0.289,-0.615,0.122,0.249,1.793,1.252,13.0,29.068,2.3,4.533
Gary Trent Jr.,G,27.0,MIL,MIL,False,65,21.2,18.0,0.387,0.769,276,298,266,302,-7.73,-5.663,12.3,20.887,8.1,13.755,1.0,1.698,1.2,2.038,0.5,0.849,0.0,0.0,1.9,3.226,0.6,1.019,-1.582,-1.096,-2.136,-1.736,-1.321,-1.036,-1.752,-1.089,-1.399,-1.247,0.104,0.962,-1.17,-1.614,-0.144,-0.23,1.67,1.423,9.7,23.28,-2.6,2.393
Micah Peavy,G-F,24.0,NOP,MEM,True,61,15.0,15.0,0.385,0.759,277,263,282,290,-7.781,-4.321,10.1,24.24,4.3,10.32,1.9,4.56,1.0,2.4,0.7,1.68,0.1,0.24,0.5,1.2,0.3,0.72,-2.229,-1.749,-1.744,-0.885,-1.416,-0.872,-1.156,0.526,-1.195,-0.928,-1.312,-0.737,-0.762,-1.478,-0.007,-0.022,2.04,1.822,10.4,25.469,0.3,1.229
Gradey Dick,G-F,22.0,TOR,LAC,True,76,14.0,21.0,0.419,0.875,278,238,280,270,-7.805,-3.889,10.5,27.0,6.0,15.429,1.9,4.886,0.7,1.8,0.6,1.543,0.1,0.257,0.7,1.8,0.6,1.543,-1.94,-0.778,-1.744,-0.788,-1.557,-1.144,-1.454,0.26,-1.195,-0.905,-1.11,-0.234,-0.59,-1.278,0.115,0.256,1.67,0.722,7.7,31.862,-2.8,4.862
Dwight Powell,F-C,34.0,DAL,DAL,False,63,14.4,23.0,0.644,0.696,279,289,276,257,-7.833,-5.202,11.2,28.0,3.3,8.25,4.1,10.25,1.1,2.75,0.5,1.25,0.3,0.75,0.0,0.0,0.7,1.75,-2.4,-2.142,-0.787,0.807,-1.368,-0.713,-1.752,-0.31,-0.786,-0.248,-1.818,-1.742,0.353,0.599,-0.822,-1.898,1.546,0.446,14.2,32.354,3.0,4.354
Jett Howard,G,22.0,ORL,DAL,True,55,12.6,22.0,0.418,0.949,280,160,286,251,-7.88,-2.439,9.9,28.286,5.5,15.714,1.6,4.571,0.8,2.286,0.2,0.571,0.2,0.571,1.0,2.857,0.3,0.857,-2.025,-0.723,-1.875,-0.881,-1.51,-0.924,-2.644,-1.629,-0.991,-0.486,-0.806,0.652,-0.523,-1.262,0.453,1.175,2.04,1.639,12.1,27.225,2.2,-1.061
Aaron Holiday,,29.0,HOU,,False,57,13.7,22.0,0.417,0.854,281,231,284,276,-7.939,-3.807,10.0,26.277,5.5,14.453,1.0,2.628,1.1,2.891,0.5,1.314,0.1,0.263,1.2,3.153,0.7,1.839,-2.025,-0.963,-2.136,-1.459,-1.368,-0.65,-1.752,-0.185,-1.195,-0.897,-0.604,0.901,-0.528,-1.163,0.122,0.285,1.546,0.326,9.7,24.25,-0.3,-2.027
Caleb Martin,F,30.0,DAL,DAL,False,58,14.8,12.0,0.45,0.607,282,295,275,262,-8.021,-5.578,11.3,27.486,3.9,9.486,2.5,6.081,1.4,3.405,0.7,1.703,0.3,0.73,0.3,0.73,0.7,1.703,-2.298,-1.907,-1.483,-0.432,-1.227,-0.417,-1.156,0.57,-0.786,-0.275,-1.514,-1.131,-0.159,-0.385,-0.944,-2.11,1.546,0.509,12.0,24.407,0.7,-3.08
Jabari Walker,F,23.0,PHI,PHI,False,64,11.9,19.0,0.455,0.735,283,211,290,229,-8.022,-3.46,9.8,29.647,4.3,13.008,3.0,9.076,0.5,1.513,0.4,1.21,0.2,0.605,0.5,1.513,0.4,1.21,-2.229,-1.238,-1.266,0.458,-1.651,-1.274,-2.049,-0.387,-0.991,-0.441,-1.312,-0.475,-0.159,-0.478,-0.281,-0.793,1.917,1.167,12.0,37.565,2.2,7.918
Tyrese Proctor,G,22.0,CLE,CLE,False,50,10.9,11.0,0.413,0.889,284,150,281,165,-8.058,-2.297,10.2,33.688,5.4,17.835,1.3,4.294,1.5,4.954,0.5,1.651,0.0,0.0,0.9,2.972,0.8,2.642,-2.042,-0.32,-2.005,-0.964,-1.18,0.285,-1.752,0.471,-1.399,-1.247,-0.907,0.749,-0.446,-1.269,0.252,0.746,1.422,-0.747,15.0,42.188,4.8,8.499
Jaden Hardy,G,23.0,WAS,LAL,True,57,15.8,22.0,0.424,0.733,285,279,264,247,-8.059,-4.802,12.5,28.481,9.2,20.962,1.5,3.418,1.0,2.278,0.3,0.684,0.1,0.228,1.8,4.101,1.1,2.506,-1.394,0.274,-1.918,-1.224,-1.416,-0.927,-2.347,-1.411,-1.195,-0.944,0.003,1.695,-0.692,-1.371,-0.152,-0.329,1.052,-0.565,16.8,29.217,4.3,0.736
Gabe Vincent,,30.0,ATL,,False,53,16.6,23.0,0.352,0.87,286,286,293,304,-8.104,-5.156,9.4,20.386,4.4,9.542,1.0,2.169,1.4,3.036,0.5,1.084,0.1,0.217,1.1,2.386,0.5,1.084,-2.212,-1.896,-2.136,-1.596,-1.227,-0.584,-1.752,-0.632,-1.195,-0.958,-0.705,0.257,-0.929,-1.591,0.259,0.51,1.793,1.335,8.6,23.634,-0.8,3.248
Tyus Jones,G,30.0,DEN,DEN,False,67,14.6,16.0,0.349,0.778,287,271,284,287,-8.172,-4.552,10.0,24.658,3.0,7.397,1.1,2.712,2.4,5.918,0.6,1.479,0.0,0.0,0.6,1.479,0.4,0.986,-2.451,-2.304,-2.092,-1.434,-0.756,0.721,-1.454,0.136,-1.399,-1.247,-1.211,-0.502,-0.79,-1.533,0.065,0.145,1.917,1.466,6.8,22.459,-3.2,-2.199
Jaylen Clark,G,24.0,MIN,MIN,False,68,13.1,15.0,0.434,0.657,288,276,294,284,-8.208,-4.698,9.3,25.557,4.0,10.992,1.8,4.947,0.6,1.649,0.7,1.924,0.1,0.275,0.5,1.374,0.3,0.824,-2.281,-1.621,-1.788,-0.77,-1.604,-1.212,-1.156,1.0,-1.195,-0.881,-1.312,-0.591,-0.236,-0.592,-0.677,-1.713,2.04,1.683,9.8,29.898,0.5,4.341
Tyler Kolek,G,25.0,NYK,NYK,False,62,11.7,14.0,0.435,0.7,289,219,273,138,-8.273,-3.549,11.6,35.692,4.4,13.538,1.6,4.923,2.7,8.308,0.4,1.231,0.1,0.308,0.7,2.154,0.9,2.769,-2.212,-1.137,-1.875,-0.777,-0.614,1.803,-2.049,-0.347,-1.195,-0.837,-1.11,0.063,-0.379,-1.011,-0.137,-0.389,1.299,-0.917,9.1,50.4,-2.5,14.708
Keaton Wallace,,27.0,ATL,,False,53,10.1,13.0,0.398,0.667,290,157,291,159,-8.295,-2.4,9.6,34.218,3.5,12.475,1.1,3.921,1.8,6.416,0.5,1.782,0.1,0.356,0.7,2.495,0.5,1.782,-2.366,-1.339,-2.092,-1.075,-1.039,0.946,-1.752,0.725,-1.195,-0.773,-1.11,0.349,-0.398,-1.185,-0.137,-0.451,1.793,0.402,4.5,23.478,-5.1,-10.74
Jonathan Isaac,F,28.0,ORL,ORL,False,52,10.0,8.0,0.422,0.603,291,234,297,196,-8.399,-3.835,8.7,31.32,2.6,9.36,2.5,9.0,0.4,1.44,0.4,1.44,0.6,2.16,0.1,0.36,0.3,1.08,-2.519,-1.931,-1.483,0.436,-1.698,-1.307,-2.049,0.06,-0.173,1.63,-1.716,-1.44,-0.187,-0.59,-0.613,-2.033,2.04,1.341,8.5,30.0,-0.2,-1.32
Rasheer Fleming,F,21.0,PHX,PHX,False,55,12.2,25.0,0.405,0.559,292,282,295,269,-8.457,-4.932,9.2,27.148,4.3,12.689,2.3,6.787,0.3,0.885,0.4,1.18,0.4,1.18,0.8,2.361,0.5,1.475,-2.229,-1.298,-1.57,-0.223,-1.745,-1.558,-2.049,-0.445,-0.582,0.325,-1.008,0.236,-0.461,-1.142,-0.605,-1.64,1.793,0.813,14.0,27.097,4.8,-0.051
Rob Dillingham,,21.0,CHI,,False,65,14.9,27.0,0.396,0.745,293,302,267,237,-8.466,-6.212,12.0,28.993,6.3,15.221,2.0,4.832,2.2,5.315,0.7,1.691,0.1,0.242,0.6,1.45,1.5,3.624,-1.888,-0.817,-1.701,-0.804,-0.85,0.448,-1.156,0.548,-1.195,-0.926,-1.211,-0.527,-0.877,-1.747,-0.144,-0.328,0.557,-2.06,16.5,28.152,4.5,-0.842
Ariel Hukporti,C,24.0,NYK,PHI,True,54,9.2,15.0,0.563,0.788,294,214,300,221,-8.546,-3.519,7.7,30.13,2.2,8.609,2.9,11.348,0.5,1.957,0.2,0.783,0.5,1.957,0.0,0.0,0.6,2.348,-2.587,-2.074,-1.309,1.134,-1.651,-1.073,-2.644,-1.218,-0.377,1.359,-1.818,-1.742,0.114,0.255,0.057,0.194,1.67,-0.354,7.6,30.066,-0.1,-0.065
Tre Mann,G,25.0,CHA,WAS,True,53,12.6,19.0,0.36,0.852,295,291,282,242,-8.724,-5.291,10.1,28.857,5.5,15.714,1.7,4.857,1.6,4.571,0.5,1.429,0.1,0.286,0.9,2.571,1.0,2.857,-2.025,-0.723,-1.831,-0.796,-1.133,0.111,-1.752,0.037,-1.195,-0.867,-0.907,0.413,-1.049,-2.406,-0.007,-0.026,1.175,-1.034,5.0,27.273,-5.1,-1.584
Carter Bryant,F,20.0,SAS,SAS,False,71,11.5,28.0,0.408,0.714,296,281,296,259,-8.773,-4.83,8.9,27.861,4.2,13.148,2.5,7.826,0.7,2.191,0.2,0.626,0.3,0.939,0.7,2.191,0.5,1.565,-2.246,-1.211,-1.483,0.086,-1.557,-0.966,-2.644,-1.522,-0.786,0.004,-1.11,0.094,-0.465,-1.214,-0.274,-0.792,1.793,0.692,13.3,31.92,4.4,4.059
Jordan Hawkins,G,24.0,NOP,CHI,True,51,13.6,15.0,0.366,0.852,297,293,298,300,-8.796,-5.529,8.5,22.5,5.1,13.5,1.7,4.5,0.8,2.118,0.3,0.794,0.2,0.529,0.9,2.382,0.7,1.853,-2.093,-1.144,-1.831,-0.903,-1.51,-1.0,-2.347,-1.196,-0.991,-0.542,-0.907,0.254,-0.987,-2.084,0.324,0.777,1.546,0.308,11.3,31.292,2.8,8.792
Jalen Wilson,F,25.0,BKN,ATL,True,54,15.9,19.0,0.396,0.719,298,303,288,301,-8.939,-6.645,9.9,22.415,6.4,14.491,2.1,4.755,0.9,2.038,0.4,0.906,0.0,0.0,1.0,2.264,0.7,1.585,-1.871,-0.956,-1.657,-0.827,-1.463,-1.036,-2.049,-0.979,-1.399,-1.247,-0.806,0.155,-0.748,-1.388,-0.491,-1.033,1.546,0.666,13.4,26.505,3.5,4.09
Dalton Knecht,F,25.0,LAL,LAL,False,54,10.2,11.0,0.455,0.727,299,256,301,274,-8.961,-4.226,7.5,26.471,4.2,14.824,1.4,4.941,0.4,1.412,0.2,0.706,0.2,0.706,0.7,2.471,0.4,1.412,-2.246,-0.893,-1.962,-0.771,-1.698,-1.319,-2.644,-1.367,-0.991,-0.307,-1.11,0.328,-0.154,-0.555,-0.072,-0.239,1.917,0.898,6.4,40.421,-1.1,13.95
Mohamed Diawara,F,21.0,NYK,NYK,False,69,9.2,24.0,0.423,0.75,300,201,302,253,-8.98,-3.27,7.2,28.174,3.6,14.087,1.4,5.478,0.8,3.13,0.2,0.783,0.1,0.391,0.7,2.739,0.4,1.565,-2.349,-1.033,-1.962,-0.612,-1.51,-0.541,-2.644,-1.218,-1.195,-0.726,-1.11,0.553,-0.322,-1.076,0.194,0.69,1.917,0.692,8.9,24.273,1.7,-3.901
Trayce Jackson-Davis,F,26.0,TOR,TOR,False,53,9.4,15.0,0.573,0.514,301,297,292,128,-9.082,-5.612,9.5,36.383,3.4,13.021,2.7,10.34,0.7,2.681,0.3,1.149,0.5,1.915,0.0,0.0,0.4,1.532,-2.383,-1.235,-1.396,0.834,-1.557,-0.745,-2.347,-0.506,-0.377,1.303,-1.818,-1.742,0.291,0.708,-1.412,-4.966,1.917,0.737,4.0,36.0,-5.5,-0.383
Jase Richardson,G,20.0,ORL,ORL,False,54,10.9,15.0,0.473,0.717,302,292,299,266,-9.162,-5.296,8.3,27.413,4.4,14.532,1.2,3.963,1.1,3.633,0.4,1.321,0.0,0.0,0.5,1.651,0.5,1.651,-2.212,-0.948,-2.049,-1.062,-1.368,-0.314,-2.049,-0.171,-1.399,-1.247,-1.312,-0.358,-0.154,-0.519,-0.411,-1.254,1.793,0.577,6.6,30.857,-1.7,3.444
Cam Christie,G,20.0,LAC,LAC,False,55,8.7,17.0,0.381,0.76,303,300,303,296,-9.707,-5.827,5.7,23.586,2.8,11.586,1.4,5.793,0.6,2.483,0.3,1.241,0.1,0.414,0.2,0.828,0.4,1.655,-2.485,-1.508,-1.962,-0.518,-1.604,-0.834,-2.347,-0.326,-1.195,-0.696,-1.615,-1.049,-0.336,-1.149,-0.08,-0.318,1.917,0.572,3.7,22.576,-2.0,-1.01
Jamison Battle,F,25.0,TOR,TOR,False,61,8.5,22.0,0.51,0.643,304,288,303,292,-9.708,-5.183,5.7,24.141,3.1,13.129,1.5,6.353,0.4,1.694,0.1,0.424,0.0,0.0,0.6,2.541,0.3,1.271,-2.434,-1.215,-1.918,-0.352,-1.698,-1.192,-2.942,-1.916,-1.399,-1.247,-1.211,0.388,0.056,0.049,-0.202,-0.785,2.04,1.086,6.2,26.259,0.5,2.118
