PLAYER_NAME,TEAM_2026_27,AGE,GP_2025_26,LAST_FULL_SEASON,GP,MIN,PTS,REB,AST,STL,BLK,FG3M,TOV,FGM,FGA,FTM,FTA,USG_PCT,PACE,OFF_RATING
Jayson Tatum,BOS,27,16,2024-25,72,36.4,26.8,8.7,6.0,1.1,0.5,3.5,2.9,9.2,20.3,5.0,6.1,0.301,98.14,119.6
Damian Lillard,POR,34,0,2024-25,58,36.1,24.9,4.7,7.1,1.2,0.2,3.4,2.8,7.7,17.1,6.2,6.8,0.269,100.86,115.3
Anthony Davis,WAS,32,20,2024-25,51,33.4,24.7,11.6,3.5,1.2,2.2,0.7,2.2,9.2,17.8,5.6,7.2,0.301,98.83,113.3
Kyrie Irving,DAL,33,0,2024-25,50,36.1,24.7,4.8,4.6,1.3,0.5,2.9,2.2,8.9,18.9,3.9,4.3,0.264,99.98,116.5
Trae Young,WAS,26,15,2024-25,76,36.0,24.2,3.1,11.6,1.2,0.2,2.9,4.7,7.4,18.1,6.5,7.4,0.285,105.51,115.2
Ja Morant,POR,25,20,2024-25,50,30.4,23.2,4.1,7.3,1.2,0.2,1.8,3.7,8.1,17.8,5.3,6.4,0.312,105.74,116.4
Dejounte Murray,NOP,27,14,2023-24,78,35.7,22.5,5.3,6.4,1.4,0.3,2.6,2.6,8.6,18.8,2.7,3.4,0.259,101.33,116.8
Domantas Sabonis,SAC,29,19,2024-25,70,34.7,19.1,13.9,6.0,0.7,0.4,0.9,2.9,7.5,12.8,3.1,4.1,0.213,99.78,116.5
Tyrese Haliburton,IND,25,0,2024-25,73,33.6,18.6,3.5,9.2,1.4,0.7,3.0,1.6,6.5,13.8,2.6,3.0,0.21,100.82,117.7
Bradley Beal,LAC,32,6,2024-25,53,32.1,17.0,3.3,3.7,1.1,0.5,1.9,1.9,6.5,13.1,2.1,2.6,0.219,100.02,110.6
Fred VanVleet,HOU,31,0,2024-25,60,35.2,14.1,3.7,5.6,1.6,0.4,2.7,1.5,4.8,12.7,1.9,2.3,0.176,98.18,115.0
Keegan Murray,SAC,24,23,2024-25,76,34.3,12.4,6.7,1.4,0.8,0.9,2.0,0.8,4.8,10.8,0.8,0.9,0.148,100.09,114.8
Walker Kessler,LAL,23,5,2024-25,58,30.0,11.1,12.2,1.7,0.6,2.4,0.1,1.5,4.8,7.2,1.4,2.6,0.133,100.8,109.2
Bogdan Bogdanović,HOU,32,23,2024-25,54,25.0,10.8,2.9,2.7,0.8,0.2,1.9,1.4,3.9,9.1,1.1,1.2,0.183,101.35,112.7
Max Strus,LAC,29,12,2024-25,50,25.5,9.4,4.3,3.2,0.5,0.2,2.3,1.1,3.3,7.5,0.6,0.7,0.143,101.34,120.1
