PICK,PLAYER_NAME,TEAM,POSITION,COLLEGE,AGE,MODEL,TEAM_WPCT_2025_26,OPEN_MIN_AT_POS,GP,MIN,PTS,PTS_LOW,PTS_HIGH,REB,AST,STL,BLK,FG3M,TOV,FGM,FGA,FG_PCT,FTM,FTA,FT_PCT,SCOUTING_NOTE,PLAYER_ID
1,AJ Dybantsa,WAS,F,Brigham Young,19.4,college,0.207,0.1,78.0,31.562,17.25,15.094,19.103,5.479,3.121,0.708,0.319,1.211,2.414,6.613,14.975,0.442,2.982,3.846,0.775,Day 1 starter at SF next to Trae Young and Anthony Davis; led the nation in FT made and attempted; 3P (33%) is the swing skill,1643407
2,Darryn Peterson,UTA,G,Kansas,19.4,college,0.268,11.9,68.491,29.171,16.331,14.338,18.044,3.418,2.369,0.968,0.244,2.219,1.979,5.519,14.712,0.375,2.332,2.934,0.795,"Starting guard next to Keyonte George, most talented combo-guard scorer (38% 3P); missed 11 college games to injury/illness",1643408
3,Cameron Boozer,MEM,F,Duke,18.9,college,0.305,-26.4,71.328,28.821,15.279,13.31,16.971,7.583,3.398,0.874,0.548,1.373,2.104,5.657,11.651,0.486,2.739,3.645,0.751,"Day 1 starter and offensive focal point in Memphis; national player of the year, elite rebounder and passer from the 4",1643409
4,Caleb Wilson,CHI,F,North Carolina,19.9,college,0.378,12.1,64.609,27.646,12.546,10.657,14.169,6.649,2.075,0.963,0.866,0.356,1.73,5.015,10.19,0.492,2.141,3.177,0.674,"Day 1 starter next to Matas Buzelis; explosive, 7-foot wingspan, shot blocker; college season ended by hand and thumb fractures",1643410
5,Keaton Wagler,LAC,G,Illinois,19.4,college,0.512,12.4,61.643,23.378,11.299,9.702,12.672,3.454,2.79,0.636,0.242,1.48,1.558,3.819,9.377,0.407,1.998,2.512,0.795,Immediate rotation player with a path to start; RotoWire flags playmaking inconsistency (bust risk),1643413
6,Mikel Brown Jr.,BKN,G,Louisville,20.2,college,0.244,2.8,61.65,24.499,12.025,10.351,13.464,2.593,3.784,0.745,0.117,1.806,1.977,3.842,10.453,0.368,2.05,2.52,0.814,Bench guard on a rebuilding Nets team with a path to start,1643414
7,Darius Acuff Jr.,SAC,G,Arkansas,19.6,college,0.268,66.5,63.499,28.58,14.083,12.13,15.761,3.464,5.209,0.715,0.17,1.564,2.131,5.052,12.424,0.407,2.192,2.765,0.793,Expected to start and have the ball in his hands on a rebuilding Kings team; led the SEC in scoring and assists,1643411
8,Kingston Flemings,ATL,G,Houston,19.5,college,0.561,-11.6,52.999,18.094,7.827,6.591,8.889,2.381,2.575,0.689,0.159,0.721,1.139,3.032,7.0,0.433,1.031,1.32,0.781,"Off-bench scorer, undersized, no clear path to start in Atlanta (team context already in the model)",1643412
9,Morez Johnson Jr.,DAL,F,Michigan,20.4,college,0.317,23.9,59.84,20.127,8.84,7.465,10.021,4.78,1.238,0.553,0.614,0.552,0.961,3.446,6.508,0.529,1.471,1.997,0.736,Possible starter next to Cooper Flagg but a tough path to 20+ minutes,1643516
10,Brayden Burries,MIL,G,Arizona,20.8,college,0.39,-41.1,52.806,17.724,7.046,5.835,8.087,2.064,1.57,0.638,0.125,0.853,0.856,2.591,6.293,0.412,1.03,1.352,0.762,Possible starter next to Tyler Herro,1643415
11,Yaxel Lendeborg,GSW,F,Alabama-Birmingham,23.7,college,0.451,-6.7,58.302,22.515,8.631,7.093,9.953,4.398,1.837,0.79,0.519,1.06,0.834,3.18,6.59,0.483,1.189,1.613,0.737,"Age 24, two-way, ready now; Warriors injuries open a starting path (RotoWire's best redraft rookie)",1642865
12,Aday Mara,OKC,C,Michigan,21.2,college,0.78,6.0,48.805,11.536,4.517,3.729,5.194,3.347,0.628,0.194,0.767,0.014,0.619,1.891,2.955,0.64,0.611,1.041,0.587,Stash: needs major injuries to play on the Thunder,1643530
13,Nate Ament,MIL,F,Tennessee,19.5,college,0.39,41.3,51.497,18.725,7.192,5.913,8.291,3.822,1.073,0.518,0.415,0.719,1.021,2.596,6.111,0.425,1.43,1.88,0.761,"Rotation wing, still growing; gets to the line",1643417
14,Hannes Steinbach,CHA,F,Washington,20.2,college,0.537,-19.2,45.83,18.161,7.567,6.326,8.633,4.953,0.908,0.521,0.484,0.602,0.866,2.919,5.945,0.491,1.071,1.471,0.728,Potential Day 1 starter in Charlotte,1643419
15,Dailyn Swain,CHI,F,Texas,20.9,college,0.378,12.1,51.142,18.413,6.797,5.538,7.878,3.45,1.823,0.666,0.278,0.597,1.03,2.521,5.521,0.457,1.162,1.522,0.763,,1643517
16,Bennett Stirtz,OKC,G,Iowa,22.7,college,0.78,58.2,46.593,11.98,4.968,4.149,5.671,1.122,1.494,0.397,0.032,0.735,0.628,1.807,4.234,0.427,0.586,0.734,0.797,"Crowded Thunder backcourt, limited year-one role",1642892
17,Ebuka Okorie,DET,G,Stanford,19.2,college,0.732,-4.6,38.832,12.256,5.81,4.973,6.53,1.417,1.615,0.416,0.084,0.607,0.787,2.077,4.817,0.431,1.068,1.366,0.782,Dynamic scorer but one injury away from a role in Detroit (team context already in the model),1643536
18,Christian Anderson,CHA,G,Texas Tech,20.2,college,0.537,6.1,44.14,15.091,6.203,5.172,7.089,1.417,2.574,0.491,0.086,1.1,1.143,2.191,5.616,0.39,0.628,0.795,0.79,,1643515
19,Allen Graves,TOR,F,Santa Clara,19.9,college,0.561,34.2,47.381,14.956,5.692,4.67,6.569,3.711,0.978,0.798,0.393,0.761,0.654,2.127,4.852,0.438,0.629,0.936,0.673,One injury away from a real role in Toronto,1643512
20,Jayden Quaintance,SAS,F,Kentucky,19.0,college,0.756,-10.6,22.298,9.834,2.438,1.766,3.015,2.59,0.267,0.285,0.375,0.021,0.567,0.988,2.126,0.465,0.479,0.958,0.5,Recovering from a knee injury; could pair with Victor Wembanyama (team context already in the model),1643519
21,Karim Lopez,MEM,F,-,,draft slot,0.305,-26.4,44.541,15.323,5.733,4.607,6.774,2.578,1.272,0.481,0.305,0.633,0.796,2.175,4.894,0.444,0.794,1.077,0.737,,1643510
22,Labaron Philon,PHI,G,Alabama,20.6,college,0.549,-21.4,40.191,12.081,5.366,4.541,6.075,1.331,1.715,0.336,0.079,0.694,0.822,1.997,4.541,0.44,0.756,0.977,0.774,"Third guard off the bench in Philadelphia, blocked by star acquisitions (team context already in the model)",1642889
23,Zuby Ejiofor,ATL,F,St. John's,22.2,college,0.561,16.1,46.225,15.281,5.526,4.482,6.423,3.564,1.381,0.536,0.651,0.112,0.872,2.121,4.02,0.528,1.081,1.61,0.671,,1643544
24,Cameron Carr,LAL,G,Baylor,21.6,college,0.646,-15.3,37.495,9.12,3.455,2.832,3.99,1.415,0.81,0.227,0.177,0.454,0.478,1.274,2.988,0.426,0.482,0.628,0.768,"Long-term fit, limited immediate minutes for the Lakers",1643418
25,Sergio de Larrea,DAL,G,"Valencia, Spain",,draft slot,0.317,43.5,46.574,17.777,6.494,5.189,7.703,2.963,1.457,0.56,0.347,0.731,0.9,2.466,5.552,0.444,0.888,1.205,0.736,,1643547
26,Tarris Reed Jr.,SAS,C,Connecticut,22.9,college,0.756,8.2,40.627,12.068,4.273,3.448,4.981,3.469,0.697,0.354,0.566,0.039,0.546,1.793,3.105,0.577,0.567,0.94,0.603,,1643542
27,Chris Cenac Jr.,BOS,F,Houston,19.4,college,0.683,3.5,34.376,10.87,3.724,2.981,4.362,2.6,0.251,0.292,0.194,0.49,0.364,1.498,3.4,0.44,0.279,0.426,0.654,,1643416
28,Joshua Jefferson,BKN,F,Iowa State,22.6,college,0.244,-4.5,47.347,16.578,5.174,4.041,6.147,3.714,1.675,0.635,0.397,0.425,0.909,1.981,4.421,0.448,0.84,1.273,0.66,,1643538
29,Alex Karaban,SAC,F,Connecticut,23.6,college,0.268,35.6,48.926,18.051,6.179,4.945,7.238,2.895,1.141,0.541,0.283,1.043,0.448,2.179,4.717,0.462,0.74,0.92,0.805,,1642284
30,Koa Peat,PHX,F,Arizona,19.4,college,0.549,10.5,36.86,12.419,4.558,3.71,5.287,2.486,0.95,0.311,0.283,0.129,0.659,1.878,3.763,0.499,0.785,1.184,0.663,,1643520
31,Bruce Thornton,HOU,G,Ohio State,22.8,college,0.634,1.4,39.18,11.955,4.24,3.423,4.941,1.368,1.355,0.38,0.038,0.491,0.531,1.682,3.823,0.44,0.392,0.514,0.761,,1643570
33,Isaiah Evans,MIN,F,Duke,20.6,college,0.598,40.6,37.135,12.955,5.536,4.651,6.296,1.602,0.921,0.316,0.164,1.067,0.524,1.949,4.501,0.433,0.672,0.83,0.809,,1642912
34,Meleek Thomas,CLE,G,Arkansas,19.9,college,0.634,29.8,34.373,11.628,4.53,3.736,5.213,1.465,0.989,0.446,0.066,0.744,0.49,1.578,4.197,0.376,0.537,0.667,0.805,,1643509
35,Trevon Brazile,DEN,F,Arkansas,23.5,college,0.659,-21.5,35.664,9.886,2.752,2.077,3.333,2.026,0.407,0.373,0.278,0.307,0.23,1.056,2.209,0.478,0.328,0.493,0.666,,1642350
36,Baba Miller,LAC,F,Cincinnati,22.4,college,0.512,12.3,39.257,12.882,3.458,2.577,4.214,3.247,0.905,0.349,0.397,0.143,0.508,1.372,2.664,0.515,0.481,0.763,0.631,,1642394
37,Ryan Conwell,MIA,G,Louisville,22.0,college,0.524,21.6,36.782,12.446,5.438,4.588,6.169,1.338,1.357,0.362,0.024,1.032,0.693,1.771,4.761,0.372,0.739,0.932,0.793,,1643553
38,Braden Smith,IND,G,Purdue,22.9,college,0.232,5.5,43.401,15.417,5.3,4.247,6.205,1.495,3.264,0.67,0.049,0.687,1.211,1.955,5.432,0.36,0.555,0.733,0.757,,1643552
40,Dillon Mitchell,BOS,F,St. John's,22.7,college,0.683,3.5,34.645,10.094,2.43,1.74,3.023,1.992,0.727,0.375,0.212,0.054,0.322,1.002,2.073,0.483,0.346,0.621,0.557,,1641759
41,Otega Oweh,OKC,G,Kentucky,23.0,college,0.78,58.2,33.864,11.023,3.689,2.936,4.336,1.411,0.924,0.44,0.098,0.31,0.506,1.405,3.322,0.423,0.62,0.889,0.697,,1642923
42,Ja'Kobi Gillespie,SAS,G,Tennessee,22.3,college,0.756,-5.9,31.001,8.304,3.196,2.629,3.684,0.644,1.2,0.343,0.022,0.535,0.473,1.136,2.884,0.394,0.383,0.494,0.775,,1643551
43,Tyler Bilodeau,BKN,F,UCLA,22.2,college,0.244,-4.5,38.85,13.655,4.689,3.756,5.491,2.405,0.462,0.292,0.16,0.804,0.411,1.728,3.986,0.434,0.419,0.505,0.83,,1643548
44,Maliq Brown,SAS,F,Duke,22.6,college,0.756,-10.6,32.983,8.559,1.759,1.174,2.262,1.755,0.47,0.449,0.217,0.2,0.345,0.746,1.476,0.506,0.131,0.248,0.527,,1643576
45,Emanuel Sharp,SAC,G,Houston,22.3,college,0.268,66.5,43.918,17.07,6.725,5.559,7.727,1.48,1.379,0.58,0.007,1.296,0.699,2.207,6.02,0.367,0.858,1.026,0.836,,1643567
46,Felix Okpara,WAS,C,Tennessee,22.2,college,0.207,-23.9,38.29,12.987,3.473,2.586,4.235,2.986,0.134,0.304,0.548,0.258,0.252,1.292,2.256,0.573,0.421,0.649,0.649,,1643590
47,Tyler Nickel,NYK,F,Vanderbilt,22.8,college,0.646,-16.1,30.447,8.317,2.854,2.286,3.342,0.969,0.426,0.236,0.067,0.692,0.177,0.999,2.38,0.42,0.187,0.23,0.811,,1643589
48,Tobi Lawal,DAL,F,Virginia Tech,23.2,college,0.317,23.9,37.342,13.5,3.717,2.795,4.51,3.147,0.603,0.33,0.363,0.295,0.466,1.362,2.87,0.475,0.62,0.882,0.702,,1643588
49,Bryce Hopkins,DEN,F,St. John's,24.8,college,0.659,-21.5,31.531,8.171,2.185,1.627,2.665,1.406,0.404,0.29,0.1,0.177,0.213,0.805,1.84,0.438,0.408,0.586,0.696,,1643624
50,Jaden Bradley,TOR,G,Arizona,22.8,college,0.561,2.3,33.001,10.026,2.701,2.016,3.289,1.037,1.155,0.405,0.09,0.17,0.465,1.064,2.607,0.408,0.476,0.636,0.749,,1643558
51,Izaiyah Nelson,ORL,F,South Florida,22.7,college,0.549,1.8,33.684,10.23,3.73,3.031,4.33,2.594,0.418,0.454,0.36,0.197,0.377,1.411,2.707,0.521,0.602,0.972,0.62,,1643593
52,Henri Veesaar,ATL,C,North Carolina,22.2,college,0.561,10.0,33.439,10.348,3.348,2.641,3.955,2.377,0.385,0.206,0.271,0.339,0.359,1.337,2.545,0.525,0.353,0.546,0.646,,1643539
53,Ugonna Onyenso,DET,C,Virginia,21.7,college,0.732,-6.8,30.446,8.0,2.695,2.148,3.165,2.31,0.223,0.278,0.644,0.136,0.174,1.061,1.666,0.637,0.271,0.45,0.601,,1642391
55,Nick Martinelli,LAC,F,Northwestern,22.2,college,0.512,12.3,31.905,10.252,3.884,3.184,4.486,1.793,0.619,0.269,0.105,0.372,0.438,1.51,3.338,0.453,0.504,0.651,0.774,,1643568
58,Jaron Pierre Jr.,NOP,G,Southern Methodist,24.0,college,0.317,-17.3,33.218,10.702,3.654,2.922,4.282,1.409,0.644,0.289,0.095,0.628,0.351,1.37,3.219,0.426,0.344,0.46,0.748,,1643555
