PLAYER_NAME,MIN_MULT,GP_MULT,PTS_MULT,REB_MULT,AST_MULT,STL_MULT,BLK_MULT,FG3M_MULT,FTA_MULT,NOTE,SOURCE
AJ Dybantsa,0.97,,,,,,,,1.10,"Day 1 starter at SF next to Trae Young and Anthony Davis; led the nation in FT made and attempted; 3P (33%) is the swing skill",ESPN fantasy outlook; RotoWire dynasty rankings
Darryn Peterson,1.00,0.90,,,,,,1.05,,"Starting guard next to Keyonte George, most talented combo-guard scorer (38% 3P); missed 11 college games to injury/illness",ESPN fantasy outlook; ESPN scouting
Cameron Boozer,1.12,,,1.08,1.05,,,,,"Day 1 starter and offensive focal point in Memphis; national player of the year, elite rebounder and passer from the 4",ESPN fantasy outlook; RotoWire dynasty rankings
Caleb Wilson,1.10,0.95,,,,,1.10,,,"Day 1 starter next to Matas Buzelis; explosive, 7-foot wingspan, shot blocker; college season ended by hand and thumb fractures",ESPN fantasy outlook; RotoWire dynasty rankings
Keaton Wagler,1.05,,,,,,,,,"Immediate rotation player with a path to start; RotoWire flags playmaking inconsistency (bust risk)",ESPN fantasy outlook; RotoWire dynasty rankings
Mikel Brown Jr.,1.05,,,,,,,,,"Bench guard on a rebuilding Nets team with a path to start",ESPN fantasy outlook; RotoWire dynasty rankings
Darius Acuff Jr.,1.12,,,,1.10,,,,,"Expected to start and have the ball in his hands on a rebuilding Kings team; led the SEC in scoring and assists",ESPN fantasy outlook; RotoWire dynasty rankings
Kingston Flemings,1.00,,,,,,,,,"Off-bench scorer, undersized, no clear path to start in Atlanta (team context already in the model)",ESPN fantasy outlook; RotoWire dynasty rankings
Morez Johnson Jr.,0.90,,,,,,,,,"Possible starter next to Cooper Flagg but a tough path to 20+ minutes",ESPN fantasy outlook; RotoWire dynasty rankings
Yaxel Lendeborg,1.15,,,,,,,,,"Age 24, two-way, ready now; Warriors injuries open a starting path (RotoWire's best redraft rookie)",ESPN fantasy outlook; RotoWire dynasty rankings
Brayden Burries,1.00,,,,,,,,,"Possible starter next to Tyler Herro",ESPN fantasy outlook
Nate Ament,0.95,,,,,,,,1.05,"Rotation wing, still growing; gets to the line",ESPN fantasy outlook
Hannes Steinbach,1.20,,,,,,,,,"Potential Day 1 starter in Charlotte",RotoWire dynasty rankings
Allen Graves,0.90,,,,,,,,,"One injury away from a real role in Toronto",RotoWire dynasty rankings
Ebuka Okorie,1.00,,,,,,,,,"Dynamic scorer but one injury away from a role in Detroit (team context already in the model)",ESPN fantasy outlook; RotoWire dynasty rankings
Aday Mara,0.75,,,,,,,,,"Stash: needs major injuries to play on the Thunder",RotoWire dynasty rankings
Bennett Stirtz,0.75,,,,,,,,,"Crowded Thunder backcourt, limited year-one role",RotoWire dynasty rankings
Labaron Philon,0.95,,,,,,,,,"Third guard off the bench in Philadelphia, blocked by star acquisitions (team context already in the model)",ESPN fantasy outlook; RotoWire dynasty rankings
Cameron Carr,0.80,,,,,,,,,"Long-term fit, limited immediate minutes for the Lakers",RotoWire dynasty rankings
Jayden Quaintance,1.00,0.70,,,,,,,,"Recovering from a knee injury; could pair with Victor Wembanyama (team context already in the model)",ESPN fantasy outlook
