PLAYER_ID,PLAYER_NAME,TEAM_NEXT,TEAM_RANK,ROLE
203999,Nikola Jokić,DEN,1,key
1629029,Luka Dončić,LAL,1,key
1628983,Shai Gilgeous-Alexander,OKC,1,key
1641705,Victor Wembanyama,SAS,1,key
1630178,Tyrese Maxey,PHI,1,key
203076,Anthony Davis,WAS,1,key
1630595,Cade Cunningham,DET,1,key
203507,Giannis Antetokounmpo,MIA,1,key
202695,Kawhi Leonard,TOR,1,key
1628369,Jayson Tatum,BOS,1,key
1630552,Jalen Johnson,ATL,1,key
1630169,Tyrese Haliburton,IND,1,key
1628378,Donovan Mitchell,CLE,1,key
1627750,Jamal Murray,DEN,2,key
1630162,Anthony Edwards,MIN,1,key
1627734,Domantas Sabonis,SAC,1,key
1629027,Trae Young,WAS,2,key
203081,Damian Lillard,POR,1,key
1630567,Scottie Barnes,TOR,2,key
1630578,Alperen Sengun,HOU,1,key
201142,Kevin Durant,HOU,2,key
1627759,Jaylen Brown,PHI,2,key
201935,James Harden,CLE,2,key
203954,Joel Embiid,PHI,3,key
2544,LeBron James,PHI,4,rotation
202681,Kyrie Irving,DAL,1,key
201939,Stephen Curry,GSW,1,key
1627749,Dejounte Murray,NOP,1,key
1629645,Kevin Porter Jr.,MIL,1,key
1628973,Jalen Brunson,NYK,1,key
1628374,Lauri Markkanen,UTA,1,key
1630581,Josh Giddey,CHI,1,key
1630166,Deni Avdija,POR,2,key
1630530,Trey Murphy III,NOP,2,key
1630596,Evan Mobley,CLE,3,key
1641708,Amen Thompson,HOU,3,key
1630559,Austin Reaves,LAL,2,key
1629008,Michael Porter Jr.,BKN,1,key
1630163,LaMelo Ball,MIN,2,key
1642843,Cooper Flagg,DAL,2,key
1626157,Karl-Anthony Towns,NYK,2,key
1626164,Devin Booker,PHX,1,key
1628389,Bam Adebayo,MIA,2,key
1629630,Ja Morant,POR,3,key
1641718,Keyonte George,UTA,2,key
1627783,Pascal Siakam,IND,2,key
202710,Jimmy Butler III,GSW,2,key
1631105,Jalen Duren,DET,2,key
1631096,Chet Holmgren,OKC,2,key
1631094,Paolo Banchero,ORL,1,key
1629660,Ty Jerome,MEM,1,key
1628401,Derrick White,BOS,2,key
1631117,Walker Kessler,LAL,3,key
203944,Julius Randle,BKN,2,key
1628368,De'Aaron Fox,SAS,2,key
1631157,Ryan Rollins,MIL,2,key
1630700,Dyson Daniels,ATL,2,key
1642259,Alex Sarr,WAS,3,key
1629638,Nickeil Alexander-Walker,ATL,3,key
1627742,Brandon Ingram,LAC,1,key
1629639,Tyler Herro,MIL,3,key
1629627,Zion Williamson,NOP,3,key
1630217,Desmond Bane,ORL,2,key
202331,Paul George,BOS,3,key
1642270,Donovan Clingan,POR,4,rotation
1630168,Onyeka Okongwu,ATL,4,rotation
1630193,Immanuel Quickley,TOR,3,key
1642264,Stephon Castle,SAS,3,key
1628991,Jaren Jackson Jr.,UTA,3,key
1629636,Darius Garland,LAC,2,key
1631114,Jalen Williams,OKC,3,key
1641706,Brandon Miller,CHA,1,key
1629614,Andrew Nembhard,IND,3,key
1641744,Zach Edey,MEM,2,key
1642845,VJ Edgecombe,PHI,5,rotation
1630532,Franz Wagner,ORL,3,key
1628969,Mikal Bridges,NYK,3,key
1630591,Jalen Suggs,ORL,4,rotation
202696,Nikola Vučević,ORL,5,rotation
1628386,Jarrett Allen,CLE,4,rotation
1627832,Fred VanVleet,HOU,4,rotation
1628384,OG Anunoby,NYK,4,rotation
1630202,Payton Pritchard,BOS,4,rotation
203497,Rudy Gobert,MIN,3,key
201950,Jrue Holiday,POR,5,rotation
1642851,Kon Knueppel,CHA,2,key
203994,Jusuf Nurkić,UTA,4,rotation
1626181,Norman Powell,CHI,2,key
201942,DeMar DeRozan,DEN,3,key
1628404,Josh Hart,NYK,5,rotation
203952,Andrew Wiggins,MIA,3,key
203468,CJ McCollum,ATL,5,rotation
1629628,RJ Barrett,TOR,4,rotation
1630200,Tre Jones,CHI,3,key
203078,Bradley Beal,LAC,3,key
1641824,Matas Buzelis,CHI,4,rotation
1642273,Kyshawn George,WAS,4,rotation
1627826,Ivica Zubac,IND,4,rotation
1643409,Cameron Boozer,MEM,3,key
204001,Kristaps Porziņģis,GSW,3,key
1631113,Kennedy Chandler,PHX,2,key
1628960,Grayson Allen,CHA,3,key
1628970,Miles Bridges,PHX,3,key
1630180,Saddiq Bey,NOP,4,rotation
1631095,Jabari Smith Jr.,HOU,5,rotation
1630183,Jaden McDaniels,MIN,4,rotation
1630583,Santi Aldama,DAL,3,key
1629651,Nic Claxton,CHI,5,rotation
1628392,Isaiah Hartenstein,OKC,4,rotation
1642263,Reed Sheppard,HOU,6,rotation
1631170,Jaime Jaquez Jr.,MIL,4,rotation
1631101,Shaedon Sharpe,POR,6,rotation
1641709,Ausar Thompson,DET,3,key
1629675,Naz Reid,CHA,4,rotation
1641710,Anthony Black,ORL,6,rotation
1629674,Neemias Queta,BOS,5,rotation
1642955,Kadary Richmond,CLE,5,rotation
1631221,Collin Gillespie,PHX,4,rotation
203932,Aaron Gordon,DEN,4,rotation
1642276,Kel'el Ware,MIL,5,rotation
1629023,P.J. Washington,DAL,4,rotation
1630245,Ayo Dosunmu,MIN,5,rotation
1642268,Isaiah Collier,UTA,5,rotation
1631212,Peyton Watson,CLE,6,rotation
1628978,Donte DiVincenzo,MIN,6,rotation
1641764,Brandin Podziemski,GSW,4,rotation
1642852,Derik Queen,NOP,5,rotation
1629028,Deandre Ayton,WAS,5,rotation
203897,Zach LaVine,SAC,2,key
1631109,Mark Williams,PHX,5,rotation
1630230,Naji Marshall,DAL,5,rotation
1642882,Julian Reese,NOP,6,rotation
1628415,Dillon Brooks,PHX,6,rotation
1631099,Keegan Murray,SAC,3,key
1642349,Ajay Mitchell,OKC,5,rotation
1627751,Jakob Poeltl,TOR,5,rotation
1630558,Davion Mitchell,MIA,4,rotation
203924,Jerami Grant,MEM,4,rotation
1642285,Cam Spencer,MEM,5,rotation
1626162,Kelly Oubre Jr.,IND,5,rotation
1626167,Myles Turner,MIL,6,rotation
1643016,Bez Mbeng,MIA,5,rotation
1630224,Jalen Green,PHX,7,rotation
1630170,Devin Vassell,SAS,4,rotation
202699,Tobias Harris,SAS,5,rotation
1643407,AJ Dybantsa,WAS,6,rotation
1641739,Toumani Camara,POR,7,rotation
1628976,Wendell Carter Jr.,ORL,7,rotation
1641731,Bilal Coulibaly,WAS,7,rotation
1642271,Kyle Filipowski,UTA,6,rotation
1643410,Caleb Wilson,CHI,6,rotation
1630590,Scotty Pippen Jr.,MEM,6,rotation
1628381,John Collins,DET,4,rotation
1631097,Bennedict Mathurin,NOP,7,rotation
1642907,Cedric Coward,MEM,7,rotation
1629632,Coby White,CHA,5,rotation
1631217,Moussa Diabaté,CHA,6,rotation
1626171,Bobby Portis Jr.,MIA,6,rotation
1643411,Darius Acuff Jr.,SAC,4,rotation
1642281,Jaylon Tyson,CLE,7,rotation
1629655,Daniel Gafford,DAL,6,rotation
1642847,Jeremiah Fears,NOP,8,rotation
1629012,Collin Sexton,LAL,4,rotation
203110,Draymond Green,GSW,5,rotation
1629656,Quentin Grimes,LAL,5,rotation
1642875,Maxime Raynaud,SAC,5,rotation
204456,T.J. McConnell,IND,6,rotation
1642844,Dylan Harper,SAS,6,rotation
1641771,Jalen Slawson,IND,7,rotation
1631128,Christian Braun,DEN,5,rotation
1630643,Jay Huff,IND,8,rotation
1642504,Cormac Ryan,MIL,7,rotation
1642846,Ace Bailey,UTA,7,rotation
1626220,Royce O'Neale,CHA,7,rotation
1630577,Julian Champagnie,SAS,7,rotation
1630572,Sandro Mamukelashvili,LAL,6,rotation
1629661,Cameron Johnson,DEN,6,rotation
1641717,Cason Wallace,OKC,6,rotation
201143,Al Horford,GSW,6,rotation
1628398,Kyle Kuzma,MIL,8,rotation
1630173,Precious Achiuwa,SAC,6,rotation
1629057,Robert Williams III,POR,8,rotation
1630541,Moses Moody,GSW,7,rotation
1629011,Mitchell Robinson,BOS,6,rotation
1629001,De'Anthony Melton,GSW,8,rotation
1630703,Scoot Henderson,POR,9,bench
1630314,Brandon Williams,GSW,9,bench
1631106,Tari Eason,HOU,7,rotation
1630241,Sam Merrill,CLE,8,rotation
1630540,Miles McBride,NYK,6,rotation
1629640,Keldon Johnson,SAS,8,rotation
1643408,Darryn Peterson,UTA,8,rotation
1628963,Marvin Bagley III,DEN,7,rotation
1630188,Jalen Smith,CHI,7,rotation
1630174,Aaron Nesmith,IND,9,bench
1630549,Day'Ron Sharpe,BKN,3,key
1630191,Isaiah Stewart,MEM,8,rotation
1642867,Collin Murray-Boyles,TOR,6,rotation
1630529,Herbert Jones,NOP,9,bench
1627884,Derrick Jones Jr.,LAC,4,rotation
1629130,Duncan Robinson,DET,5,rotation
1641729,Brice Sensabaugh,UTA,9,bench
1630692,Jordan Goodwin,PHX,8,rotation
1627739,Kris Dunn,LAC,5,rotation
1642928,Dylan Cardwell,SAC,7,rotation
1629014,Anfernee Simons,PHI,6,rotation
1641713,GG Jackson,MEM,9,bench
1628989,Kevin Huerter,DET,6,rotation
1641796,Pelle Larsson,MIA,7,rotation
1641750,Ryan Kalkbrenner,CHA,8,rotation
1628436,Luke Kornet,SAS,9,bench
203471,Dennis Schröder,CHA,9,bench
1629111,Jock Landale,ATL,6,rotation
1631108,Max Christie,DAL,7,rotation
1642914,Javon Small,MEM,10,bench
1642267,Bub Carrington,WAS,8,rotation
1641716,Jarace Walker,IND,10,bench
1629622,Max Strus,LAC,6,rotation
1628370,Malik Monk,SAC,8,rotation
1641869,Malachi Smith,TOR,7,rotation
1641730,Noah Clowney,BKN,4,rotation
1630551,Justin Champagnie,WAS,9,bench
203935,Marcus Smart,HOU,8,rotation
1630167,Obi Toppin,IND,11,bench
203501,Tim Hardaway Jr.,MIA,8,rotation
1630228,Jonathan Kuminga,MIN,7,rotation
1642856,Egor Dëmin,BKN,5,rotation
1629673,Jordan Poole,NOP,10,bench
1629631,De'Andre Hunter,SAC,9,bench
1630194,Paul Reed,DET,7,rotation
203992,Bogdan Bogdanović,HOU,9,bench
1643052,Chaney Johnson,BKN,6,rotation
1642377,Jaylen Wells,MEM,11,bench
1642345,Oso Ighodaro,PHX,9,bench
203083,Andre Drummond,NYK,7,rotation
1631222,Jake LaRavia,LAL,7,rotation
1642865,Yaxel Lendeborg,GSW,10,bench
201572,Brook Lopez,LAC,7,rotation
1641783,Tristan da Silva,ORL,8,rotation
1630198,Isaiah Joe,DET,8,rotation
1630695,Micah Potter,POR,10,bench
1642396,Blake Hinson,UTA,10,bench
1631119,Jaylin Williams,OKC,7,rotation
1629060,Rui Hachimura,LAC,8,rotation
1643414,Mikel Brown Jr.,BKN,7,rotation
1630611,Gui Santos,GSW,11,bench
1628380,Zach Collins,CHI,8,rotation
203937,Kyle Anderson,TOR,8,rotation
1643413,Keaton Wagler,LAC,9,bench
1642347,Jamal Shead,TOR,9,bench
1631230,Dominick Barlow,PHI,7,rotation
1641778,Leaky Black,SAC,10,bench
1642450,Daniss Jenkins,DET,9,bench
1630533,Ziaire Williams,LAL,8,rotation
1641726,Dereck Lively II,DAL,8,rotation
1641757,Jordan Miller,LAC,10,bench
1642258,Zaccharie Risacher,DAL,9,bench
203500,Steven Adams,HOU,10,bench
1630573,Sam Hauser,BOS,7,rotation
1629048,Goga Bitadze,ORL,9,bench
1642274,Yves Missi,NOP,11,bench
1642874,Danny Wolf,BKN,8,rotation
1642848,Tre Johnson,WAS,10,bench
1643516,Morez Johnson Jr.,DAL,10,bench
1630631,Jose Alvarado,NYK,8,rotation
1631260,AJ Green,MIL,9,bench
1631342,Daeqwon Plowden,SAC,11,bench
1641803,Tristen Newton,SAC,12,bench
1631131,Oscar Tshiebwe,HOU,11,bench
1627780,Gary Payton II,GSW,12,bench
1630598,Aaron Wiggins,ATL,7,rotation
203084,Harrison Barnes,SAS,10,bench
1641765,Olivier-Maxence Prosper,MEM,12,bench
1630171,Isaac Okoro,CHI,9,bench
203114,Khris Middleton,WAS,11,bench
1628971,Bruce Brown,NYK,9,bench
1630543,Isaiah Jackson,LAC,11,bench
1641854,Craig Porter Jr.,CLE,9,bench
1629637,Jaxson Hayes,UTA,11,bench
1642364,Jamir Watkins,WAS,12,bench
1628379,Luke Kennard,PHX,10,bench
1627752,Taurean Prince,DET,10,bench
1642363,Nique Clifford,SAC,13,bench
202691,Klay Thompson,MIA,9,bench
1629680,Matisse Thybulle,LAL,9,bench
1629004,Svi Mykhailiuk,UTA,12,bench
1629611,Terance Mann,BKN,9,bench
1642269,Devin Carter,BOS,8,rotation
1642262,Cody Williams,MIN,8,rotation
1627747,Caris LeVert,MIL,10,bench
1630696,Dru Smith,MIA,10,bench
1629652,Luguentz Dort,ATL,8,rotation
1630249,Vít Krejčí,POR,11,bench
1642948,Ryan Nembhard,DEN,8,rotation
1627936,Alex Caruso,OKC,8,rotation
1629731,Dean Wade,PHI,8,rotation
1631169,Josh Minott,BKN,10,bench
1630538,Bones Hyland,MIN,9,bench
203484,Kentavious Caldwell-Pope,PHI,9,bench
1642383,Walter Clayton Jr.,MEM,13,bench
1641842,Ronald Holland II,DET,11,bench
1642860,Will Riley,WAS,13,bench
1631245,Quenton Jackson,IND,12,bench
1631126,Caleb Love,PHI,10,bench
1642849,Nolan Traore,BKN,11,bench
1630568,Luka Garza,BOS,9,bench
1642366,Quinten Post,MEM,14,bench
1642266,Ja'Kobe Walter,TOR,10,bench
1631165,Keon Ellis,BKN,12,bench
1630311,Pat Spencer,PHX,11,bench
1641707,Taylor Hendricks,MEM,15,bench
1643419,Hannes Steinbach,CHA,10,bench
1642967,John Poulakidas,DAL,11,bench
1629684,Grant Williams,CHA,11,bench
1629013,Landry Shamet,NYK,10,bench
1641774,Tristan Vukcevic,WAS,14,bench
1629750,Javonte Green,DET,12,bench
1641989,Elijah Harkless,DET,13,bench
1642346,Ryan Dunn,PHX,12,bench
1631255,Karlo Matković,NOP,12,bench
1643412,Kingston Flemings,ATL,9,bench
1631200,Kris Murray,MEM,16,bench
1630557,Corey Kispert,ATL,10,bench
1641715,Cam Whitmore,DEN,9,bench
1631121,Bryce McGowens,NOP,13,bench
1631159,Leonard Miller,CHI,10,bench
201599,DeAndre Jordan,NOP,14,bench
1631323,Simone Fontecchio,MIA,11,bench
1642942,Jahmai Mashack,MEM,17,bench
1642954,Will Richard,GSW,13,bench
1641767,Ben Sheppard,IND,13,bench
1631172,Ousmane Dieng,MIL,11,bench
1627741,Buddy Hield,CHI,11,bench
1641775,Jordan Walsh,BOS,10,bench
1629646,Charles Bassey,GSW,14,bench
1642857,Kasparas Jakučionis,MIL,12,bench
1643517,Dailyn Swain,CHI,12,bench
1642461,Spencer Jones,DEN,10,bench
1630264,Anthony Gill,WAS,15,bench
1630570,Trendon Watford,NOP,15,bench
1630619,Moussa Cisse,DAL,12,bench
1630579,Jericho Sims,MIL,13,bench
1643060,Hayden Gray,BOS,11,bench
1630172,Patrick Williams,CHI,13,bench
1641737,Adem Bona,PHI,11,bench
1631107,Nikola Jović,MIA,12,bench
1643512,Allen Graves,TOR,11,bench
1643544,Zuby Ejiofor,ATL,11,bench
1642879,Ben Saraf,BKN,13,bench
1642933,Keshon Gilbert,ATL,12,bench
1642284,Alex Karaban,SAC,14,bench
1642883,Sion James,CHA,12,bench
1642920,Kobe Sanders,LAC,12,bench
1643417,Nate Ament,MIL,14,bench
1631248,Baylor Scheierman,BOS,12,bench
1628975,Jevon Carter,ORL,10,bench
1629026,Kenrich Williams,OKC,9,bench
1643538,Joshua Jefferson,BKN,14,bench
1631243,Mouhamed Gueye,ATL,13,bench
1643547,Sergio de Larrea,DAL,13,bench
1642272,Jared McCain,OKC,10,bench
201144,Mike Conley,BOS,13,bench
203991,Clint Capela,HOU,12,bench
1626172,Kevon Looney,LAL,10,bench
1629020,Jarred Vanderbilt,LAL,11,bench
1627746,Skal Labissiere,WAS,16,bench
1641772,Nae'Qwan Tomlin,CLE,10,bench
1642277,Johnny Furphy,IND,14,bench
1642382,Branden Carlson,POR,12,bench
203903,Jordan Clarkson,NYK,11,bench
1628418,Thomas Bryant,CLE,11,bench
1642348,Justin Edwards,PHI,12,bench
1642275,Tidjane Salaün,CHA,13,bench
1643415,Brayden Burries,MIL,15,bench
1631123,Jamaree Bouyea,PHX,13,bench
1629312,Haywood Highsmith,PHX,14,bench
1643552,Braden Smith,IND,15,bench
1631124,Julian Strawther,DEN,11,bench
1629618,Jalen Pickett,LAC,13,bench
1630702,Jaden Hardy,LAL,12,bench
1641738,Kobe Brown,IND,16,bench
1642260,Nikola Topić,OKC,11,bench
1643515,Christian Anderson,CHA,14,bench
1631250,Pete Nance,MIL,16,bench
1641761,Grant Nelson,BKN,15,bench
1629018,Gary Trent Jr.,MIL,17,bench
1643510,Karim Lopez,MEM,18,bench
1643530,Aday Mara,OKC,12,bench
1630208,Nick Richards,MIA,13,bench
1629021,Moritz Wagner,BKN,16,bench
1631321,Sidy Cissoko,POR,13,bench
1641712,Rayan Rupert,PHI,13,bench
1641725,Trey Alexander,UTA,13,bench
1629234,Drew Eubanks,NYK,12,bench
1642880,Kam Jones,MIL,18,bench
1642962,Drake Powell,BKN,17,bench
1643542,Tarris Reed Jr.,SAS,11,bench
1629006,Josh Okogie,UTA,14,bench
1643018,LJ Cryer,GSW,15,bench
1642278,Tyler Kolek,NYK,13,bench
1643567,Emanuel Sharp,SAC,15,bench
1642402,Enrique Freeman,MIN,10,bench
1628997,Caleb Martin,DAL,14,bench
1642854,Asa Newell,ATL,14,bench
203939,Dwight Powell,DAL,15,bench
1642864,Hugo González,BOS,14,bench
1631204,Marcus Sasser,DAL,16,bench
1642869,Noah Penda,ORL,11,bench
1631132,Christian Koloko,NOP,16,bench
1631207,Dalen Terry,GSW,16,bench
1630534,Ochai Agbaji,NYK,14,bench
1628964,Mo Bamba,UTA,15,bench
1641790,PJ Hall,CHA,15,bench
1643536,Ebuka Okorie,DET,14,bench
1641711,Gradey Dick,LAC,14,bench
1642394,Baba Miller,LAC,15,bench
1642911,Rocco Zikarsky,MIN,11,bench
1626204,Larry Nance Jr.,IND,17,bench
1642866,Joan Beringer,MIN,12,bench
1642878,Tyrese Proctor,CLE,12,bench
1642066,Myron Gardner,MIA,14,bench
1642949,Yanic Konan Niederhäuser,LAC,16,bench
1642912,Isaiah Evans,MIN,13,bench
1630544,Tre Mann,WAS,17,bench
1642877,Micah Peavy,MEM,19,bench
1643007,Taelon Peter,SAS,12,bench
1631104,Blake Wesley,LAC,17,bench
1642530,Yuki Kawamura,LAC,18,bench
1642889,Labaron Philon,PHI,14,bench
1626145,Tyus Jones,DEN,12,bench
1643590,Felix Okpara,WAS,18,bench
1630182,Josh Green,UTA,16,bench
1641724,Jett Howard,DAL,17,bench
1631288,Jamal Cain,ORL,12,bench
1630592,Jalen Wilson,ATL,15,bench
1642502,Malevy Leons,GSW,17,bench
1630192,Zeke Nnaji,DEN,13,bench
1631133,Jabari Walker,PHI,15,bench
1643588,Tobi Lawal,DAL,18,bench
1643520,Koa Peat,PHX,15,bench
1631199,Ron Harper Jr.,BOS,15,bench
1643593,Izaiyah Nelson,ORL,13,bench
1642389,Zyon Pullin,MIN,14,bench
1642892,Bennett Stirtz,OKC,13,bench
1631218,Trayce Jackson-Davis,TOR,12,bench
1631110,Jeremy Sochan,POR,14,bench
1642400,Tristan Enaruna,CLE,13,bench
1641740,Jaylen Clark,MIN,15,bench
1642352,Keshad Johnson,MIA,15,bench
1643553,Ryan Conwell,MIA,16,bench
1642391,Ugonna Onyenso,DET,15,bench
1642853,Rasheer Fleming,PHX,16,bench
1643548,Tyler Bilodeau,BKN,18,bench
1642449,Tolu Smith,DET,16,bench
1642868,Carter Bryant,SAS,13,bench
1642357,David Jones Garcia,SAS,14,bench
1643570,Bruce Thornton,HOU,13,bench
1631103,Malaki Branham,ORL,14,bench
1628371,Jonathan Isaac,ORL,15,bench
1643509,Meleek Thomas,CLE,14,bench
1627827,Dorian Finney-Smith,ATL,16,bench
1630545,Terrence Shannon Jr,MIN,16,bench
1641722,Jordan Hawkins,CHI,14,bench
1642862,Liam McNeeley,CHA,16,bench
1628396,Tony Bradley,NYK,15,bench
1642863,Khaman Maluach,PHX,17,bench
1642859,Jase Richardson,ORL,16,bench
1642484,RayJ Dennis,ATL,17,bench
1643416,Chris Cenac Jr.,BOS,16,bench
1643539,Henri Veesaar,ATL,18,bench
1642350,Trevon Brazile,DEN,14,bench
1630574,Ariel Hukporti,PHI,16,bench
1642923,Otega Oweh,OKC,14,bench
1642261,Dalton Knecht,LAL,13,bench
1643568,Nick Martinelli,LAC,19,bench
1642434,Riley Minix,CLE,15,bench
1641759,Dillon Mitchell,BOS,17,bench
1643555,Jaron Pierre Jr.,NOP,17,bench
1642939,Miles Kelly,GSW,18,bench
1642885,Mohamed Diawara,NYK,16,bench
1642938,Curtis Jones,CLE,16,bench
1643418,Cameron Carr,LAL,14,bench
1631120,JD Davison,ORL,17,bench
1642355,Bronny James,LAL,15,bench
1631166,Drew Timme,MIN,17,bench
1641801,Emanuel Miller,DEN,15,bench
1643047,CJ Huntley,PHX,18,bench
1641747,DaRon Holmes II,DEN,16,bench
1641871,Duop Reath,PHX,19,bench
1643558,Jaden Bradley,TOR,13,bench
1642886,Koby Brea,PHX,20,bench
1643551,Ja'Kobi Gillespie,SAS,15,bench
1643576,Maliq Brown,SAS,16,bench
1643519,Jayden Quaintance,SAS,17,bench
1641763,Julian Phillips,HOU,14,bench
1630256,Jae'Sean Tate,HOU,15,bench
1641755,Kevin McCullar Jr.,NYK,17,bench
1631115,Orlando Robinson,CHI,15,bench
1641753,Chris Livingston,WAS,19,bench
1641807,Norchad Omier,MIN,18,bench
1629162,Jordan McLaughlin,SAS,18,bench
1643589,Tyler Nickel,NYK,18,bench
1630164,James Wiseman,NYK,19,bench
1642367,Jonathan Mogbo,SAC,16,bench
1642353,Cam Christie,LAC,20,bench
1642419,Jamison Battle,TOR,14,bench
1642873,Amari Williams,BOS,18,bench
1642964,Brooks Barnhizer,OKC,15,bench
1626192,Pat Connaughton,CHA,17,bench
1643624,Bryce Hopkins,DEN,17,bench
1642358,AJ Johnson,NOP,18,bench
1643024,Chris Mañon,LAL,16,bench
1643257,Jayson Kent,POR,15,bench
1641810,Antonio Reeves,MIN,19,bench
1642910,John Tonje,POR,16,bench
1642918,Alijah Martin,TOR,15,bench
1631216,Caleb Houstan,NOP,19,bench
1641794,Dillon Jones,PHI,17,bench
1642384,Isaiah Crawford,HOU,16,bench
1641723,Kobe Bufkin,NOP,20,bench
1642876,Adou Thiero,LAL,17,bench
1642404,Chaz Lanier,DET,17,bench
1642959,Chris Youngblood,POR,17,bench
1630658,Colin Castleton,ORL,18,bench
1642905,Yang Hansen,POR,18,bench
1641809,Drew Peterson,CHI,16,bench
1642884,Vladislav Goldin,MIA,17,bench
1642359,Pacôme Dadiet,NYK,20,bench
1642951,Sean Pedulla,HOU,17,bench
1641998,Trey Jemison III,TOR,16,bench
1641780,Johni Broome,MIL,19,bench
1631127,Harrison Ingram,UTA,17,bench
1631457,Alex Morales,ORL,19,bench
1642403,Isaac Jones,DET,18,bench
1631211,Trevor Keels,WAS,20,bench
1642855,Noa Essengue,CHI,17,bench
1642935,Chucky Hepburn,TOR,17,bench
