TEAM_ABBREVIATION,KEY_SHARE_2025_26,ROTATION_SHARE_2025_26,BENCH_SHARE_2025_26,EFFECTIVE_N_2025_26,KEY_PLAYERS_2025_26,KEY_SHARE_2026_27,ROTATION_SHARE_2026_27,BENCH_SHARE_2026_27,EFFECTIVE_N_2026_27,KEY_PLAYERS_2026_27
DEN,0.446,0.311,0.243,9.814,"Nikola Jokić, Jamal Murray, Tim Hardaway Jr.",0.441,0.366,0.193,9.483,"Nikola Jokić, Jamal Murray, DeMar DeRozan"
LAL,0.417,0.394,0.189,9.943,"Luka Dončić, LeBron James, Austin Reaves",0.427,0.365,0.207,10.016,"Luka Dončić, Austin Reaves, Walker Kessler"
OKC,0.389,0.328,0.283,11.282,"Shai Gilgeous-Alexander, Chet Holmgren, Cason Wallace",0.413,0.387,0.2,10.122,"Shai Gilgeous-Alexander, Chet Holmgren, Jalen Williams"
TOR,0.433,0.395,0.172,9.761,"Scottie Barnes, Brandon Ingram, Immanuel Quickley",0.4,0.389,0.211,10.473,"Kawhi Leonard, Scottie Barnes, Immanuel Quickley"
PHI,0.399,0.347,0.254,11.096,"Tyrese Maxey, VJ Edgecombe, Quentin Grimes",0.398,0.39,0.213,10.367,"Tyrese Maxey, Jaylen Brown, Joel Embiid"
CLE,0.399,0.336,0.265,11.614,"Donovan Mitchell, James Harden, Evan Mobley",0.39,0.418,0.192,10.623,"Donovan Mitchell, James Harden, Evan Mobley"
SAS,0.411,0.432,0.156,9.785,"Victor Wembanyama, De'Aaron Fox, Stephon Castle",0.39,0.389,0.221,10.59,"Victor Wembanyama, De'Aaron Fox, Stephon Castle"
MIN,0.373,0.459,0.168,10.54,"Julius Randle, Anthony Edwards, Rudy Gobert",0.387,0.418,0.195,10.519,"Anthony Edwards, LaMelo Ball, Rudy Gobert"
BOS,0.432,0.411,0.157,9.519,"Jaylen Brown, Derrick White, Payton Pritchard",0.378,0.387,0.236,10.96,"Jayson Tatum, Derrick White, Paul George"
ATL,0.396,0.39,0.215,10.814,"Jalen Johnson, Nickeil Alexander-Walker, Dyson Daniels",0.376,0.392,0.232,10.878,"Jalen Johnson, Dyson Daniels, Nickeil Alexander-Walker"
MIA,0.354,0.424,0.222,11.264,"Bam Adebayo, Jaime Jaquez Jr., Kel'el Ware",0.371,0.386,0.243,11.169,"Giannis Antetokounmpo, Bam Adebayo, Andrew Wiggins"
DET,0.37,0.358,0.272,11.492,"Cade Cunningham, Jalen Duren, Ausar Thompson",0.37,0.354,0.276,11.338,"Cade Cunningham, Jalen Duren, Ausar Thompson"
HOU,0.486,0.406,0.108,8.379,"Kevin Durant, Amen Thompson, Alperen Sengun",0.368,0.398,0.234,11.188,"Alperen Sengun, Kevin Durant, Amen Thompson"
WAS,0.286,0.357,0.357,15.126,"Bub Carrington, Alex Sarr, Kyshawn George",0.367,0.371,0.262,11.425,"Anthony Davis, Trae Young, Alex Sarr"
NYK,0.42,0.383,0.197,10.291,"Jalen Brunson, Karl-Anthony Towns, Mikal Bridges",0.365,0.407,0.228,11.066,"Jalen Brunson, Karl-Anthony Towns, Mikal Bridges"
DAL,0.344,0.381,0.275,12.298,"Cooper Flagg, Naji Marshall, Max Christie",0.35,0.387,0.263,11.59,"Kyrie Irving, Cooper Flagg, Santi Aldama"
BKN,0.322,0.339,0.339,14.034,"Nic Claxton, Michael Porter Jr., Noah Clowney",0.347,0.36,0.292,11.723,"Michael Porter Jr., Julius Randle, Day'Ron Sharpe"
POR,0.386,0.372,0.242,11.528,"Deni Avdija, Donovan Clingan, Toumani Camara",0.347,0.412,0.241,11.472,"Damian Lillard, Deni Avdija, Ja Morant"
LAC,0.381,0.381,0.238,10.969,"Kawhi Leonard, Kris Dunn, John Collins",0.346,0.367,0.287,11.899,"Brandon Ingram, Darius Garland, Bradley Beal"
MIL,0.337,0.394,0.27,12.555,"Ryan Rollins, Myles Turner, Giannis Antetokounmpo",0.344,0.407,0.249,11.692,"Kevin Porter Jr., Ryan Rollins, Tyler Herro"
ORL,0.402,0.405,0.194,10.585,"Desmond Bane, Paolo Banchero, Wendell Carter Jr.",0.34,0.457,0.203,11.045,"Paolo Banchero, Desmond Bane, Franz Wagner"
IND,0.347,0.36,0.293,12.927,"Pascal Siakam, Jay Huff, Andrew Nembhard",0.339,0.379,0.282,11.861,"Tyrese Haliburton, Pascal Siakam, Andrew Nembhard"
UTA,0.281,0.387,0.332,14.525,"Keyonte George, Kyle Filipowski, Ace Bailey",0.337,0.395,0.267,11.806,"Lauri Markkanen, Keyonte George, Jaren Jackson Jr."
NOP,0.383,0.42,0.197,10.672,"Trey Murphy III, Derik Queen, Saddiq Bey",0.336,0.394,0.271,11.926,"Dejounte Murray, Trey Murphy III, Zion Williamson"
CHI,0.383,0.369,0.248,11.642,"Matas Buzelis, Josh Giddey, Tre Jones",0.334,0.414,0.252,11.666,"Josh Giddey, Norman Powell, Tre Jones"
GSW,0.309,0.356,0.335,13.446,"Brandin Podziemski, Stephen Curry, Draymond Green",0.333,0.373,0.293,12.024,"Stephen Curry, Jimmy Butler III, Kristaps Porziņģis"
SAC,0.358,0.368,0.273,12.314,"DeMar DeRozan, Russell Westbrook, Maxime Raynaud",0.319,0.377,0.304,12.049,"Domantas Sabonis, Zach LaVine, Keegan Murray"
CHA,0.411,0.426,0.163,10.118,"LaMelo Ball, Kon Knueppel, Miles Bridges",0.315,0.417,0.268,12.036,"Brandon Miller, Kon Knueppel, Grayson Allen"
PHX,0.353,0.422,0.224,11.641,"Devin Booker, Collin Gillespie, Royce O'Neale",0.314,0.421,0.265,11.996,"Devin Booker, Kennedy Chandler, Miles Bridges"
MEM,0.297,0.341,0.362,15.072,"Cam Spencer, Cedric Coward, Jaylen Wells",0.307,0.389,0.304,12.405,"Ty Jerome, Zach Edey, Cameron Boozer"
