PLAYER_ID,PLAYER_NAME,TEAM_ID,GP,MIN,SEASON
203932,Aaron Gordon,1610612743,75,2375.4183333333335,2021-22
1630565,Aaron Henry,1610612755,6,16.983333333333334,2021-22
1628988,Aaron Holiday,1610612756,63,1020.75,2021-22
1630174,Aaron Nesmith,1610612738,52,573.8783333333333,2021-22
1630598,Aaron Wiggins,1610612760,50,1208.75,2021-22
1627846,Abdel Nader,1610612756,14,145.23833333333334,2021-22
1630278,Ade Murkey,1610612758,1,1.4666666666666666,2021-22
1629678,Admiral Schofield,1610612753,38,468.8233333333333,2021-22
1629958,Ahmad Caver,1610612754,1,0.8433333333333334,2021-22
201143,Al Horford,1610612738,69,2004.7916666666667,2021-22
202692,Alec Burks,1610612752,81,2317.6766666666667,2021-22
1630758,Aleem Ford,1610612753,5,73.53,2021-22
1630197,Aleksej Pokusevski,1610612760,61,1232.705,2021-22
1627936,Alex Caruso,1610612741,41,1146.8316666666667,2021-22
203458,Alex Len,1610612758,39,620.2,2021-22
1628035,Alfonzo McKinnie,1610612741,17,206.31333333333333,2021-22
1628993,Alize Johnson,1610612740,23,167.22,2021-22
1630578,Alperen Sengun,1610612745,72,1489.2933333333333,2021-22
1629599,Amir Coffey,1610612746,69,1567.3666666666666,2021-22
203083,Andre Drummond,1610612751,73,1436.785,2021-22
2738,Andre Iguodala,1610612744,31,602.8316666666667,2021-22
203952,Andrew Wiggins,1610612744,73,2329.5133333333333,2021-22
1629014,Anfernee Simons,1610612757,57,1681.0133333333333,2021-22
203076,Anthony Davis,1610612747,40,1404.2483333333332,2021-22
1630162,Anthony Edwards,1610612750,72,2465.9933333333333,2021-22
1630264,Anthony Gill,1610612764,44,463.4,2021-22
1630237,Anthony Lamb,1610612745,2,7.683333333333334,2021-22
1629717,Armoni Brooks,1610612761,54,843.755,2021-22
1629083,Arnoldas Kulboka,1610612766,2,5.3,2021-22
1630559,Austin Reaves,1610612747,61,1417.6816666666666,2021-22
203085,Austin Rivers,1610612743,67,1479.8783333333333,2021-22
202340,Avery Bradley,1610612747,62,1405.9116666666666,2021-22
1630245,Ayo Dosunmu,1610612741,77,2109.641666666667,2021-22
1629168,BJ Johnson,1610612753,4,64.595,2021-22
1628389,Bam Adebayo,1610612748,56,1825.2616666666668,2021-22
203463,Ben McLemore,1610612757,64,1284.885,2021-22
202687,Bismack Biyombo,1610612756,36,505.89666666666665,2021-22
201933,Blake Griffin,1610612751,56,958.085,2021-22
1626246,Boban Marjanovic,1610612742,23,127.94333333333333,2021-22
1626171,Bobby Portis,1610612749,72,2028.34,2021-22
203992,Bogdan Bogdanović,1610612737,63,1848.54,2021-22
202711,Bojan Bogdanovic,1610612762,69,2131.31,2021-22
1629626,Bol Bol,1610612753,14,80.84,2021-22
1630538,Bones Hyland,1610612743,69,1309.8583333333333,2021-22
202954,Brad Wanamaker,1610612764,23,319.62,2021-22
203078,Bradley Beal,1610612764,40,1438.95,2021-22
1630527,Brandon Boston,1610612746,51,760.245,2021-22
1629634,Brandon Clarke,1610612763,64,1246.0266666666666,2021-22
1629164,Brandon Goodwin,1610612739,36,501.54,2021-22
1627742,Brandon Ingram,1610612740,55,1869.1816666666666,2021-22
202688,Brandon Knight,1610612742,5,64.54166666666667,2021-22
1630314,Brandon Williams,1610612757,24,639.705,2021-22
1630296,Braxton Key,1610612765,11,197.15,2021-22
1630271,Brodric Thomas,1610612738,12,59.855,2021-22
201572,Brook Lopez,1610612749,13,298.4066666666667,2021-22
1628971,Bruce Brown,1610612751,72,1773.9616666666666,2021-22
1628981,Bruno Fernando,1610612745,30,152.58,2021-22
1627854,Bryn Forbes,1610612743,75,1285.8783333333333,2021-22
1627741,Buddy Hield,1610612754,81,2498.795,2021-22
1629604,CJ Elleby,1610612757,58,1174.4016666666666,2021-22
203468,CJ McCollum,1610612740,62,2145.08,2021-22
101139,CJ Miles,1610612738,1,1.95,2021-22
1630595,Cade Cunningham,1610612765,64,2088.055,2021-22
1628997,Caleb Martin,1610612748,60,1372.1683333333333,2021-22
1629629,Cam Reddish,1610612752,49,1012.25,2021-22
1630560,Cam Thomas,1610612751,67,1176.06,2021-22
1629661,Cameron Johnson,1610612756,66,1729.9733333333334,2021-22
1630787,Cameron McGriff,1610612757,3,45.96666666666667,2021-22
1628419,Cameron Oliver,1610612737,2,43.3,2021-22
1626166,Cameron Payne,1610612756,58,1277.5983333333334,2021-22
1627747,Caris LeVert,1610612739,58,1780.3733333333332,2021-22
1630637,Carlik Jones,1610612743,5,23.258333333333333,2021-22
2546,Carmelo Anthony,1610612747,69,1793.19,2021-22
1629035,Carsen Edwards,1610612765,4,79.16666666666667,2021-22
1630199,Cassius Stanley,1610612765,9,155.0,2021-22
1630216,Cassius Winston,1610612764,7,38.995,2021-22
1627760,Cat Barber,1610612737,3,12.85,2021-22
1626224,Cedi Osman,1610612739,66,1461.745,2021-22
1628990,Chandler Hutchison,1610612756,6,22.376666666666665,2021-22
1629646,Charles Bassey,1610612755,23,167.86,2021-22
1629718,Charlie Brown Jr.,1610612755,22,177.7,2021-22
1630602,Chaundee Brown Jr.,1610612737,5,103.65833333333333,2021-22
1627767,Cheick Diallo,1610612765,3,30.633333333333333,2021-22
1629002,Chimezie Metu,1610612758,60,1278.7416666666666,2021-22
1628449,Chris Boucher,1610612761,80,1690.1116666666667,2021-22
1629185,Chris Chiozza,1610612744,34,371.8833333333333,2021-22
1630537,Chris Duarte,1610612754,55,1540.8266666666666,2021-22
101108,Chris Paul,1610612756,65,2138.9583333333335,2021-22
1629735,Chris Silva,1610612748,10,91.16166666666666,2021-22
1626174,Christian Wood,1610612745,68,2093.6266666666666,2021-22
1629643,Chuma Okeke,1610612753,70,1748.825,2021-22
203991,Clint Capela,1610612737,74,2041.53,2021-22
1629632,Coby White,1610612741,61,1674.9266666666667,2021-22
1628998,Cody Martin,1610612766,71,1865.6183333333333,2021-22
203469,Cody Zeller,1610612757,27,354.535,2021-22
1630175,Cole Anthony,1610612753,65,2059.3983333333335,2021-22
1629012,Collin Sexton,1610612739,11,316.44166666666666,2021-22
1630557,Corey Kispert,1610612764,77,1801.0583333333334,2021-22
202709,Cory Joseph,1610612765,65,1599.8383333333334,2021-22
1628591,Craig Sword,1610612764,3,18.983333333333334,2021-22
1626156,D'Angelo Russell,1610612750,65,2076.6116666666667,2021-22
201571,D.J. Augustin,1610612747,55,883.2283333333334,2021-22
1628391,D.J. Wilson,1610612761,4,54.075,2021-22
1629610,DaQuan Jeffries,1610612763,3,8.791666666666666,2021-22
1630227,Daishen Nix,1610612745,24,261.43,2021-22
1629751,Dakota Mathias,1610612763,6,16.225,2021-22
1630625,Dalano Banton,1610612761,64,695.6866666666666,2021-22
1627745,Damian Jones,1610612758,56,1016.645,2021-22
203081,Damian Lillard,1610612757,29,1056.19,2021-22
1627814,Damion Lee,1610612744,63,1256.5233333333333,2021-22
1628422,Damyean Dotson,1610612752,2,20.541666666666668,2021-22
1629655,Daniel Gafford,1610612764,72,1444.0083333333334,2021-22
1630187,Daniel Oturu,1610612761,3,27.281666666666666,2021-22
1628464,Daniel Theis,1610612738,47,977.42,2021-22
201568,Danilo Gallinari,1610612737,66,1672.0633333333333,2021-22
201980,Danny Green,1610612755,62,1353.405,2021-22
1627863,Danuel House Jr.,1610612762,42,726.9833333333333,2021-22
1629647,Darius Bazley,1610612760,69,1923.9133333333334,2021-22
1629636,Darius Garland,1610612739,68,2429.9533333333334,2021-22
201954,Darren Collison,1610612747,3,37.166666666666664,2021-22
1630561,David Duke Jr.,1610612751,22,341.0733333333333,2021-22
1630525,David Johnson,1610612761,2,1.985,2021-22
1628021,David Nwaba,1610612745,46,608.905,2021-22
1630558,Davion Mitchell,1610612758,75,2075.825,2021-22
202722,Davis Bertans,1610612742,56,806.29,2021-22
1628432,Davon Reed,1610612743,48,667.8516666666667,2021-22
1630549,Day'Ron Sharpe,1610612751,32,390.67,2021-22
1628368,De'Aaron Fox,1610612758,59,2083.455,2021-22
1629631,De'Andre Hunter,1610612737,53,1577.16,2021-22
1629001,De'Anthony Melton,1610612763,73,1656.81,2021-22
201599,DeAndre Jordan,1610612755,48,622.41,2021-22
1627761,DeAndre' Bembry,1610612749,56,1026.03,2021-22
1630610,DeJon Jarreau,1610612754,1,0.8616666666666667,2021-22
201942,DeMar DeRozan,1610612741,76,2742.9483333333333,2021-22
202326,DeMarcus Cousins,1610612743,48,717.225,2021-22
1629731,Dean Wade,1610612739,51,980.175,2021-22
1629028,Deandre Ayton,1610612756,58,1712.645,2021-22
1629686,Deividas Sirvydis,1610612765,3,26.615,2021-22
1627749,Dejounte Murray,1610612759,68,2365.931666666667,2021-22
1626153,Delon Wright,1610612737,77,1452.5166666666667,2021-22
1630166,Deni Avdija,1610612764,82,1984.0516666666667,2021-22
203471,Dennis Schröder,1610612745,64,1837.4833333333333,2021-22
1628372,Dennis Smith Jr.,1610612757,37,638.535,2021-22
1627756,Denzel Valentine,1610612762,24,221.99666666666667,2021-22
202324,Derrick Favors,1610612760,39,652.46,2021-22
1627884,Derrick Jones Jr.,1610612741,51,899.41,2021-22
201565,Derrick Rose,1610612752,26,635.8633333333333,2021-22
1628476,Derrick Walton Jr.,1610612765,3,108.22,2021-22
1628401,Derrick White,1610612738,75,2198.8016666666667,2021-22
1630217,Desmond Bane,1610612763,76,2266.225,2021-22
1626164,Devin Booker,1610612756,68,2344.5933333333332,2021-22
1629962,Devin Cannady,1610612753,5,144.53333333333333,2021-22
1630170,Devin Vassell,1610612759,71,1936.8866666666668,2021-22
1629653,Devon Dotson,1610612741,11,85.17,2021-22
1629719,Devontae Cacok,1610612759,15,121.01666666666667,2021-22
1628984,Devonte' Graham,1610612740,76,2161.575,2021-22
203473,Dewayne Dedmon,1610612748,67,1065.1816666666666,2021-22
1629712,Didi Louzada,1610612757,9,129.36666666666667,2021-22
1628415,Dillon Brooks,1610612763,32,885.0266666666666,2021-22
1627734,Domantas Sabonis,1610612758,62,2135.8366666666666,2021-22
1628378,Donovan Mitchell,1610612762,67,2265.6116666666667,2021-22
1628978,Donte DiVincenzo,1610612758,42,1005.4,2021-22
1627827,Dorian Finney-Smith,1610612742,80,2643.625,2021-22
203926,Doug McDermott,1610612759,51,1223.24,2021-22
203110,Draymond Green,1610612744,46,1328.9633333333334,2021-22
1629234,Drew Eubanks,1610612757,71,1244.6083333333333,2021-22
1630613,Duane Washington Jr.,1610612754,48,967.99,2021-22
1629130,Duncan Robinson,1610612748,79,2042.77,2021-22
2730,Dwight Howard,1610612747,60,970.7233333333334,2021-22
203939,Dwight Powell,1610612742,82,1798.1966666666667,2021-22
1629685,Dylan Windler,1610612739,50,459.2366666666667,2021-22
202334,Ed Davis,1610612739,31,201.35833333333332,2021-22
203901,Elfrid Payton,1610612756,50,549.11,2021-22
1630190,Elijah Hughes,1610612757,36,434.465,2021-22
1629150,Emanuel Terry,1610612756,3,18.21,2021-22
1626144,Emmanuel Mudiay,1610612758,2,10.983333333333333,2021-22
202683,Enes Freedom,1610612738,35,411.36833333333334,2021-22
202339,Eric Bledsoe,1610612757,54,1360.6166666666666,2021-22
201569,Eric Gordon,1610612745,57,1669.53,2021-22
1629672,Eric Paschall,1610612762,58,736.5066666666667,2021-22
1630647,Eugene Omoruyi,1610612742,4,17.816666666666666,2021-22
203095,Evan Fournier,1610612752,80,2357.9666666666667,2021-22
1630596,Evan Mobley,1610612739,69,2331.036666666667,2021-22
1630267,Facundo Campazzo,1610612743,65,1184.05,2021-22
1630624,Feron Hunt,1610612752,2,8.366666666666667,2021-22
1628402,Frank Jackson,1610612765,53,1163.96,2021-22
1626163,Frank Kaminsky,1610612756,9,180.93833333333333,2021-22
1628373,Frank Ntilikina,1610612742,58,684.655,2021-22
1630532,Franz Wagner,1610612753,79,2429.0466666666666,2021-22
1627832,Fred VanVleet,1610612761,65,2462.0216666666665,2021-22
1630273,Freddie Gillespie,1610612753,9,118.685,2021-22
1627788,Furkan Korkmaz,1610612755,67,1413.7816666666668,2021-22
1629216,Gabe Vincent,1610612748,68,1588.945,2021-22
1628221,Gabe York,1610612754,2,21.305,2021-22
1630466,Gabriel Deck,1610612760,7,55.605,2021-22
1630994,Gabriel Lundberg,1610612756,4,44.2,2021-22
202066,Garrett Temple,1610612740,59,1098.4083333333333,2021-22
1629726,Garrison Mathews,1610612745,65,1711.8883333333333,2021-22
1629109,Gary Clark,1610612740,38,378.2216666666667,2021-22
203914,Gary Harris,1610612753,61,1730.2033333333334,2021-22
1627780,Gary Payton II,1610612744,71,1247.685,2021-22
1629018,Gary Trent Jr.,1610612761,70,2447.9016666666666,2021-22
201588,George Hill,1610612749,54,1253.2033333333334,2021-22
1628994,George King,1610612742,4,19.161666666666665,2021-22
1627777,Georges Niang,1610612755,76,1736.3783333333333,2021-22
1630686,Georgios Kalaitzakis,1610612760,13,213.47833333333332,2021-22
203507,Giannis Antetokounmpo,1610612749,67,2204.225,2021-22
1629048,Goga Bitadze,1610612754,50,728.9133333333333,2021-22
201609,Goran Dragic,1610612751,21,497.49833333333333,2021-22
202330,Gordon Hayward,1610612766,49,1563.8733333333332,2021-22
203476,Gorgui Dieng,1610612737,44,371.1816666666667,2021-22
1629684,Grant Williams,1610612738,77,1875.08,2021-22
1628960,Grayson Allen,1610612749,66,1804.755,2021-22
1630535,Greg Brown III,1610612757,48,639.8266666666667,2021-22
202328,Greg Monroe,1610612750,14,194.78833333333333,2021-22
1628977,Hamidou Diallo,1610612765,58,1268.8216666666667,2021-22
203084,Harrison Barnes,1610612758,77,2586.7283333333335,2021-22
202355,Hassan Whiteside,1610612762,65,1162.2483333333332,2021-22
1629755,Hassani Gravett,1610612753,8,171.095,2021-22
1629312,Haywood Highsmith,1610612748,19,163.32666666666665,2021-22
1630529,Herbert Jones,1610612740,78,2335.1833333333334,2021-22
1629649,Ignas Brazdeikis,1610612753,42,535.5916666666667,2021-22
1630193,Immanuel Quickley,1610612752,78,1802.4333333333334,2021-22
1629067,Isaac Bonga,1610612761,15,68.65666666666667,2021-22
1630171,Isaac Okoro,1610612739,67,1980.9016666666666,2021-22
1628392,Isaiah Hartenstein,1610612746,68,1215.7983333333334,2021-22
1630543,Isaiah Jackson,1610612754,36,541.045,2021-22
1630198,Isaiah Joe,1610612755,55,609.4683333333334,2021-22
1630587,Isaiah Livers,1610612765,19,383.25666666666666,2021-22
1629676,Isaiah Roby,1610612760,45,948.4233333333333,2021-22
1630191,Isaiah Stewart,1610612765,71,1815.6433333333334,2021-22
202738,Isaiah Thomas,1610612766,22,333.3066666666667,2021-22
1630225,Isaiah Todd,1610612764,12,74.14833333333333,2021-22
202397,Ish Smith,1610612764,65,1126.02,2021-22
1630688,Ish Wainright,1610612756,45,358.73,2021-22
1627826,Ivica Zubac,1610612746,76,1851.6616666666666,2021-22
1630550,JT Thor,1610612766,33,261.8833333333333,2021-22
1629630,Ja Morant,1610612763,57,1888.7866666666666,2021-22
203210,JaMychal Green,1610612743,67,1085.42,2021-22
1630605,JaQuori McLaughlin,1610612742,4,10.9,2021-22
201580,JaVale McGee,1610612756,74,1171.7483333333332,2021-22
203953,Jabari Parker,1610612738,12,112.455,2021-22
1630183,Jaden McDaniels,1610612750,70,1802.6666666666667,2021-22
1630531,Jaden Springer,1610612755,2,5.633333333333334,2021-22
203109,Jae Crowder,1610612756,67,1885.8716666666667,2021-22
1630256,Jae'Sean Tate,1610612745,78,2056.445,2021-22
1630186,Jahmi'us Ramsey,1610612758,19,133.92,2021-22
1630693,Jaime Echenique,1610612764,1,3.066666666666667,2021-22
1627774,Jake Layman,1610612750,34,230.565,2021-22
1627751,Jakob Poeltl,1610612759,68,1969.65,2021-22
1628973,Jalen Brunson,1610612742,79,2524.01,2021-22
1630224,Jalen Green,1610612745,67,2137.7233333333334,2021-22
1630552,Jalen Johnson,1610612737,22,120.39,2021-22
1629667,Jalen McDaniels,1610612766,55,895.2416666666667,2021-22
1630188,Jalen Smith,1610612754,51,924.1816666666666,2021-22
1630591,Jalen Suggs,1610612753,48,1306.6533333333334,2021-22
1630547,James Bouknight,1610612766,31,304.4766666666667,2021-22
203516,James Ennis III,1610612743,7,55.6,2021-22
201935,James Harden,1610612755,65,2419.68,2021-22
201949,James Johnson,1610612751,62,1191.225,2021-22
1630691,Jamorko Pickett,1610612765,13,176.46833333333333,2021-22
1630215,Jared Butler,1610612762,42,359.7733333333333,2021-22
1629607,Jared Harper,1610612740,5,42.88333333333333,2021-22
1628991,Jaren Jackson Jr.,1610612763,78,2126.2483333333334,2021-22
1629020,Jarred Vanderbilt,1610612750,74,1880.5166666666667,2021-22
1628386,Jarrett Allen,1610612739,56,1809.56,2021-22
1629633,Jarrett Culver,1610612763,37,338.185,2021-22
1629600,Jarron Cumberland,1610612757,3,12.316666666666666,2021-22
1629602,Javin DeLaurier,1610612749,1,2.8,2021-22
1629750,Javonte Green,1610612741,65,1519.045,2021-22
1630606,Javonte Smart,1610612748,17,199.85666666666665,2021-22
1629637,Jaxson Hayes,1610612740,70,1397.54,2021-22
1630643,Jay Huff,1610612747,4,20.25,2021-22
1630206,Jay Scrubb,1610612746,18,121.38166666666666,2021-22
1627759,Jaylen Brown,1610612738,66,2220.4533333333334,2021-22
1629658,Jaylen Hoard,1610612760,7,239.57166666666666,2021-22
1628537,Jaylen Morris,1610612759,3,16.033333333333335,2021-22
1629669,Jaylen Nowell,1610612750,62,974.795,2021-22
1629873,Jaysean Paige,1610612765,1,6.616666666666666,2021-22
1628369,Jayson Tatum,1610612738,76,2730.971666666667,2021-22
1630288,Jeff Dowtin Jr.,1610612753,9,108.01666666666667,2021-22
201145,Jeff Green,1610612743,75,1848.965,2021-22
1629203,Jemerrio Jones,1610612747,2,14.716666666666667,2021-22
203924,Jerami Grant,1610612765,47,1499.8733333333332,2021-22
1630526,Jeremiah Robinson-Earl,1610612760,49,1087.1083333333333,2021-22
203087,Jeremy Lamb,1610612758,56,935.4483333333334,2021-22
1630579,Jericho Sims,1610612752,41,555.0433333333333,2021-22
1628975,Jevon Carter,1610612749,66,905.1783333333333,2021-22
202710,Jimmy Butler III,1610612748,57,1930.8316666666667,2021-22
1629111,Jock Landale,1610612759,54,588.7316666666667,2021-22
203925,Joe Harris,1610612751,14,422.7083333333333,2021-22
204060,Joe Ingles,1610612757,45,1122.135,2021-22
2207,Joe Johnson,1610612738,1,1.95,2021-22
1630580,Joe Wieskamp,1610612759,29,205.14166666666668,2021-22
1630555,Joel Ayayi,1610612764,7,20.216666666666665,2021-22
203954,Joel Embiid,1610612755,68,2296.405,2021-22
1628381,John Collins,1610612737,54,1662.6033333333332,2021-22
1629723,John Konchar,1610612763,72,1291.5283333333334,2021-22
1630257,Jon Teske,1610612763,3,7.741666666666666,2021-22
202685,Jonas Valančiūnas,1610612740,74,2240.0583333333334,2021-22
1630228,Jonathan Kuminga,1610612744,70,1184.75,2021-22
1628395,Jordan Bell,1610612741,1,2.0166666666666666,2021-22
203903,Jordan Clarkson,1610612762,79,2140.86,2021-22
1630692,Jordan Goodwin,1610612764,2,5.933333333333334,2021-22
1629162,Jordan McLaughlin,1610612750,62,901.6083333333333,2021-22
1629670,Jordan Nwora,1610612749,62,1185.2716666666668,2021-22
1629673,Jordan Poole,1610612744,76,2283.3116666666665,2021-22
1630648,Jordan Schakel,1610612764,4,30.266666666666666,2021-22
1630631,Jose Alvarado,1610612740,54,833.9083333333333,2021-22
1630528,Josh Christopher,1610612745,74,1333.7416666666666,2021-22
1630581,Josh Giddey,1610612760,54,1700.3516666666667,2021-22
1630182,Josh Green,1610612742,67,1038.9566666666667,2021-22
1628404,Josh Hart,1610612757,54,1790.99,2021-22
1628367,Josh Jackson,1610612758,51,829.9383333333334,2021-22
1629006,Josh Okogie,1610612750,49,515.79,2021-22
1626196,Josh Richardson,1610612759,65,1599.7166666666667,2021-22
1630563,Joshua Primo,1610612759,50,965.04,2021-22
201950,Jrue Holiday,1610612749,67,2207.44,2021-22
1629308,Juan Toscano-Anderson,1610612744,73,994.1316666666667,2021-22
1627823,Juancho Hernangomez,1610612762,40,444.5516666666667,2021-22
203944,Julius Randle,1610612752,72,2543.8633333333332,2021-22
1626147,Justin Anderson,1610612754,16,315.8516666666667,2021-22
1630551,Justin Champagnie,1610612761,36,280.83166666666665,2021-22
203200,Justin Holiday,1610612758,74,2056.81,2021-22
1628382,Justin Jackson,1610612756,7,36.46666666666667,2021-22
1629620,Justin Robinson,1610612765,25,303.72833333333335,2021-22
1626159,Justise Winslow,1610612757,48,774.6633333333333,2021-22
203994,Jusuf Nurkić,1610612757,56,1578.485,2021-22
1629752,Juwan Morgan,1610612738,2,30.965,2021-22
1630231,KJ Martin,1610612745,79,1656.325,2021-22
1629644,KZ Okpala,1610612748,21,244.07166666666666,2021-22
1630539,Kai Jones,1610612766,21,62.685,2021-22
1626157,Karl-Anthony Towns,1610612750,74,2475.4566666666665,2021-22
1626208,Keifer Sykes,1610612754,32,566.4033333333333,2021-22
1628966,Keita Bates-Diop,1610612759,59,956.5483333333333,2021-22
1629103,Kelan Martin,1610612738,30,449.70166666666665,2021-22
1629640,Keldon Johnson,1610612759,75,2391.725,2021-22
1629833,Keljin Blevins,1610612757,31,349.35333333333335,2021-22
203482,Kelly Olynyk,1610612765,40,763.7166666666667,2021-22
1626162,Kelly Oubre Jr.,1610612766,76,1999.18,2021-22
202689,Kemba Walker,1610612752,37,947.69,2021-22
1629026,Kenrich Williams,1610612760,49,1072.3183333333334,2021-22
203145,Kent Bazemore,1610612747,39,544.6133333333333,2021-22
203484,Kentavious Caldwell-Pope,1610612764,77,2328.77,2021-22
1630553,Keon Johnson,1610612757,37,696.2466666666667,2021-22
1630556,Kessler Edwards,1610612751,48,987.195,2021-22
201142,Kevin Durant,1610612751,55,2047.4066666666668,2021-22
1628989,Kevin Huerter,1610612737,74,2188.4566666666665,2021-22
1628995,Kevin Knox II,1610612737,30,222.49,2021-22
201567,Kevin Love,1610612739,74,1664.865,2021-22
1630698,Kevin Pangos,1610612739,24,166.01333333333332,2021-22
1629645,Kevin Porter Jr.,1610612745,61,1907.1533333333334,2021-22
1626172,Kevon Looney,1610612744,82,1732.3433333333332,2021-22
203920,Khem Birch,1610612761,55,991.1683333333333,2021-22
203114,Khris Middleton,1610612749,66,2141.29,2021-22
1630165,Killian Hayes,1610612765,66,1646.9716666666666,2021-22
1629681,Killian Tillie,1610612763,36,460.59166666666664,2021-22
1630184,Kira Lewis Jr.,1610612740,24,341.14,2021-22
202691,Klay Thompson,1610612744,32,940.8516666666667,2021-22
1627739,Kris Dunn,1610612757,14,336.345,2021-22
204001,Kristaps Porziņģis,1610612764,51,1480.6183333333333,2021-22
203937,Kyle Anderson,1610612763,69,1483.6566666666668,2021-22
1629657,Kyle Guy,1610612748,19,185.73333333333332,2021-22
1628398,Kyle Kuzma,1610612764,66,2204.27,2021-22
200768,Kyle Lowry,1610612748,63,2133.155,2021-22
202681,Kyrie Irving,1610612751,29,1091.505,2021-22
200746,LaMarcus Aldridge,1610612751,47,1050.085,2021-22
1630163,LaMelo Ball,1610612766,75,2422.0666666666666,2021-22
1630205,Lamar Stevens,1610612739,63,1014.86,2021-22
202362,Lance Stephenson,1610612754,46,813.9783333333334,2021-22
1629013,Landry Shamet,1610612756,69,1437.3833333333334,2021-22
204038,Langston Galloway,1610612749,7,106.7,2021-22
1626204,Larry Nance Jr.,1610612740,46,1040.0716666666667,2021-22
1628374,Lauri Markkanen,1610612739,61,1877.5866666666666,2021-22
2544,LeBron James,1610612747,56,2084.335,2021-22
1630195,Leandro Bolmaro,1610612750,35,240.945,2021-22
1629623,Lindell Wigginton,1610612749,19,199.12833333333333,2021-22
1630322,Lindy Waters III,1610612760,25,465.25,2021-22
1629022,Lonnie Walker IV,1610612759,70,1612.3233333333333,2021-22
1628366,Lonzo Ball,1610612741,35,1212.345,2021-22
101150,Lou Williams,1610612737,56,798.8766666666667,2021-22
1629663,Louis King,1610612758,10,103.60666666666667,2021-22
1629652,Luguentz Dort,1610612760,51,1665.3533333333332,2021-22
1629029,Luka Dončić,1610612742,65,2300.7183333333332,2021-22
1630568,Luka Garza,1610612765,32,388.965,2021-22
1628379,Luke Kennard,1610612746,70,1919.1333333333334,2021-22
1628436,Luke Kornet,1610612738,15,103.33333333333333,2021-22
1630640,MJ Walker,1610612756,2,8.393333333333333,2021-22
1630644,Mac McClung,1610612747,2,24.383333333333333,2021-22
1630201,Malachi Flynn,1610612761,44,537.0566666666666,2021-22
1627763,Malcolm Brogdon,1610612754,36,1206.2483333333332,2021-22
1630792,Malcolm Hill,1610612741,19,212.09,2021-22
1627736,Malik Beasley,1610612750,79,1976.26,2021-22
1630238,Malik Fitts,1610612738,15,62.75833333333333,2021-22
1628370,Malik Monk,1610612747,76,2138.435,2021-22
1629005,Malik Newman,1610612739,1,7.683333333333334,2021-22
1629603,Mamadi Diakite,1610612760,13,187.68333333333334,2021-22
1630585,Marcus Garrett,1610612748,12,128.22833333333332,2021-22
202694,Marcus Morris Sr.,1610612746,54,1564.28,2021-22
203935,Marcus Smart,1610612738,71,2295.8416666666667,2021-22
1628365,Markelle Fultz,1610612753,18,359.7316666666667,2021-22
202693,Markieff Morris,1610612748,17,298.3383333333333,2021-22
1630250,Marko Simonovic,1610612741,9,35.185,2021-22
1630210,Markus Howard,1610612743,31,176.49666666666667,2021-22
1627737,Marquese Chriss,1610612742,34,345.67833333333334,2021-22
1628963,Marvin Bagley III,1610612765,48,1146.0616666666667,2021-22
1630222,Mason Jones,1610612747,4,50.583333333333336,2021-22
203486,Mason Plumlee,1610612766,73,1792.525,2021-22
1629680,Matisse Thybulle,1610612755,66,1685.2633333333333,2021-22
1629760,Matt Mooney,1610612752,1,1.9333333333333333,2021-22
1630346,Matt Ryan,1610612738,1,5.25,2021-22
1629744,Matt Thomas,1610612741,40,459.51166666666666,2021-22
203090,Maurice Harkless,1610612758,47,863.4716666666667,2021-22
1629622,Max Strus,1610612748,68,1587.0816666666667,2021-22
1628467,Maxi Kleber,1610612742,59,1449.8616666666667,2021-22
1630593,McKinley Wright IV,1610612750,5,18.866666666666667,2021-22
1628982,Melvin Frazier Jr.,1610612760,3,119.56666666666666,2021-22
1630695,Micah Potter,1610612765,3,30.93166666666667,2021-22
1629008,Michael Porter Jr.,1610612743,9,265.04833333333335,2021-22
1628969,Mikal Bridges,1610612756,82,2854.3533333333335,2021-22
201144,Mike Conley,1610612762,72,2058.1383333333333,2021-22
203488,Mike Muscala,1610612760,43,592.52,2021-22
1628970,Miles Bridges,1610612766,80,2837.1133333333332,2021-22
1630540,Miles McBride,1610612752,40,372.21166666666664,2021-22
1629011,Mitchell Robinson,1610612752,72,1848.3666666666666,2021-22
1629671,Miye Oni,1610612762,16,44.18666666666667,2021-22
1628964,Mo Bamba,1610612753,71,1823.7066666666667,2021-22
1628420,Monte Morris,1610612743,75,2238.9483333333333,2021-22
1626149,Montrezl Harrell,1610612766,71,1640.3583333333333,2021-22
1629021,Moritz Wagner,1610612753,63,959.5316666666666,2021-22
1629650,Moses Brown,1610612739,40,344.325,2021-22
1630541,Moses Moody,1610612744,52,607.12,2021-22
1630589,Moses Wright,1610612742,4,14.733333333333333,2021-22
1628539,Mychal Mulder,1610612748,17,239.555,2021-22
1629619,Myles Powell,1610612755,11,52.06666666666667,2021-22
1626167,Myles Turner,1610612754,42,1234.7283333333332,2021-22
1630230,Naji Marshall,1610612740,55,735.58,2021-22
1629642,Nassir Little,1610612757,42,1088.3683333333333,2021-22
1630207,Nate Hinton,1610612754,2,2.4266666666666667,2021-22
1630233,Nathan Knight,1610612750,37,267.31666666666666,2021-22
1629675,Naz Reid,1610612750,77,1215.2866666666666,2021-22
1629674,Neemias Queta,1610612758,15,119.6,2021-22
202357,Nemanja Bjelica,1610612744,71,1142.3666666666666,2021-22
203457,Nerlens Noel,1610612752,25,561.97,2021-22
1629651,Nic Claxton,1610612751,47,974.0916666666667,2021-22
1630208,Nick Richards,1610612766,50,367.1433333333333,2021-22
1629638,Nickeil Alexander-Walker,1610612762,65,1465.82,2021-22
201587,Nicolas Batum,1610612746,59,1462.595,2021-22
203917,Nik Stauskas,1610612738,8,38.788333333333334,2021-22
203999,Nikola Jokić,1610612743,74,2475.5916666666667,2021-22
202696,Nikola Vučević,1610612741,73,2417.5433333333335,2021-22
1626181,Norman Powell,1610612746,45,1458.215,2021-22
203658,Norvel Pelle,1610612762,3,19.016666666666666,2021-22
1628384,OG Anunoby,1610612761,48,1728.3133333333333,2021-22
1630167,Obi Toppin,1610612752,72,1229.7533333333333,2021-22
1630846,Olivier Sarr,1610612760,22,420.87,2021-22
1630209,Omer Yurtseven,1610612748,56,706.1983333333334,2021-22
1630168,Onyeka Okongwu,1610612737,48,992.0633333333334,2021-22
1629052,Oshae Brissett,1610612754,67,1564.04,2021-22
203490,Otto Porter Jr.,1610612744,63,1395.4983333333332,2021-22
200782,P.J. Tucker,1610612748,71,1980.7583333333334,2021-22
1629023,P.J. Washington,1610612766,65,1768.0733333333333,2021-22
1628408,PJ Dozier,1610612743,18,340.48833333333334,2021-22
1628238,Paris Bass,1610612756,2,7.383333333333334,2021-22
1627783,Pascal Siakam,1610612761,68,2577.8533333333335,2021-22
1626192,Pat Connaughton,1610612749,65,1690.83,2021-22
201976,Patrick Beverley,1610612750,58,1475.7383333333332,2021-22
1630172,Patrick Williams,1610612741,17,422.3283333333333,2021-22
201988,Patty Mills,1610612751,81,2345.7233333333334,2021-22
202331,Paul George,1610612746,31,1077.3866666666668,2021-22
200794,Paul Millsap,1610612755,33,375.70166666666665,2021-22
1630194,Paul Reed,1610612755,38,302.5316666666667,2021-22
1628778,Paul Watson,1610612760,9,156.20833333333334,2021-22
1630202,Payton Pritchard,1610612738,71,1001.0,2021-22
1627822,Petr Cornelie,1610612743,13,37.965,2021-22
1630173,Precious Achiuwa,1610612761,73,1724.6533333333334,2021-22
1629656,Quentin Grimes,1610612752,46,786.2266666666667,2021-22
1629683,Quinndary Weatherspoon,1610612744,11,73.40833333333333,2021-22
1630181,R.J. Hampton,1610612753,64,1402.2616666666668,2021-22
1629628,RJ Barrett,1610612752,70,2417.19,2021-22
200765,Rajon Rondo,1610612739,39,697.9333333333333,2021-22
203526,Raul Neto,1610612764,70,1371.995,2021-22
1629730,Rayjon Tucker,1610612749,5,70.81833333333333,2021-22
203493,Reggie Bullock Jr.,1610612742,68,1901.8483333333334,2021-22
202704,Reggie Jackson,1610612746,75,2336.528333333333,2021-22
1629617,Reggie Perry,1610612757,10,187.26666666666668,2021-22
1626158,Richaun Holmes,1610612758,45,1074.0783333333334,2021-22
201937,Ricky Rubio,1610612754,34,970.15,2021-22
1630306,Rob Edwards,1610612760,2,10.85,2021-22
203496,Robert Covington,1610612746,71,1939.48,2021-22
1629057,Robert Williams III,1610612738,61,1804.3333333333333,2021-22
1630218,Robert Woodard II,1610612759,12,42.193333333333335,2021-22
201577,Robin Lopez,1610612753,36,611.9033333333333,2021-22
203918,Rodney Hood,1610612746,52,709.435,2021-22
203585,Rodney McGruder,1610612765,51,754.0566666666666,2021-22
1629641,Romeo Langford,1610612759,48,770.9066666666666,2021-22
1626220,Royce O'Neale,1610612762,77,2405.5383333333334,2021-22
1630612,Ruben Nembhard Jr.,1610612739,14,62.733333333333334,2021-22
200752,Rudy Gay,1610612762,55,1038.2366666666667,2021-22
203497,Rudy Gobert,1610612762,66,2120.4166666666665,2021-22
1629060,Rui Hachimura,1610612764,42,943.525,2021-22
201566,Russell Westbrook,1610612747,78,2677.866666666667,2021-22
1627853,Ryan Arcidiacono,1610612752,10,76.25333333333333,2021-22
1630240,Saben Lee,1610612765,37,603.7283333333334,2021-22
1630180,Saddiq Bey,1610612765,82,2704.1766666666667,2021-22
1626155,Sam Dekker,1610612761,1,0.9066666666666666,2021-22
1630573,Sam Hauser,1610612738,26,157.605,2021-22
1630241,Sam Merrill,1610612763,6,57.833333333333336,2021-22
1630572,Sandro Mamukelashvili,1610612749,41,407.00166666666667,2021-22
1630583,Santi Aldama,1610612763,32,359.7683333333333,2021-22
1630567,Scottie Barnes,1610612761,74,2617.2883333333334,2021-22
1630575,Scottie Lewis,1610612766,2,6.55,2021-22
203816,Scotty Hopson,1610612760,1,17.733333333333334,2021-22
1629635,Sekou Doumbouya,1610612747,2,16.383333333333333,2021-22
1628400,Semi Ojeleye,1610612746,30,405.83666666666664,2021-22
201586,Serge Ibaka,1610612749,54,877.6016666666667,2021-22
203552,Seth Curry,1610612751,64,2134.266666666667,2021-22
1628983,Shai Gilgeous-Alexander,1610612760,56,1941.855,2021-22
1629003,Shake Milton,1610612755,55,1179.4333333333334,2021-22
1629783,Shaq Buchanan,1610612763,2,9.816666666666666,2021-22
1627885,Shaquille Harrison,1610612751,2,22.583333333333332,2021-22
1630536,Sharife Cooper,1610612737,13,38.586666666666666,2021-22
1630219,Skylar Mays,1610612737,28,219.88666666666666,2021-22
203524,Solomon Hill,1610612737,13,139.41333333333333,2021-22
203915,Spencer Dinwiddie,1610612742,67,1980.4916666666666,2021-22
1626169,Stanley Johnson,1610612747,48,1094.3983333333333,2021-22
201939,Stephen Curry,1610612744,64,2211.085,2021-22
1628425,Sterling Brown,1610612742,49,628.4116666666666,2021-22
203500,Steven Adams,1610612763,76,1998.5766666666666,2021-22
1629004,Svi Mykhailiuk,1610612761,56,716.1216666666667,2021-22
204456,T.J. McConnell,1610612754,27,652.1033333333334,2021-22
1629605,Tacko Fall,1610612739,11,58.78333333333333,2021-22
201959,Taj Gibson,1610612752,52,945.7233333333334,2021-22
1629659,Talen Horton-Tucker,1610612747,60,1511.0283333333334,2021-22
1627752,Taurean Prince,1610612750,69,1176.655,2021-22
1629611,Terance Mann,1610612746,81,2316.81,2021-22
1629056,Terence Davis,1610612758,30,536.3116666666666,2021-22
203082,Terrence Ross,1610612753,63,1448.1783333333333,2021-22
1626179,Terry Rozier,1610612766,73,2457.8433333333332,2021-22
1630678,Terry Taylor,1610612754,33,713.795,2021-22
201152,Thaddeus Young,1610612761,52,845.2083333333334,2021-22
203648,Thanasis Antetokounmpo,1610612749,48,473.3433333333333,2021-22
1630177,Theo Maledon,1610612760,51,908.22,2021-22
1629033,Theo Pinson,1610612742,19,148.09666666666666,2021-22
1628418,Thomas Bryant,1610612764,27,439.11333333333334,2021-22
204025,Tim Frazier,1610612739,12,207.59833333333333,2021-22
203501,Tim Hardaway Jr.,1610612742,42,1245.01,2021-22
1627789,Timothe Luwawu-Cabarrot,1610612737,52,684.8116666666666,2021-22
202699,Tobias Harris,1610612755,73,2543.155,2021-22
203107,Tomas Satoransky,1610612764,55,905.9883333333333,2021-22
1628396,Tony Bradley,1610612741,55,549.065,2021-22
203503,Tony Snell,1610612740,53,822.4883333333333,2021-22
1628470,Torrey Craig,1610612756,78,1595.82,2021-22
1629027,Trae Young,1610612737,76,2651.891666666667,2021-22
1629309,Trayvon Palmer,1610612765,1,16.773333333333333,2021-22
1630200,Tre Jones,1610612759,69,1148.125,2021-22
1630544,Tre Mann,1610612760,60,1366.925,2021-22
1629682,Tremont Waters,1610612764,3,50.278333333333336,2021-22
1630570,Trendon Watford,1610612757,48,869.3466666666667,2021-22
1630235,Trent Forrest,1610612762,60,765.5183333333333,2021-22
1630243,Trevelin Queen,1610612745,10,74.43833333333333,2021-22
1630286,Trevon Scott,1610612739,2,11.366666666666667,2021-22
2772,Trevor Ariza,1610612747,24,462.30333333333334,2021-22
203504,Trey Burke,1610612742,42,441.195,2021-22
1626168,Trey Lyles,1610612758,75,1536.2666666666667,2021-22
1630530,Trey Murphy III,1610612740,62,863.595,2021-22
202684,Tristan Thompson,1610612741,57,896.2183333333334,2021-22
1628972,Troy Brown Jr.,1610612741,66,1054.74,2021-22
1629660,Ty Jerome,1610612760,48,801.0916666666667,2021-22
1629076,Tyler Cook,1610612741,20,199.61666666666667,2021-22
1629788,Tyler Hall,1610612752,1,1.9333333333333333,2021-22
1629639,Tyler Herro,1610612748,66,2151.0116666666668,2021-22
204020,Tyler Johnson,1610612759,6,91.375,2021-22
1630179,Tyrell Terry,1610612763,2,3.05,2021-22
1630169,Tyrese Haliburton,1610612754,77,2694.1316666666667,2021-22
1630178,Tyrese Maxey,1610612755,75,2650.3566666666666,2021-22
1627820,Tyrone Wallace,1610612740,6,74.92166666666667,2021-22
1626145,Tyus Jones,1610612763,73,1549.4366666666667,2021-22
1628962,Udoka Azubuike,1610612762,17,194.875,2021-22
2617,Udonis Haslem,1610612748,13,83.21666666666667,2021-22
1630586,Usman Garuba,1610612745,24,239.16,2021-22
1630176,Vernon Carey Jr.,1610612764,7,44.14833333333333,2021-22
203506,Victor Oladipo,1610612748,8,173.11666666666667,2021-22
1628427,Vlatko Čančar,1610612743,15,176.32666666666665,2021-22
1630249,Vít Krejčí,1610612760,30,689.9,2021-22
201961,Wayne Ellington,1610612747,43,810.2266666666667,2021-22
1627782,Wayne Selden,1610612752,3,19.14,2021-22
1628976,Wendell Carter Jr.,1610612753,62,1851.57,2021-22
1629117,Wenyen Gabriel,1610612747,26,358.79333333333335,2021-22
1628411,Wes Iwundu,1610612737,3,82.21666666666667,2021-22
202083,Wesley Matthews,1610612749,49,1002.17,2021-22
203115,Will Barton,1610612743,71,2276.463333333333,2021-22
1626161,Willie Cauley-Stein,1610612755,20,182.81666666666666,2021-22
1626195,Willy Hernangomez,1610612740,50,838.9583333333334,2021-22
1629875,Xavier Moon,1610612746,10,137.36833333333334,2021-22
1630270,Xavier Sneed,1610612762,9,38.71666666666667,2021-22
1630214,Xavier Tillman,1610612763,53,700.55,2021-22
1629139,Yuta Watanabe,1610612761,38,445.46166666666664,2021-22
1630582,Yves Pons,1610612763,12,70.975,2021-22
1628380,Zach Collins,1610612759,28,502.04,2021-22
203897,Zach LaVine,1610612741,67,2328.0783333333334,2021-22
1630285,Zavier Simpson,1610612760,4,174.08333333333334,2021-22
1630192,Zeke Nnaji,1610612743,41,697.6083333333333,2021-22
1630533,Ziaire Williams,1610612763,62,1346.4666666666667,2021-22
1629597,Zylan Cheatham,1610612762,1,5.183333333333334,2021-22
