PERSON_ID,POSITION
76001,F
76002,C
76003,C
51,G
1505,F-G
949,F
76005,F
76006,G
76007,F
203518,G
1630173,F
101165,G
76008,G
76009,C
76010,F
1643411,G
203112,F
76011,C
76012,F
200801,F
1629121,G
203919,G
149,G
203500,C
912,F
1628389,C-F
1629061,F
76015,G
202399,F
201167,G
1630534,G
1643772,
200772,F-G
76016,F
201336,G
1643265,C
76017,G
1642369,G
201582,C
76018,C
1643022,G
203006,G
1629152,G
202374,C
76019,F
76020,C
1630583,F-C
203128,F-C
202332,C
200746,C-F
76021,C
1626146,F
724,G
2042,G
76022,F
201570,F
1629734,F-C
1641725,G
1630234,G
2349,F
1629638,G
76024,G
1628959,G
76028,F
1628960,G
1628386,C
706,G
1628443,G
202730,F-C
76027,G
2124,F
76025,F
951,G
1641851,F
2754,G-F
76029,F
200984,C
76030,F
201165,G
308,F
1747,G
1824,C
1630631,G
680,F-C
732,F
1643417,F
202329,F
200811,F
76034,F
2365,F-C
2431,C
101187,F-G
202079,G
1643515,G
76035,G
76036,G
1507,G
76037,G
944,F
246,C-F
202341,G-F
76040,G
1626147,F-G
72,G
76041,F
203937,F-G
76042,G
76043,F
98,F-G
76045,F
76046,F
201583,F
1000,G-F
335,G-F
76048,C
101149,C
76049,F
1628387,C-F
76050,F
1512,C
1630828,F
203507,F
1628961,F
203648,F
2546,F
1630175,G
21,G
201202,C
203544,F-C
1628384,F-G
203951,G
2737,C
76053,F
76054,G
2425,F
1627853,G
76055,C
2240,G
2772,F
76056,F
76057,F
769,G
76061,C
2220,G
353,G
200756,F-C
76060,G
1642379,G
76059,G
76062,F
76063,G
76064,F
2306,G
201589,F
76065,G
1628503,G
201600,C
355,F
173,F-G
76068,G
76069,G
1088,G
76070,G
76071,G
278,F-G
201571,G
200788,F
1134,C
76073,G
76074,F
1643113,G
1630166,F
138,C
76076,G
1895,G
1643591,F
76078,C
1630555,G
202970,F-C
201965,F-C
1629028,C
101235,G
1628962,C-F
203569,G
202337,F
76079,C
76080,F
1628407,G-F
1630641,C
76081,F
2053,C
76082,G
1630542,F
1628963,F
1642846,F
1641735,G
76084,C
76083,G
76085,F
1847,F
1753,G
203946,F-C
1858,G
2486,G
76089,G
1627758,G
452,F
1642380,G
1627735,G
1631116,F
200764,F
76090,F
1630163,G
1628366,G
76091,F
76092,F
1628964,C
1631094,F
1630217,G
76093,F
2556,G
76094,F
76095,F
1630625,F
1627760,G
76096,F
2571,G
76097,G
200826,G
200745,C-F
76098,G
76099,C
787,F
2057,G
76102,F
1631230,F
203084,F
76103,F
76105,C
76104,F
2440,F
1630567,F-G
76107,G
76106,G
76108,G
76109,G
1642964,G
76110,F
76111,F
76112,G
76113,G
2857,G
76114,G
1629628,F-G
2853,F-C
344,G
699,G
1003,G
468,G
600013,F
76117,F
76118,C
203115,G
101188,G
76119,F
101138,F
1628238,F
76120,F
1629646,F-C
1766,F
2370,C
76121,G
1641734,F
1642926,G
1628966,F
101212,F-C
2471,F
1499,C
2203,F
1642419,F
174,G
76123,G
76124,C
201587,G-F
1641878,G
76125,F
76126,G
2437,F
201573,G
76127,F
203382,C-F
76128,G
203145,G-F
1629647,F
76129,F
203078,G
76130,G
76131,G
2602,F
1627736,G
201563,F
76133,C
201958,G
1630699,F
76134,C
1133,G
76136,G
76137,
76138,C
1641736,G
76139,C
76140,F
76141,C
201158,G
2294,G
76142,F
1628395,F
1952,G
2559,G
76143,G
76144,C
1627761,G-F
76145,F
76146,G
1627733,F
1886,F
203968,
104,C
1736,G
203461,F
1120,G
712,C-F
76151,F
76148,G
76152,G
128,F
202728,F-C
76154,C
1627791,F
76155,G
76156,C
1642866,F
1631262,G
76157,F
76158,F
1629541,G
202722,F
76159,G
696,G
201976,G
1630180,F
1630189,F
204021,C
76160,G
76161,G
76162,G
1710,G
1641844,F
76163,G
2740,C
76164,C
76165,F
1497,G
1643548,F
76166,G
76167,F
203920,C
1628444,G
76168,F
1449,F
76170,G
76171,F
1629048,C-F
1641931,F
1642927,C
202687,C
202357,F
76172,C
1641710,G
76173,F
1641778,F
76174,G
204028,F-C
76175,C
76176,G
76180,F
76177,F
1806,G
76179,G
201971,C-F
2581,G
202392,F
1628469,G
200807,G
76182,G
76183,G
76184,F
101154,C-F
302,G
202339,G
1629833,G
76186,G
76187,F
76188,C
1628417,F
916,F-C
1548,C-F
203505,G
1629129,G-F
76189,G
76190,G
2800,G
76191,G
1631205,F
76192,C
2586,G-F
202711,F
203992,G
177,G
101106,C
1564,F
1629626,C-F
76195,C
1628413,F
1629716,C
76196,F
1630195,F
1627762,F
76197,G
76203,F
1641737,F
76198,G
1603,G
1629648,G
1121,G
1629067,G
76201,F
41,F
2588,C-F
1626164,G
511,G
202344,F
200767,F-C
76204,G
1916,C
1522,F
76206,F
1643409,F
2430,F
2414,C
76207,F
1953,F
76209,C
76210,F
2547,F
76211,F
1630527,G
76212,F
1643573,G
76213,F
1628449,F
1630547,G
2257,C
1631123,G
76214,F
1898,F
1477,F
1763,F
1628968,F-G
194,G
76217,C
1085,G
1629065,G
76219,C
671,G
76221,G
76222,G
76223,F
1863,G
76224,C
76225,G
200841,G
76226,G
202342,F
76227,F
76228,F
76229,F
202340,G
76233,F
76230,G
76231,G
1643558,G
76232,G
2214,F
762,C
1628396,C-F
1361,C
66,F
1765,F
1920,C
76237,F
1882,F
210,G
1631103,F
76238,F
76239,F
76240,F
1629714,F
76241,G
76242,G
76243,G
1631128,G
1629649,F
1642350,F
1642886,G
160,F
2452,G
76245,F
76246,F
76247,C
201147,G-F
2249,G
76248,F
76249,G
200758,F
2056,C
76250,G
783,C-F
76252,F
76253,F
1641779,F
1628969,G-F
1628970,F
76254,F
1628578,C
76255,F
1628515,G
76256,F
1629052,F-G
76257,F
76258,G
76259,G
76260,C
76261,G
1631167,G
201972,F
1629151,G-F
76262,G
1627763,G
76263,G
76264,F
201166,G
1629717,G
1628415,G-F
76265,F
202705,G-F
76266,F
418,G
1631232,F
1641780,F
2810,F
1626148,F-G
76284,F
201628,G
1628971,G-F
359,F
2245,G
76270,F
244,G
200793,G
201974,F
2484,G
2081,C
76272,G
76273,F
1871,G
76275,G
203913,G
1627759,G-F
76276,F
2208,G-F
1631112,G
1641738,F
2198,C
76278,F
76279,C
203485,G
1643576,F
992,G
203900,G
1479,C-F
1629650,C
76277,F
136,F-C
753,G
76282,F
76283,C
76286,C
200769,G
76285,F
1628425,G-F
2357,G
76268,F
1642468,G
1630535,F
1629718,G
1630602,F
1643414,G
1628972,G-F
76287,C
76288,F
1628973,G
1594,G
1627852,F
1642868,F
1629091,G
76289,G
76290,F
977,F-G
95,F
1628418,C-F
76291,C
76292,F
1629783,G
76293,F
76294,F
76295,F
1761,G
76296,G
76297,F
201978,F
76298,F
146,G-F
1641723,G
1934,F-G
672,F
203493,G-F
76300,F
76301,G
76302,C
76303,G
2469,C-F
203504,G
76304,G
202692,G
2766,G
101207,G
76305,C
76306,G
1643718,
76307,G
76308,F
76309,G
197,G
1643415,G
76311,F
675,F
76313,C
1629126,G-F
76314,F
1631174,F
416,F
76316,G
76317,G
202221,C
76318,G
76319,G
2406,F
202364,F
76320,C
2866,C
1630215,G
348,G
2446,F
202710,F
1631219,F
202779,G
1641824,F
201182,G-F
101115,C
101198,G
76321,F
76322,G
76323,F
2560,F-C
76324,F
203998,F
1629719,F
679,F
262,F-C
1631288,F
76326,G
201979,G
101181,G
154,F
76328,C
76329,F
203484,G
76331,F
76330,F
76332,G
76333,G
76334,G
76335,G
76336,G
1641739,F
76337,F
948,C-F
1630267,G
922,C-F
76338,F
203477,G
1628427,F
1629962,G
76339,G
203991,C
202382,F
2073,F
1642928,C
1630176,C
76340,G
76341,F
2367,G
76342,G
76343,C
1642382,C
76344,G
76345,C
200760,F
76346,F
156,F
76348,G
1643418,G
713,G
1757,G
76350,F
76351,F
76352,G
1642267,G
201960,F
76353,C
2679,G
1131,F
1853,G
76355,G
1642269,G
76356,G
76357,F
76358,G
76359,
1628975,G
2466,G
76360,G
76361,G
1713,G-F
1628976,C-F
203487,G
1630618,G
76362,C
76363,F
1627936,G
76364,F
208,G
201956,F
1642264,G
1630658,C
76365,C
767,F
76367,F
1509,C
76368,F
1626161,C
1628505,G
190,C
1628463,F
76370,C
1629958,G
1630608,G
76,F
1911,G
1643416,F
76373,G
2763,G
201596,G
76374,F
76375,C
76376,F
1472,F
1630577,F
1630551,G-F
76378,F
1631113,G
2199,C
201163,F
76379,G
76380,
364,G
76382,F
76383,G
76384,F
1629147,G
384,G-F
1629597,F
76385,G
76386,G
203805,
76387,F
432,F
2735,F
719,G
164,G
1629185,G
76391,F
1642279,C
76392,C
1627737,F
76393,G
76394,F
76395,C
1642353,G
57,G-F
1631108,G
202091,G
1626176,F
203902,G
1630528,G
203565,
928,F
1630619,C
1631321,G
76397,G
76398,G
201947,F
1629109,F
203546,G
1641740,G
1721,C-F
1629634,F
1626262,F
203903,G
1628492,G
201964,F
1127,C
1629651,C
2049,G
1642383,G
76402,G
2043,G
76403,F
1629598,G
1628499,G
1642363,G
76404,C
1642270,C
76406,F
1569,C
1641730,F-C
76407,
76408,C
76409,F
1629599,G-F
76410,G
76411,G
715,C
202708,G
76412,F
934,C-F
76413,F
76414,F
76415,F
902,G
1642268,G
2044,C
76416,G
76418,G
76421,G
1530,G
2260,C
2215,C
76419,G
1628381,F-C
200776,G
202395,G
1641879,G
1628380,F-C
1627858,G
201954,G
2555,F-C
76422,F
1629045,F
2173,G
306,G
1628435,C
76425,F
76426,C
76427,G
76428,C
201144,G
76429,F
55,F
1626192,G
76431,G
76432,F
101215,G
1643553,G
76433,F
76434,G
76438,G
2567,C-F
201161,G
76435,G
76436,F
76437,F
2241,G
1626188,G
1629076,F
1628429,G
76439,F
1631451,G
76440,G
1641645,F
204022,C-F
1643721,
76442,F
1030,G
76443,C
76444,G
1630536,G
76441,C
76446,F
203142,F
76447,F
76448,F
1643595,G
895,F
76450,G
1643723,F
76451,
76452,G
1627822,F
76453,C
76454,G
1627856,F-C
203955,G
76456,F
1526,G
76457,F
1641731,G
1641741,G
76458,C
76459,G
1432,F
202408,F
202326,C
600003,G
203496,F
1642907,G
76462,C
76463,G
76464,G
76465,F
203459,G-F
1628470,F
1544,F
76466,G
1642384,F
2037,G
201621,G
202348,G
1628249,F-G
76468,F
76469,C
76470,F
2343,G
76471,G
76472,F
201159,G
76473,F
76474,C
76475,G
1506,F
76476,F
76477,C
76478,C
76479,G
180,G
76481,F
76482,F
203109,F
1630622,G
1643018,G
1642385,F
1629633,G-F
1629600,G
76483,C
187,F
1907,G
76487,F
1630595,G
201967,F
76485,C
203099,G
1061,C
76488,C
76489,F
940,F
223,F
76492,G
209,G-F
2201,C
201191,G
688,F-G
203552,G
201939,G
687,C
76505,G
1642359,F
76496,F
76497,G
1643120,F
2223,C
76498,F
956,C
76499,G
76500,F
1498,G
1630700,G
2845,F
1380,G
2605,F
76502,C
203584,G
390,G
1642368,C
76504,F
76506,C
76507,G
212,C-F
76509,G
1630268,G
76511,G
203540,F
921,C
1600,F
201176,F
76514,G
203561,F
203076,F-C
213,F-C
76515,G
1884,G
989,F
76538,F
76533,F
76516,G
76517,F
76518,F
76519,G
905,C-F
1627738,C-F
76521,F
202334,C-F
76522,F
1023,G
201175,F-C
76523,F
93,G
76524,C
76525,C
76526,G
1631098,G
2668,F
707,G-F
76528,F
76529,F
76530,F
76531,G
76520,F
200781,C
1642930,G
76532,G
1729,F-G
76534,G
1629056,G
426,C-F
1629093,C
76536,C
1453,G
1631120,G
203958,G
76539,C
1008,G
76541,F
1626183,F
201286,F
76542,F
103,G-F
201948,F
76543,F
1630620,F
201986,G
76545,F
692,C
1629602,C
76551,C
201942,G-F
1643620,
76562,F
76544,G
1630466,F
203473,C
76546,F
1643091,F
143,G
76548,
1626214,G
1626155,F
219,G
1627098,G
183,C-F
2568,G-F
1629116,C
960,G
203521,G
76552,F
76553,F
725,G
76555,G
2736,F
76556,F
76557,G
1641926,G
1642484,G
202458,G
76558,C
76559,G
1629094,F
76560,G
76561,G
76568,G
1628978,G
1643738,F
1631217,F
1629603,F
1760,G
1643813,G
1627767,F-C
1628977,G
2564,C-F
1642885,F
200821,F-G
200799,G
1641711,G-F
2424,G
2079,F
76563,G
1722,G
76564,F
76565,G
1630621,C
101143,G
203476,C
1631172,F
76566,C
76567,C
76569,G
76570,F
1642265,G
76571,F
76574,G
76575,F
76576,F
203915,G
101113,F
2205,C
1631215,C
76577,F
76578,G
124,C
1643717,
2413,G
1059,G
76580,F
1720,C
76581,G
76582,F
76583,C
1643621,G
76584,G
76586,G
76585,G
1629029,F-G
2039,G
76587,F
201595,C-F
1628416,G
1629652,G
1630245,G
1628422,G
1629653,G
200763,G
76588,G
76589,G
76590,C
428,G
201962,G
201604,G
1629635,F
76592,F
202220,G
76593,C
76594,C
1630288,G
76595,F
1628495,G
1628408,G-F
76596,F
201609,G
204054,G-F
1068,C
1630929,F
1724,G
76598,F
76599,G
203580,G
17,G
1041,G-F
76603,F
1542,C
76604,C
203083,C
76623,G
1630537,G
1642505,G
76605,G
404,C
76607,G
201,C
201162,F
76608,G
76609,F
76610,G
2768,G
1626251,F
1630561,G
76611,C
247,G
30,F
434,G
76615,F
1495,C-F
2399,G-F
76616,G
1627739,G
76617,G
1642346,F
76618,G
2648,F
201142,F
1631105,C
76619,G
1090,F
76621,F
76622,F
1628979,G
76624,F
1643407,F
76625,F
76626,F
202406,G
1642856,G
289,G
76628,C
768,F-C
76630,F
203921,F
1631106,F
76631,C
76632,G
202365,F
76633,G
76634,F
2569,F
1630693,C
204067,G-F
76635,C
76636,F
76637,F
1641744,C
1642845,G
76638,G
721,G
1630162,G
76646,F
898,G-F
1629035,G
2451,F
346,F
76641,G
229,C
76643,F
1642399,C
2823,C
1642348,F
1630556,F
236,G
1630306,G
202197,
1629053,F
76647,G
76648,G
76649,G
378,G
76651,G
458,G
1643544,F
1918,F-C
2064,G
76653,F
53,G-F
1629604,F-G
76655,C
1627740,F
201961,G
76656,C
251,F
76658,F
76664,F
107,G-F
1677,F-G
76661,F
1631165,G
111,F
1034,C
76663,F
101145,G
442,C-F
1631399,G
600010,C
1922,C-F
76667,G
2408,C-F
203954,C-F
76668,C
2765,G
1642400,F
76669,F
76670,C
76671,F
76672,G
76673,F
76674,G
76676,G
203119,G
76675,F
76677,F
203898,G
203516,F
76678,F
201623,C
76679,F
76680,F
76681,F
1915,C
76682,
76683,G
1642855,F
1630623,G
1629234,F-C
76687,G
967,F
76685,F
1642912,F
1628980,G-F
1628393,G
202379,F
2230,G-F
76686,G
2501,C-F
201936,G-F
1641787,F
101137,G
121,C
201607,F
203957,G
201963,F
203105,C
76689,F-G
76690,F
76691,F
1629605,C
76692,F
202702,F-C
76693,G
200770,G
2824,G
76695,F
76694,F
1108,F
76696,F
203543,C
202324,F
201174,F
1642847,G
76697,F
76698,G
76699,G
994,F
76701,G
76702,G
76703,C
1627770,G
1626245,F-C
203467,G-F
101230,F
76704,C
101109,G
76705,G
76706,F
2724,F
1628390,G
201164,G
1628981,F-C
76707,C
76708,G
76709,F
273,F
1627812,G
76711,F
76712,C
198,F
201178,C
76713,F
202361,G-F
76714,F
1642271,C
76715,C
76716,C
714,G-F
76717,G
1627827,F
900,C
965,G
2809,G
1630238,F
76720,F
76719,F
2033,F
1642843,F
1641745,G
76721,G
76722,F
76723,G
1642853,F
313,G
1643412,G
2784,G
76725,F
1642280,F
76726,G
201938,G
1630201,G
76727,G
76728,G
76729,F
1829,
76731,G
1631323,F
202880,C-F
1627854,G
201814,F
1630758,F
76732,F
2228,F
76733,G
76734,F
76735,G
1630259,G
76736,G
101213,F
726,F
2551,G
76738,G
76739,C
1630235,G
2218,G
202622,G
1504,C-F
76740,F
323,C
1902,F-C
76742,G
1630701,F
2238,F
203095,G-F
76744,C
76745,C
1762,F
1628368,G
76746,G
76747,C
296,F
200751,G
1502,C
2499,G
1883,G
76748,F
76749,F
203479,G
1629606,F
204025,G
76750,G
76751,F
1626187,G
1628982,G-F
76752,F
202690,G
76753,G
202683,C
200777,C-F
76754,G
1642402,F
76755,F
76756,F
1631241,G
2782,F
76757,F
1643769,
76758,G
76759,G
76760,C
101112,F-C
76761,G
76762,F
1641788,F
76763,G
76764,F
2673,F
957,C
76765,G
1628365,G
1444,F
1641847,G
1641917,F
76767,G
1642277,G
76768,G
1629117,F
2429,C
202070,F
1629655,F-C
101184,F
76769,
76770,G
2558,G
202178,G
76771,G
76772,C
76773,F
201568,F
1641945,F
204038,G
76774,F
333,G-F
76776,F
200816,F
2092,F
2682,G-F
1643158,F
101128,G-F
76778,F
1642066,F
201242,G
76779,C
76780,G
1627868,G-F
1629636,G
76781,G
76782,G
76783,G
1612,G
76785,F
708,F
1831,G
1628656,G-F
76786,F
1051,C
203197,G
76788,G
1630585,G
76789,F
76790,G
76791,F
1619,G
1727,F
1630586,F
76793,F
1630568,C
201188,C
2200,C-F
76794,G
1629232,F
423,C-F
930,F
200752,F-G
76797,G
1845,F
1627771,G-F
1002,G
202087,F
761,C
101153,F
1904,F
76800,G
1641718,G
1642273,F
202331,F
76801,G
1627875,G
76802,F
76803,F
76804,G
76805,C
76806,C
76807,F
200789,G
76808,G
1626780,G
76809,G
76810,F
201959,F
76811,
201592,G
1630581,G
1642933,G
201821,F
1628385,F-C
1628983,G
1630264,F
2109,G
383,G
76812,C
1631221,G
1630273,F
1643551,G
76813,
288,F
76815,G
600014,C
76817,F
76818,F
1631367,G
1938,G
1921,G
76819,F
202148,C
76820,C
76821,F
76822,G
76823,F
76824,F
76825,F
1901,G
2601,C
76826,C
203497,C
76827,F
76828,G
76829,F
1642884,C
924,G
101155,F
76830,F
76831,G
1642864,G
2400,F
76832,G
1864,C
203462,G
1629164,G
1641863,G
1630692,G
76833,F
203932,F
2732,G
204079,C-F
201569,G
76834,G
76835,F
101162,C
1641789,G
76836,G
202726,G
76837,G
76838,F
76839,G
1628984,G
37,G
101121,F
76843,G
76841,F
76842,G
101211,G-F
1626203,G-F
76844,C
97,F
101122,F-G
76847,G
258,F-C
76850,F
202,G
285,G
265,F
270,C
203924,F
1626170,G
76852,F
1514,C
76853,F
1629055,F
76854,G
1643512,F
76855,F
1629755,G
201189,C
1070,F
1516,G
1026,F
76859,G
1643060,G
1627982,G
76860,F
1630564,F
76861,C
76862,F
76863,G
81,G
76865,F
920,F
1631260,G
201980,G
101209,G-F
203110,F-C
203475,G
101123,G-F
203210,F-C
1630224,G
1629750,G
201145,F
76867,F
1630182,G
76868,F
76869,G
600011,F
1036,G
76872,F
76873,C
76874,G
76875,G
76877,G
76876,F
76878,F
201192,G
76879,G
2584,G
201590,F
101158,G
76880,F
76881,F
76882,G
2696,G
76883,F
76884,F
76885,F
76886,F
76887,G
1631100,F
1559,G-F
201933,F
2204,C
76888,F
76889,F
201981,F
76890,G
76891,G
1629656,G
1575,F
76893,G
76894,G
76895,F
76896,G
76897,C
101219,G
76899,G
76900,F
76901,C
1629741,G
76902,G
1631338,F
1631243,F
339,F
76903,C
76904,C
76905,F
76906,F
76907,
76908,G
76909,G
203268,G
1629657,G
2062,G
2775,C
1629060,F
76910,F
201632,C
1643727,F
76911,G
76912,F
76913,G
1630204,G-F
76914,C
76915,G
76916,F
76917,F
201612,G
203798,F-G
2409,F
76918,C
76919,C
76920,G
917,C
1630169,G
76922,G
1628985,G
1629743,F
1631160,G
1630221,F
200837,F
1641790,C
1629788,G
76923,G
1032,F-G
984,C
76925,G
1627772,G-F
76926,F
202706,G-F
203120,C
76927,
1888,G
76928,G
76929,F
2347,F
676,C
1985,C
903,F-C
67,F
1627773,C
1630181,G
241,F
1052,C
76935,G
76936,F
1628605,G
76937,F
76938,F
76939,G
203162,G
201946,F
76942,G
76940,G
76941,C
2580,G-F
1682,F
76944,F
202376,F
358,G-F
896,G
203501,G
201935,G
76945,C
76946,F
76947,G
1630702,G
76948,F
76949,G
1641989,G
203090,F-G
76950,G
76951,G
76952,G
157,G
1642844,G
1629607,G
202712,F-C
76954,C
166,G
1631199,G-F
1723,F
1626149,F-C
202725,F-C
2492,G
1733,F
2454,G
970,F-C
76956,G
76957,F
76959,F
76958,G
2734,G
203548,F
203914,G
1630223,G
203925,G-F
1630284,G
446,G
202412,G
200839,F
76960,G
202227,G
202699,F
76961,G
1626151,G
1626150,G
76962,G
2758,C
1627885,G
2078,G
1628404,G
1628392,C-F
176,F-C
2051,F
202238,G
321,F
76965,G
2617,F
2239,F-G
76967,G
76966,G
76968,F
2213,F
76969,G
1630573,F
76970,F
201150,F-C
76971,C
1641746,F
76972,F
765,G
1641722,G
1038,F
76974,F
1138,G
76975,G
76977,F
76978,G
101236,C-F
76979,F
2553,F
1629637,C-F
1630165,G
76980,C
1628502,F
202330,F
202351,F
2217,C
76981,F
76982,G
76983,G
101129,G
1049,G
76984,G
76985,F
203687,G
76986,G
76987,F
76988,F
76989,F
673,F-C
1538,F
76990,F
76991,G
76993,G
201945,G
1764,F
76992,F
76994,G
1630703,G
76996,G
1641707,F
971,F
76998,G
76999,F
1630565,F
77000,C
77004,C
77001,G
77002,G
1627988,F
77003,G
202333,F-G
203089,F-C
1667,G
1642935,G
77006,G
77007,C
1629608,C-F
1627823,F
1626195,C-F
1914,G
61,F
200835,F
1629639,G
77010,G
77011,G
1628987,F
77012,F
77013,F
77014,F
77015,G
1626209,F-G
201579,C
77016,G
1628439,F
77017,F
201581,C-F
1627741,G
202809,G
1848,F
77019,F
925,G-F
77021,G
77022,G
1629312,F
77023,F
2403,C-F
77024,G
77025,G
77026,G
201588,G
255,F
201195,F-C
201941,F-C
1630792,F
203524,F
201631,C
238,F
77027,C
1626199,G
77028,F
77029,G
2550,G
1642396,F
77030,C
1630207,G-F
77031,G
77032,F
200823,G
1629658,F
202359,G
1641793,G
1106,F
101125,G
77034,G
77035,G
77036,G
77037,F
77038,C
697,G
77039,F
2450,F
1628988,G
201950,G
203200,F-G
1643808,
77040,G
77041,F
204066,G-F
77042,G
1641842,F
77043,G
200797,C
77044,F
1626178,F
1626158,F
1641747,F
1631096,C-F
77045,F
77046,F
77047,G
77048,C
77049,F
77050,G
1630258,G
1532,F-G
202715,F
1967,F
203918,G-F
1641720,G
77051,C
77052,C
1643624,F
77053,C
77054,F
203816,G
77055,F
77056,C
201143,C
77057,C
77058,F
204,G
202862,F
109,F-C
77060,C
1629659,G
77061,F
77062,C
2067,G
1627863,F-G
1631216,G
275,G
780,F
77064,F
77065,F
2730,C-F
77066,F
1641724,G
2572,F
436,F
1630210,G
77067,G
77069,F
1128,F
1629739,F-G
77070,F
77072,C
77071,F
1631309,G
201991,G
77074,F
1607,G
1626273,G
1628989,G-F
203962,G
1630643,C
1572,C
77076,F
77077,G
1630190,G
77078,C
1716,G
1965,F
1630574,C
203133,F
77080,F
2415,F
1629353,C
77081,G
2743,F
1643750,F
77082,G
1630624,F
2599,F
77083,F
201805,C-F
1629631,F-G
77084,F
283,G
201629,F
1626154,G
2212,C
1626205,F
1643047,F
310,G
77086,F
1630562,F
77087,G
77088,F
77089,F
1628990,F-G
77090,G
77091,F
1630538,G
77092,F
201586,F
1642345,F
2738,G-F
1643633,F-C
980,C
101148,C
101141,F
77093,C
77094,G
204060,F-G
203996,F
201281,G
1627742,F
1631127,F
77095,F
77096,G
202681,G
1628371,F
77097,C
77098,G
947,G
1631093,G
2767,G
1628411,F
101127,G
1628935,G
77099,G
1517,G
202132,G
201616,F
1627743,G
1628402,G
1641713,F
77101,G
1630543,F
1114,G
1983,G
754,F-G
1628367,G-F
1628382,F
77103,F
2739,F-G
1531,F
349,G
77104,G
77105,G
77106,F
203510,G
1631245,G
77107,G
1872,F
202704,G
77109,G
1536,F-G
77100,G
77110,G
77111,F
1641748,G
1628991,F-C
1631218,F
77112,F
2418,G
1734,G-F
1642857,G
77114,G
77115,F
203108,C
1642355,G
202345,F
77116,F
1080,F
1744,C
1629713,G-F
2544,F
2229,G
1628455,G
1642883,G
1906,F
1712,F
1942,F
77120,F
77122,F
1631170,G
2060,G
77123,F
1630610,G
101180,G
201605,F
77125,G
77126,F
2423,F
201785,G-F
2744,C
1628518,F
203928,F
200971,G
1643538,F
2210,F
1629610,G-F
2407,F
1641998,C
202724,G
1642450,G
2798,G
203098,G
201943,G
24,G
1137,F
77129,G
201973,F
1629660,G-F
201998,G
203511,F
200817,G
1630198,G
2639,F
1642358,G
200792,F
1628993,F
101161,C-F
77131,F
1533,G
202356,G
77132,F
422,G
1629168,F
1627744,F
77130,F
1629661,F
201291,G
1643052,G-F
77133,G
202419,F
203187,F
77135,G
77136,C
1626177,C
683,G
77138,G
77139,G
1630525,G
1746,F
77141,G
2035,F-G
698,G
77144,G
77145,G
911,C
77146,G
77147,C
77148,F
77149,C
77150,F
77151,C
201274,F
202707,F
1630552,F
201949,F
2207,G-F
77152,F
77153,F
1629640,F-G
2256,C-F
77154,F
1630553,G
1642352,F
134,G
1641749,F
1642937,G
913,F
77156,G
77158,F
2669,F
77159,F
77142,F-G
77160,F
77168,F
77161,F
203910,G
77162,F
204179,F
203111,G
77163,F
77164,C
77165,F
1626169,F-G
77166,F
77134,C
1642848,G
201234,G-F
204020,G
77167,G
202325,F-G
1643516,F
203130,G
77170,C
77169,C
77171,C
1641935,G
203999,C
77172,F
2264,C
77173,G
77174,F
77180,F
77193,F
200784,F
77175,C
1630637,G
279,F-C
77178,F
1869,G
1641732,G
1642938,G
2563,G-F
1627745,C
1800,G
203199,F
1641794,F
202346,G
963,F
101204,F-C
77182,F
77183,C
224,G-F
77184,F
2410,G
1630529,F
1642403,F
77185,G
1627883,F
2592,G-F
1629203,F
77186,G
77187,F
1908,F
77188,G
1630539,C-F
1642880,G
203158,F
77200,G
77189,F
2891,G
90000,
1630222,G
77195,G
77191,C
461,F
77192,F
77194,C
77196,G
2652,F
200780,F
1642461,F
77197,G
203093,F
1630200,G
1626145,G
77198,G
77199,F
77201,F
77202,G
77203,F
1642357,G
203103,F
1627884,F
1817,G
201599,C
77205,G
202366,C
893,G
674,G
77208,F
77209,F
77210,C
77211,G
77212,C
77213,C
202709,G
2123,C
203126,F
77214,F
1631107,F
77215,G
1630548,G
1629662,C
77217,
77218,F
77219,C
1630686,F
1641750,C
1641751,F
2549,C
1626163,F-C
77221,G
2574,F-G
77222,
1642284,F
203508,G-F
201207,G
77223,G
77225,G
2435,C
77226,G
77227,F
201619,C
77228,G
1642530,G
77229,F
77230,G
77231,G
228,F
77233,G
1631211,G
1643627,C
77234,
1630283,C
77235,C
77236,F
77237,F
1642939,G
203527,F
77238,G
77239,F
77240,G
431,F
1118,C
77242,F
1628379,G
202810,G-F
77243,F
77244,F
77245,G
77246,F
1643257,F
77247,G
1801,C
77248,C
70,G
77249,F
760,F
77251,F
1631117,C
1930,C-F
1630296,F
1642615,G
705,F
2751,F
467,G
1629742,F
77254,F
203077,F
77255,F
77256,G
77257,G
77258,C
203930,G
77259,F
77260,G
77261,F
77262,G
77263,F
77264,F
12,F
77266,F
701,G
77268,G
1628994,F
1562,C-F
77270,G
728,G
1629663,F
77272,G
77273,F
1101,C
351,F-C
77276,G
77277,C
200814,G
1905,F
203945,C
77278,G
1630557,F
77279,F
77280,F
1123,C
954,G
1628467,F
170,C
101132,F
77283,G
1641752,F
77284,G
77285,G
1642261,F
77290,F
77287,G-F
2688,G
202688,G
1510,G
1630233,F-C
1861,G
77288,F
77289,F
969,C
77291,C
77292,C
77293,C
1628995,F
1642851,G-F
77294,F
77295,F
1642278,G
1631132,C
77296,C
77297,G
402,C
1629723,G
77299,G
77300,F
1627788,G-F
77301,F
1628436,C-F
101117,F
2594,G-F
77302,C
77303,F
77304,C
201585,C
77305,F
77306,C
77307,F
77308,F
77309,G
77310,G
203139,C
77311,C
1630249,G
77312,G
77313,G
77314,G
2420,C
1474,F
77316,F
77317,G
77318,F
77319,G
77320,G
77322,F
389,F
1629083,F
1630228,F
77323,C
77324,F
77325,C
1629066,F
201633,F
2825,G
1628398,F
203136,C
1627851,F
1643759,
77327,G
1711,C-F
77328,C
1631222,F
1601,G
77340,F
203897,G
1627746,F-C
77326,C
363,F-C
201802,G
100263,C
77329,F
77330,G
1630237,F
203117,G
203087,G-F
77331,C
77332,G
2573,F
77333,F
2253,F
1629111,C
201171,F
202068,F
77334,F
77335,F
457,C
226,F
2591,C
1892,G
101247,G
1629641,G-F
2061,F
600005,C
1642404,G
77338,G
1627879,G
77339,G
203499,G
1641796,G
77341,G
201186,F
77342,F
968,C
77344,G
77345,F
203530,C
77346,F
77347,F
201151,G
1629724,F
202371,F
1643588,F
77348,C
1630639,G
1535,C
201951,G
1627774,F
77350,G
1627747,G
1628388,F
77351,C
77352,G
77353,G
77354,F
287,C
1629665,G
203495,G
77356,G
77357,F
201584,G
1627814,G-F
101135,F-C
77358,G
77359,F
77360,G
77361,F
77362,G
202723,G
77363,C
77364,G
77365,F
1630240,G
77366,G
77367,F
100,G
77369,G
1627215,G
203458,C
702,G
1642865,F
77371,G
77370,C
202695,F
203086,F-C
1642502,F
77372,G
202727,G
77373,G
77374,G
202720,F
77375,F
77376,G
77377,F
77385,G
736,F
77379,F
77380,G
77381,F
1631171,F
729,F
1641721,F
1900,G-F
77383,G
1740,F
77384,G
1630575,G
1630184,G
77386,F
77387,G
1630604,F
202732,G
77388,G
203081,G
202391,G
77389,F
175,C-F
1629642,F-G
1641726,C
1630587,F
1641753,F
988,G
2733,G
77392,C
1024,C
77394,F
77395,G
77396,C
77397,F
77398,F
77399,F
1100,F
77401,F
77402,F
1629155,G
1631254,F
77403,G
38,F-C
1609,F
3,F
1381,G
77406,G
1627848,F
26,C
1626172,F
201572,C
1732,G-F
1643510,F
2221,G
201577,C
943,G
77409,F
77410,F
77411,G
1629712,G
77412,F
1631126,G
201567,F-C
77413,F
77414,C
1643133,C
77415,G
77416,G
200768,G
1628070,G
77417,F
77418,F
77419,G
203564,G
77420,F
101249,G
77421,F
1731,G
77422,G
77423,F
77424,G
77425,G
1630994,G
1641754,G-F
1627789,G-F
1628399,F
1626168,F
248,F
77426,F
77427,F
1627815,G-F
1928,C
77430,G
931,F
77428,F
77429,C
203159,G
101178,G
77432,G
694,G-F
202714,G
1635,F
77435,F
202731,F
77436,G
1629133,G
1855,G
1629122,G
77438,G
77439,F
2432,G
1666,G
2058,F
77441,F
203705,G
1894,F
77442,F
2048,C
1630266,C
101133,C
77443,C
77444,F
328,F
105,G-F
200970,F
1627748,F-C
77447,
1630177,G
117,G
252,F
77449,C
1074,G
77450,F
1642863,C
1630572,F-C
77451,G
77452,F
1630211,G
77453,G
986,F
1629611,G-F
1630544,G
330,F-C
77454,F
316,C
1630185,G
77456,G
77457,G
1643530,C
77459,G
77458,G
203906,F
77460,G
950,G
36,G
77462,G
77463,F
1890,G-F
1626246,C
1628374,F-C
200806,F
1642881,F
1752,F-C
77464,G
77465,G
77466,F
681,F
923,F
203088,G
1630230,F
101185,G-F
77467,F
77468,F
1642918,G
77481,F
77478,C
77469,F
1628997,F
201858,F
1628998,F
733,G-F
239,G
77473,C
77471,G
77472,C
1626185,F
1641798,G
77474,G
1629725,G
1630231,F
1629103,F
2030,F
2755,G
77475,C
77476,G
77477,G
77479,G
77480,G
1631213,F
1643568,F
1642942,G
469,F
77482,G
193,F
2046,G-F
1628412,G
2427,G
763,F-C
77483,F
1643792,C
1628999,F
1629726,G
1628493,F-C
1629751,G
1631097,G-F
1631255,F-C
77484,G
202083,G
77485,F
77486,F
1630178,G
101131,F
77487,F
137,G
77489,F
77490,F
101118,C-F
195,G
77492,F
77493,G
77495,F
77494,G
201953,G
201564,G
1630219,G
77496,G
77497,F
1643024,G
201601,F
1643016,G
2788,C
77498,C
203949,F
77499,F
1630540,G
1642272,G
1628769,G
203492,G
737,F
77500,G
77502,F
101119,G
77503,G
77504,G
77505,G
77506,G
77507,
1820,G-F
962,F
1043,C
1627775,G
77509,G
77510,G
2082,C
77512,G
45,F
1630644,G
203468,G
77513,F
77514,G
204456,G
77515,G
77516,C
1741,F
77517,G
200840,G
1622,F
77518,F
1628571,F
1641755,G
1626191,F
77520,G
723,G
1365,F
1630183,F
1629667,F
77523,C
203909,G-F
203926,F
1630253,F
77524,F
77525,F
1075,C
77527,F
686,F-C
77528,G
200829,F
77529,G
203956,F
201580,C-F
77530,F
77531,C
77532,F
77533,G
1642440,F
1631121,G
1503,G-F
77534,F
1630787,F
203585,G
77536,G
77535,G
77537,G
201187,F
1450,F
29,C
976,G
77540,F
77541,F
77542,F
77543,F
365,F
243,G
77547,G
77545,F
77546,F
203590,G
1628035,F
1643724,G
1630605,G
1629162,G
203463,G
77548,F
77549,F
2693,G
1728,F
77551,G
203,G-F
77553,F
77554,F
77555,F
77556,
77557,
77558,C
77559,C
202077,G
77560,F
1642862,F
77562,G
77561,F
77563,G
2101,G
77565,F
203895,G
77566,G
201177,F
1629098,G-F
77567,F
77568,F
2098,F
1577,G
201975,G
77570,F
77571,F
77572,F
77573,F
77574,G
1626257,C
203539,G
77576,G
77575,G
1629740,F
203097,C
1629001,G
77577,F
77578,G
77579,G
77580,G
77581,G
1641877,C
200822,F
1500,F
77582,C
77583,G
1630241,G
77584,F
1629002,F-C
684,C-F
77586,F
77587,F
77588,F
203995,G
1626175,C-F
203114,F
77589,G
2036,C
1628450,C-F
77590,C
600012,C
77591,F
77593,F
77594,C
101223,G
101139,F-G
2032,F
1643575,G
77596,G
1527,F
2545,C
77598,
1889,G
292,F
1642394,F
77605,
77603,F
1802,C-F
1641706,F
203121,F
77602,F
77599,F
1641801,F
77600,C
77601,F
1641757,G
1631159,F
1626259,G-F
2034,G-F
932,C
203113,F
397,G
77604,F
168,F
77606,C
201988,G
371,C-F
202407,G-F
200794,F
1629003,G
1631303,F
114,G
1642434,F
77609,G
77610,G
65,G-F
77612,F
1631169,F
202703,F
77613,G
1954,G
1642274,C
1642349,G
1630558,G
1641759,F
1628378,G
77615,F
77616,C
417,F
77614,F
203183,F
203502,F
1628513,G
77618,F
77619,F
1749,G
211,C
1630596,C
1630600,F
77621,F
1642367,F
77622,F
1737,C
2040,F
77623,C
1629690,G
77624,F
77625,F
77626,G
1631320,F
77627,G
2752,F
1628370,G
600006,G
202328,F-C
77628,G
1626242,G
77630,F
376,C
1630541,G
200081,F
1629875,G
77631,F
1629760,G
77632,F
1628500,F
202734,G
77634,F
77633,G
77635,G
1630,F-C
77636,C
77637,C
1631386,G
929,G
1631111,G
1631457,G
1629630,G
203961,F-C
77639,F
77640,G
1629752,F
77641,G
77642,C
77644,C
356,F
202721,G
77647,F
1628537,G
202693,F
77646,F
1628420,G
201043,C
2242,F
202694,F
200747,F
77648,F
77649,G
201627,G
132,G
1972,F
77652,F
77653,F
77654,G
734,G
202700,F-C
1628405,F
2069,C-F
203102,F
297,C
202389,C
77657,F
1626144,G
77658,F
203498,G-F
1628539,G
77659,G
77660,
201957,C
904,F
77662,G
942,C
204098,G
77664,F
77665,G
785,G
49,C
1630278,G
77668,G
77669,G
77672,G
203513,F
77670,F
77671,F
203122,G
77673,F
77674,C
2211,F-C
1630530,F
1627749,G
2436,G
1627750,G
1631099,F
77675,G
1631200,F
441,F
145,F
1642867,F
77676,F
203315,G
1629058,G-F
203488,F-C
77677,G
1054,F
87,C
982,F
939,G-F
1629004,G-F
1823,F
2055,C
77681,F
77682,F
2411,F
1627846,F
77683,G
77684,G
1924,F
2059,F
77685,F
1631250,F
1626204,F-C
203894,G
77686,G
77688,F
77687,F
959,G
77689,C
77690,G
77691,F
77692,G
77693,F
2434,G
202380,C
101238,C
1626254,F
77694,G
202390,G
77695,C
77696,F
77697,F
203517,G
77698,F
77699,C
201634,G
77700,F
1641761,F
1643593,F
2749,G
77701,G
1642392,G
1629614,G-F
1129,G
1642948,G
1630612,G
1838,F-G
1630174,G-F
77704,F
1725,C
203526,G
77705,G
77706,G
77707,C
1116,G
1096,C
1956,G-F
1642854,F
77710,G
271,F
1629005,G
77712,C
1641803,G
1627777,F
201193,F
77713,C
203094,F
1643589,F
1093,G
77715,G
1642949,C
77716,C
77717,G
77718,F
77719,C
1630227,G
77720,G
77721,G
1630192,F-C
201149,F-C
77722,G
2804,F
200786,F-G
203457,C-F
77723,F
203512,C
77724,C
77725,C
999,F
77727,C
77728,F
77729,G
80,F
77731,C
1641936,F
983,G
77732,C
1629668,G-F
77733,F
77734,C
77735,G
77736,C
200779,F
1629669,G
1641806,G
77737,G
1717,F
1628373,G
1629134,G
203263,F
203994,C
77738,G
1628021,G-F
1629670,F
1022,F
1525,G
709,G
77742,G
77744,F
77743,
1626266,F
200753,C
203948,F-C
77745,G
77746,G
77750,G
77752,G
77753,G
77754,F
77766,F
979,C-F
406,C
1626220,F
77767,F
203124,C-F
77773,G
77774,G
77776,
891,F
101177,F-C
1627849,F
201141,C
1885,F
1642490,C
77747,F
77748,F
1628,C
77751,G
203317,C-F
1628400,F
2731,C
1626143,C-F
1643253,F
1629643,F
1643758,F
1629059,F-G
1629006,G
1630168,F-C
1643536,G
1630171,F-G
1629644,F-G
1643590,C
2246,C-F
203506,G
165,C
77756,F
1642950,C
77757,C
77758,G
77759,G
1642439,G
77760,F
1680,G
1628419,F
2352,G
1429,G
1563,G
77764,G
1709,C
77765,F
203482,F-C
1641807,F
1630647,F
1629671,G-F
202620,F-C
1627778,C
1642391,C
77768,G
77769,
77770,F
77771,F
202350,C
77772,F
1626224,F
77775,F
731,C
77777,G
77778,C
77779,
1630187,C
1626162,F-G
448,F
2566,F
77780,G
77,G
1642923,G
101261,G
182,F-G
2442,F
77782,F
77783,G
77784,F
77785,F
202082,F-G
1629745,F
77786,C
1077,F
2071,C
77788,C
2585,C
123,G
77789,F
1909,F
1629873,G
1627779,G
77790,F
1960,G
77791,F
77792,F
77793,F
1629309,G
77794,C
1630698,G
1950,F
1627834,C
203123,F
2457,G
202951,G
77797,F
305,C
77799,G
1515,G
203953,F
2470,G
77800,F
2225,G
77801,G
685,F-C
77802,C
77803,F
77804,G
202718,F
1629672,F
1628394,C-F
1097,F
77806,G
77807,
77808,F
77809,
1754,F
77811,C
203934,G-F
202335,F
1739,F
77812,C
77813,F
77814,G
1628383,C
203464,G
101108,G
77815,F
77816,G
77817,C
2562,G-F
77818,G
77819,G
77820,G
77821,G
203940,F
1626166,G
77822,F
77823,C
203901,G
56,G
77824,G
1627780,G
77825,G
77826,G
1643520,F
1642877,G-F
200762,F-C
77827,G
1642951,G
324,G
201593,C
77828,C
203658,C
77829,F
2130,
1642869,G-F
2667,F
2632,G
46,C
781,C
1641970,F
2570,C
64,C-F
77834,G
200785,C
1628506,G
77835,F
386,G
1629617,F-C
897,F
456,F
445,G-F
1643007,G
1628409,F
77839,F
77840,G
77843,F
1643408,G
1641809,F
77841,C
77842,G
2050,G
77844,G
101130,C
77845,G
1630196,C
77846,C
77847,F
77848,G
77850,
77849,G
74,F
77852,G
77853,G
1629341,G
77854,F
77855,G
1641763,F
184,G
1642889,G
15,G-F
1629618,G
1630691,F
1718,F
894,G
1643555,G
77858,G
2554,F
77859,F
291,F
200838,F
77861,F
1629033,G-F
77862,F
77863,C
937,F-G
1630590,G
77864,F
202354,C
2565,G-F
202353,C
1631342,G-F
1627850,C
203486,F-C
203101,C
77865,F
2750,C
1641764,G
1627751,C
1629738,C-F
1630197,F
77866,F
77867,F
1513,C-F
77868,F
178,C-F
77869,F
202347,F
1629044,G
1630582,F
1629673,G
77870,F
998,C-F
77872,C
77873,F
2084,F
77875,F
1629007,C-F
77876,G
345,G
1641854,G
1629645,G-F
1629008,F
203490,F
1626171,F
77878,F
204001,F-C
1899,F
1642366,C
2068,G-F
958,C-F
1630695,C
1642967,G
200796,F
1642962,G-F
203939,F-C
2694,F
2867,F
1629619,G
1626181,G
101232,F
1627816,F
77879,G
203515,G
77880,G
77881,F
1630554,G
201985,G
85,G
77883,G
899,G
77884,G
101179,G
77882,G
77886,F
203143,G
1630563,G
1627752,F
2419,F
1643208,G
77887,C
340,G
1630202,G
1642878,G
1919,G-F
1641765,F
201172,G
2038,C
77888,C
77889,
77890,F
1626643,G
1642389,G
1628681,G
77891,G
1627753,F-C
1643519,F
1627817,G
1642852,C
1630243,G
1629674,C
77892,F
1630193,G
200809,G
77893,G
1631311,G
1628397,F
77894,C
77895,G
77896,G
77897,G
129,F
2209,F
1893,C
77899,F
77900,G
203545,C
77901,F
77902,F
77903,G
77904,F
2080,G
77905,F
2762,C
77906,F
77907,F
1630186,G
77908,G
1821,F
1626184,G
203944,F-C
201576,F
101183,F
2216,F
77910,F
77911,G
77912,G
78656,F
1628504,G
77913,F
77914,G
77915,C
689,C
202360,G
77916,F
200810,G
77917,C
77918,F
77920,F
77919,G
77921,C
1642875,C
77922,G
1641871,C
1630559,G
77923,F
1629729,G-F
1442,C
695,G
2072,G
1629629,F-G
77925,F
200755,G
77926,G
1628432,G
77927,C
2770,F
1630194,F
77928,F
203186,F-C
77929,C
1643542,C
1642024,F-C
1642882,F
1641810,G
735,C
234,G
77932,G
77933,F
77937,G
690,F
462,F-C
77935,C
1629675,C-F
77936,F
202385,F
2876,C
77938,G
77939,F
720,G
77941,G
77942,F
981,C
704,G
77944,F
1629244,G-F
77945,G
77946,G
1631197,G
77947,G
1518,G-F
779,F-G
203318,G-F
201181,F
1642954,G
1630208,C
77950,G
1642859,G
2202,G
200978,G-F
1626196,G
1627781,G
77952,G
2369,G
71,G
2047,F
1642955,G
782,G
77954,F
77955,F
375,G
77957,G
2557,G
77958,G
77959,F
2541,G
77960,F
77963,F
35,C
77962,G
77964,F
1642860,F
1630203,G
77965,G
77966,F
1642258,F
77967,C
77968,G
77969,F
203085,G
77970,G
470,G
77972,F
1641857,C
203460,G-F
101194,G
77973,C
2121,
77975,F
77979,
203148,G
122,F
77977,F
101160,F
77978,F
914,C
926,G
600015,G
1926,G
77983,G
77984,C
2774,G-F
997,G
77986,F
361,F-C
764,C
1628421,F
1629130,F
1944,F
77988,G
299,F
77989,F
1554,
381,G
1629010,G
1629620,G
1683,G
1629011,C-F
101126,G
77994,G
1631115,C
716,G
203080,F
77993,F
77996,F
203922,F
1630526,F
77997,F
77998,C
1629676,F
77999,C
78000,G
78001,G
78002,C
1631223,F
78003,G
23,F
200771,G
691,F
435,F-C
78007,F
78008,G
915,F
964,F
78010,F
78011,G
202375,F
78012,G
78013,G
1631157,G
78014,C
78015,G
200765,G
399,C
201565,G
147,G-F
990,F
78016,F
78017,G
78018,F
78019,
78020,F
2624,G-F
203082,G-F
78021,F
78022,F
78023,C
78024,G
78025,F
78026,F
78027,F
78028,F
1642050,F
78029,C
78030,F
78031,F
200750,G
140,F
78033,G
32,C-F
1626179,G
201937,G
2462,F-C
78035,G
78036,F
204014,F
78037,F
1913,F-C
460,G
78039,C
78040,F
78041,C
78042,C
78043,G
1641712,G-F
474,F
201575,G-F
2416,G
78049,C
935,G-F
78047,F
78045,F
1626156,G
78046,G
78048,G
201041,G
1642504,G
1630346,F
717,C
1627734,F-C
203135,C
78050,C
78051,G
1642275,F
927,C-F
1642282,G
2422,F-G
1089,C
2066,C
1629677,F
200798,C
1629102,G
203960,F
2441,F-C
78055,C
202396,C
1631257,F
2143,G
78057,F
1874,F
1642920,G
202336,C
2684,G-F
78059,F
78060,F
1642362,F
1641766,F
2091,C
78061,F
1630611,F
78062,F
1642879,G
203967,F-C
1642259,C
1630846,C
987,F
2219,G
1631204,G
203107,G
2261,G
78063,G
78064,F
78065,F
78066,F
2453,G
78067,F
2243,F
2637,G
78068,F
78069,G
78070,F
78071,G
78072,G
1630648,G
78073,F
78074,F
78075,F
7,C
78076,F
78078,G
88,C
78080,C
1631248,G
78081,G
101195,C
78082,C
1643867,F
368,C
78084,C
78085,
78086,F
78087,F
1629678,F
78088,F
78089,C
96,F
203471,G
78091,F
78092,F
78093,G
2449,F
78094,G
78095,F
1064,F-C
2,G
78097,G
192,F
1109,F
203118,F
78100,F
1035,C
1630286,F
1630206,G
78102,F
1631220,G
78103,F
1578,G
907,G-F
78105,F
78106,F
1641813,G
78107,G
200757,F-G
938,C
78109,F
202729,G
1627782,G-F
78110,F
1643637,
78111,F
78112,G
78113,G
78114,G
200754,C
78115,G
1630578,C
1641729,F
202338,F-C
1738,F
201196,G
78116,G
1629012,G
78117,G
78118,G
1593,C
78120,G
78121,F
201203,G
1629013,G
1539,G
78123,G
78124,G
1630545,G-F
78125,C
78126,G
1643567,G
1630549,C
1631101,G
201594,F
1117,C
78128,F
216,G
1745,C
1629621,G-F
78130,F
1642347,G
78131,F
78132,F
78133,F
203129,F
1641767,G
1852,G
1642263,G
78135,F
78136,G
78653,G
2321,F
78138,F
78139,F
78140,F
78141,G
78142,G
1642917,G
78143,F
202697,G
203144,G
1627783,F
1626296,G
78144,F
78145,G
78146,G
78147,G
78148,
78149,C
78150,G
78151,F
202918,G
202081,C
78152,F
1629735,F
101134,F
1627732,G-F
2250,F
200759,F
78153,C
78154,G
203613,F
1628424,G
1489,F
1750,G
1630250,C
1629014,G
54,C-F
202067,F
1642354,G
78157,G
1630285,G
1591,G
78160,F
201235,C
78159,F
203156,C-F
1631301,G
1630579,C
78161,G
202713,F
201606,G
202698,F
101189,F
78162,F
78163,G
1629686,F-G
78164,F
203491,G
1631376,C
101,G
78167,G
1730,F-C
78168,F
78169,G
78170,F
1073,F
78171,C
78172,G
1641771,F
2447,G
202388,G
78173,G
101166,F
78174,G
1629346,F
1642914,G
1630606,G
78175,G
203935,G
78176,G
78177,G
78178,G
78207,C
78209,F
78202,F
78203,G
1643552,G
293,F
1520,G
78179,F
1814,G
203147,G
78181,F
200783,F
78182,F
78183,G
78184,G
78185,F
2764,G
475,F
1630696,G
78187,F
78188,C
78189,C
78190,F
202962,C
202397,G
2747,G
2074,C
1630188,F-C
201160,F-C
202536,G
78191,F
693,F-C
2746,F
78192,G
181,G
78194,F
78195,F
1910,F
1641869,G
63,F
78197,G
2065,F
202701,G
78198,F
78199,G
78200,G
78201,F
78204,G
203893,G
78205,F
120,G-F
200848,F
1478,G
1631173,G
2604,F
1642449,F
380,G
1641890,F
78208,G
1629015,G
1628372,G
1631095,F
1641733,G
22,C
1091,C
78212,F
1630270,F
203503,G
727,G
78213,G
2745,F-G
78214,G
78215,G
78216,G
1631110,F
78217,C
2226,G
78219,G
2443,F
1642850,C
78220,F
203480,F
78221,F
2776,F
1629034,F
78222,G
2779,G
78223,F
600009,G
78225,F
78226,F
201578,F-C
1629016,F
78227,F
1642285,G
771,C
280,C
1630311,G
78230,F
78231,C
201168,C-F
78232,C
84,G
78233,F
1630531,G
78234,C
78235,F
1756,F
711,F
78237,G
78238,F
78239,F
78240,F
1630199,G
78241,G
317,G
78243,G
203917,G
78244,F
78245,G
1099,F
1643419,F
1735,C
203474,G-F
78247,G
78249,G
1641868,C
1086,F
202362,F
1627293,F
78250,G
78251,G
1641815,G
1630205,F
78252,F
2052,F-G
1630597,G
78253,F
1630191,F-C
1529,F
1125,F
1565,C
78256,F
201880,C
78257,C
1642892,G
179,G
78259,G
78260,F
78261,F
204065,G
304,G
978,F
1055,C
78264,F
203950,F-C
600016,F
78266,G
1627754,C
202933,G
2852,F-G
757,G
101136,G
2405,F-C
78267,F
201199,G
78268,C
1631124,G
78269,F
1065,G
1110,F
393,G
78270,F
78271,F
400,F
78273,G
78274,F
1629622,G-F
201155,G
78275,F
78276,G
1630591,G
78277,C
203096,C-F
201969,F
1628410,G
78654,F
201180,G
78278,G
1743,C
78279,G
682,G
78280,F
78281,G
357,G
78283,F
1643517,F
1628403,F
78284,F
78285,F
2552,F
1631306,F
2741,C
2031,F-C
78286,F
1628591,G
202377,F-G
78287,G
1626208,G
1132,F
1136,C
1887,G-F
440,C
2657,G
101147,F
78291,G
1434,C-F
78293,F
1630256,F
78294,G
1628369,F-G
204002,C
78295,G
78296,G
101182,G
78298,G
1627819,G
78297,F
78299,G
203106,F
201966,G
1511,F
78301,F
1508,F
201446,G
78302,G
1630678,F
203116,G
78303,G
78304,G
201952,G
203104,G
203141,F
2742,G
1643141,G
202066,G-F
1628462,G
78305,F
1629123,G
78307,G
78306,G
78308,G
1631207,F
1629150,F
1891,G
1630179,G
1630257,C
201934,C
78309,G
1628464,F-C
78310,G
78311,F
78312,F
1642876,G
78313,G
78314,F
203519,G-F
2873,G
1630271,G
1630560,G
1063,G
78316,G
2041,C
78317,F
202738,G
78318,G
1975,F
2839,F
78320,G
78321,F
1519,C
1903,F
1629017,G
703,C-F
202498,F
202952,F
1629744,G
1643509,G
1643148,F
78322,F
1501,F
200748,F
202717,F
1641708,G-F
1641709,G-F
78323,G
1631,F
240,G
78325,F
78326,G
101159,G-F
1630679,G
78327,G
203138,G-F
201574,F-C
78328,F
78329,C
202691,G-F
78,C-F
78331,C
202814,F
78332,G
78333,F
202684,C-F
1630550,F
78335,G
201154,F
738,F
1643570,G
201977,F-G
1628414,G
901,C-F
9,G
600001,C
78340,G
1629680,G-F
78341,
78342,G
1629681,F-C
78343,C
1630214,F
1643754,
1631166,F
78344,F
2224,G
47,F
1627861,C
1630225,F
78346,F
78348,F
78347,F
201229,F
78349,F
78350,F
1641772,F
78351,G
78352,G
1642910,G
78353,G
1642893,F
342,F
78355,C
78356,F
1642260,G
1631210,F
1630167,F
78357,F
78358,C
2351,G-F
1629308,F
78359,G
78360,G
1626253,G-F
78361,G
700,C
78363,C
78364,F
1626157,C-F
78365,G
1642422,F
1642849,G
78366,F
78367,F
1631247,F
1714,F-C
718,F
1629018,G
2244,G
78651,F
1629019,G
78368,G
78369,F
2456,C
2054,C
78370,F
1631131,F-C
78371,F
2401,F
78372,F
201169,F
141,F
78374,F
200782,F
1629730,G
78375,G
101142,C
1726,F
2045,F
78377,G
78385,F
78378,G
202323,G-F
78379,G
78380,G
78382,G
78381,F
1819,F
1626167,C-F
1943,G
78386,C
78387,G
78388,F
189,G
202719,F
78390,F
78391,C
1641816,F
1642281,G-F
202775,F-G
1643640,C
202327,C-F
2137,G-F
2757,G
101146,G
1642578,F
1627755,G
1630649,G
78392,C
78393,G
78394,G
1627784,F
1642870,G
202386,G
201987,G-F
202685,C
78395,G
1627756,G
78396,F
78397,G
78398,G
78399,F
78401,G-F
78400,F
89,G
1496,F
78406,G
1627832,G
78402,G
78403,F
1629020,F
78405,F
78404,F
78407,C
2128,G
2237,C
2760,F
202363,F-C
202349,G
1630170,G-F
78409,G
710,F
1521,G
1626173,G
78411,F
919,F-C
1643539,C
78413,G
78414,F
202686,F
78415,F
1628426,F
78416,F
1630492,G
101111,F
1629216,G
78418,F
78417,G
200790,F
1844,G
78419,F
78420,
78421,C
78422,
203943,F
2063,C
78423,F
2582,C
1037,C
78425,C
2761,F-C
2756,G
1641774,F
202696,C
1629731,F-C
2548,G
78426,G
101144,G
78427,C
1643413,G
2402,G
78428,G
1630532,F
78429,G
1629021,F-C
1630688,F
203079,G
78430,C
78431,G
78432,C
78433,G
952,F
78434,F
78435,F
78437,G
78436,G
201611,F
78438,F
1631133,F
1641716,F
78439,G
202689,G
78440,F
1630640,G
78441,G
955,F
78442,F
1629022,G-F
202322,G
1112,F-C
1641717,G
2222,F
961,F
1630811,G
78443,
739,F-C
1627820,G
78444,F
78445,F
78446,F
1641775,G
101190,G-F
1642266,G
777,G
78447,G
78448,G
78450,C
78449,G
2575,F
1628476,G
202954,G
78453,G
78454,G
369,G
78455,G
78456,G
203810,G
78457,F
1642276,C
78458,F
78459,G
78460,F
1627866,F
78461,G
203933,F
202378,G
78462,G
101124,F
78463,C
1627395,F-G
78469,G
200827,G
78464,G
78465,G
1540,F-G
78466,F
78467,F
1629023,F
78468,F
78470,G
78471,F
1630613,G
1631102,G
1629139,G-F
1629682,G
1630322,F
1630570,G-F
201208,C
1642364,F
1641817,F
201228,G
2248,G
320,F
1628778,G
1631212,G
78474,F
78473,G
203146,G
204033,F
204037,F
221,F
78475,F
1629683,G
201602,G
78477,G
78478,F
892,G
1627821,F
185,C-F
1627362,G
78479,
1067,F
101110,F-G
78481,C
78482,F
201603,F
78483,F
78484,F
78485,G
78486,G
1719,G-F
1528,F
1642377,F
78488,F
78489,G
1846,C
2412,F
1629118,C
1641705,F-C
82,C
78492,C
438,C
78494,G
1631104,G
133,G
78495,C
2561,F
2753,G
28,G-F
78497,G
201238,G
770,C
78499,G
201566,G
78500,G
78501,G
101156,C
941,G
1545,G
78504,G
1630762,F
1755,G
78506,G
1629632,G
201591,F
1628401,G
78507,F
78508,G
78509,G
1631298,F
1751,C-F
200778,G-F
78510,G
1627855,F
1839,F
2206,F
78512,F
203091,F
78513,G
202358,G
78514,G
78515,G
1628510,F
1641727,G-F
1627785,G
78516,C
1126,G
202355,C
730,F
1641715,F
78519,F
43,G
204222,F
203963,F-C
78520,F
78521,G
78522,F
1630580,G-F
1630598,G
203952,F
78523,G
1629623,G
78524,F
203912,G
2404,F-C
78525,G
78526,C
1628451,F
78527,F
78528,G
78529,G
78530,G
78531,G
78532,F
78533,F
2863,G-F
1122,F
78534,C
786,G-F
78537,C
78538,F
2366,G
1425,C-F
1626210,F-C
1631214,G
1541,G
1642873,F-C
78539,G
78540,G
78564,F
1585,F
1630314,G
1642924,G-F
433,F
203710,G
78547,G
78541,G
78543,G
1642262,F
200603,G
101114,G
202682,F
78545,G
1631495,G
78546,C
202343,G
677,F
2421,G
78548,G
1629684,F
78549,G
78550,F
1006,C
73,C
1631114,G-F
1715,G
101214,F
2398,G
1631119,F
420,C-F
966,F-C
78554,F
1629140,F
202716,C
200818,F
78555,F
1629026,G-F
78556,G
31,C-F
101150,G
1642013,C
200766,G
201173,G
1631109,C
101107,F
52,G
78558,G
78560,G
2590,G
42,F
78561,G
1631466,G
1630172,F
78566,F
78571,G
199,F-G
202130,F
78563,G
78565,G
78567,G
78568,G
78569,F
281,C-F
201157,F-C
1742,G
200761,F
200749,C-F
78570,F
201944,G-F
1576,F
1627786,F
1005,F-G
78573,F
78574,F
1630533,F
1629057,C-F
1628475,G
1631246,G
1628430,G
722,F
78575,G
1631351,G
1629627,F
788,C-F
78577,F
2000,G
78586,G
78585,G
1643410,F
1628391,F
78579,C
78580,G
1630592,F
203966,F
78581,G
78582,F
78578,G
78583,G
78584,G
78587,G
1027,F
1627787,F
78589,F
78590,G
1629685,G-F
78591,F
78592,G
766,G-F
112,F
78596,F
78597,G
1626159,F-G
1984,F
1630216,G
1868,C
78600,G
78601,F
78602,F
1630164,C
203481,C
78603,C
1456,G
78605,G
78606,G
1642874,F
341,C-F
2106,F
203489,G
1631209,G
78610,G
78612,G
1626174,F
116,F
78609,F
78611,G
1630218,F
2254,C
2417,F-G
1010,G
78614,G
78615,F
1629624,F
906,G
78616,C
78617,F
1897,F
78618,G
1460,F
101120,F-G
101152,G
78620,F
201148,F
202874,F
203203,G
1626153,G
2748,F-G
78621,F
78622,F
201153,F
78623,G
953,F-C
1007,C
1630589,F
412,C
1630593,G
1629625,G
203100,G
78627,G
1627824,F
1642905,C
2397,C
2428,F
78628,F
78629,F
78630,C
78631,G
201146,F
78632,F
1628221,G
78633,G
1642443,G
203923,G-F
1626202,G
1748,F
78634,G
201156,G-F
78635,G
201970,F-G
201152,F
1937,C
1629027,G
1642959,G
1630209,C
78638,G
78639,F
203469,F-C
78640,G
78641,G
78642,C
202545,F-C
203092,F-C
78643,F
78644,F
1917,C
678,C
1642911,C
2583,G
1627757,C
1627835,F
1627790,C
78647,C
78648,G
1627826,C
78650,G
1641783,F
1643547,G
