PLAYER_ID,PLAYER_NAME,NICKNAME,TEAM_ID,TEAM_ABBREVIATION,AGE,GP,W,L,W_PCT,MIN,FGM,FGA,FG_PCT,FG3M,FG3A,FG3_PCT,FTM,FTA,FT_PCT,OREB,DREB,REB,AST,TOV,STL,BLK,BLKA,PF,PFD,PTS,PLUS_MINUS,NBA_FANTASY_PTS,DD2,TD3,WNBA_FANTASY_PTS,FP_HIGH_SCORE,GP_RANK,W_RANK,L_RANK,W_PCT_RANK,MIN_RANK,FGM_RANK,FGA_RANK,FG_PCT_RANK,FG3M_RANK,FG3A_RANK,FG3_PCT_RANK,FTM_RANK,FTA_RANK,FT_PCT_RANK,OREB_RANK,DREB_RANK,REB_RANK,AST_RANK,TOV_RANK,STL_RANK,BLK_RANK,BLKA_RANK,PF_RANK,PFD_RANK,PTS_RANK,PLUS_MINUS_RANK,NBA_FANTASY_PTS_RANK,DD2_RANK,TD3_RANK,WNBA_FANTASY_PTS_RANK,FP_HIGH_SCORE_RANK,TEAM_COUNT,PLAYER_HEIGHT_INCHES,DRAFT_YEAR,DRAFT_NUMBER,COLLEGE,COUNTRY,SEASON
1630565,Aaron Henry,Aaron,1610612755,PHI,22.0,6,6,0,1.0,2.8,0.2,0.8,0.2,0.0,0.2,0.0,0.0,0.0,0.0,0.0,0.2,0.2,0.0,0.3,0.0,0.3,0.3,0.3,0.0,0.3,-3.3,1.2,0,0,1.2,1.5,87,69,112,1,116,108,111,104,94,109,94,94,97,94,104,113,114,108,79,103,31,45,102,102,109,96,117,33,4,118,117,1,77,Undrafted,Undrafted,Michigan State,USA,2021-22
1630598,Aaron Wiggins,Aaron,1610612760,OKC,23.0,50,13,37,0.26,24.2,3.1,6.7,0.463,0.8,2.8,0.304,1.2,1.7,0.729,1.0,2.5,3.6,1.4,1.1,0.6,0.2,0.4,1.9,1.3,8.3,-4.7,16.0,0,0,15.7,17.0,27,47,10,93,14,22,23,29,30,28,54,19,20,54,23,25,22,33,26,37,57,37,29,28,21,109,23,33,4,25,24,1,76,2021,55,Maryland,USA,2021-22
1630278,Ade Murkey,Ade,1610612758,SAC,24.0,1,0,1,0.0,1.5,0.0,0.0,0.0,0.0,0.0,0.0,0.0,0.0,0.0,0.0,0.0,0.0,0.0,0.0,0.0,0.0,0.0,0.0,0.0,0.0,-1.0,0.0,0,0,0.0,0.0,118,117,102,117,123,110,121,110,94,113,94,94,97,94,104,114,115,108,106,103,89,93,113,102,111,61,121,33,4,121,121,1,77,Undrafted,Undrafted,Denver,USA,2021-22
1629958,Ahmad Caver,Ahmad,1610612754,IND,25.0,1,0,1,0.0,0.8,1.0,1.0,1.0,0.0,0.0,0.0,0.0,0.0,0.0,0.0,0.0,0.0,0.0,0.0,0.0,0.0,0.0,0.0,0.0,2.0,2.0,2.0,0,0,2.0,2.0,118,117,102,117,126,72,106,1,94,113,94,94,97,94,104,114,115,108,106,103,89,93,113,102,84,12,111,33,4,106,113,1,74,2019,,Old Dominion,USA,2021-22
1630758,Aleem Ford,Aleem,1610612753,ORL,24.0,5,2,3,0.4,14.7,1.2,4.0,0.3,0.4,3.0,0.133,0.0,0.0,0.0,0.4,2.6,3.0,0.4,0.8,0.2,0.0,0.2,1.4,0.6,2.8,-7.0,6.8,0,0,7.0,7.2,88,86,84,75,47,68,55,92,63,22,87,94,97,94,71,22,32,87,41,86,89,67,49,64,74,116,75,33,4,71,74,1,80,Undrafted,Undrafted,Wisconsin,USA,2021-22
1630578,Alperen Sengun,Alperen,1610612745,HOU,19.0,72,18,54,0.25,20.7,3.5,7.3,0.474,0.4,1.6,0.248,2.3,3.2,0.711,1.9,3.5,5.5,2.6,2.0,0.8,0.9,0.6,3.0,3.3,9.6,-4.3,23.3,8,0,21.6,25.5,8,34,4,94,24,17,18,26,62,55,75,6,5,58,6,8,6,14,7,19,6,12,4,2,16,105,11,5,4,11,10,1,82,2021,16,None,Turkey,2021-22
1629083,Arnoldas Kulboka,Arnoldas,1610612766,CHA,24.0,2,2,0,1.0,2.7,0.0,0.5,0.0,0.0,0.5,0.0,0.0,0.0,0.0,0.0,0.0,0.0,0.0,0.0,0.0,0.0,0.0,0.5,0.0,0.0,-6.0,0.0,0,0,0.0,0.0,105,86,112,1,120,110,116,110,94,91,94,94,97,94,104,114,115,108,106,103,89,93,91,102,111,115,121,33,4,121,121,1,82,2018,55,None,Lithuania,2021-22
1630559,Austin Reaves,Austin,1610612747,LAL,24.0,61,28,33,0.459,23.2,2.4,5.2,0.459,0.9,2.7,0.317,1.6,1.9,0.839,0.7,2.4,3.2,1.8,0.7,0.5,0.3,0.2,1.4,2.2,7.3,0.9,15.5,1,1,14.7,16.5,18,16,18,62,16,36,38,34,28,30,45,13,16,25,39,33,28,25,52,54,36,70,48,9,29,25,27,21,3,28,28,1,77,Undrafted,Undrafted,Oklahoma,USA,2021-22
1630245,Ayo Dosunmu,Ayo,1610612741,CHI,22.0,77,42,35,0.545,27.4,3.6,6.9,0.52,0.9,2.4,0.376,0.7,1.0,0.679,0.4,2.4,2.8,3.3,1.4,0.8,0.4,0.5,2.4,0.9,8.8,-2.6,19.2,4,0,18.1,21.7,3,3,13,44,11,14,20,15,25,35,13,46,43,66,72,32,38,8,16,22,27,33,10,43,19,91,14,7,4,16,14,1,76,2021,38,Illinois,USA,2021-22
1630538,Bones Hyland,Bones,1610612743,DEN,21.0,69,41,28,0.594,19.0,3.3,8.3,0.403,1.9,5.2,0.366,1.6,1.8,0.856,0.2,2.5,2.7,2.8,1.2,0.6,0.3,0.6,2.2,1.3,10.1,0.6,18.9,1,0,19.3,21.0,10,4,28,38,30,19,14,65,3,4,17,14,19,20,88,27,39,11,18,38,45,16,15,26,13,31,16,21,4,14,15,1,74,2021,26,Virginia Commonwealth,USA,2021-22
1630527,Brandon Boston Jr.,Brandon,1610612746,LAC,20.0,51,26,25,0.51,14.9,2.5,6.4,0.385,0.7,2.2,0.306,1.2,1.4,0.819,0.3,1.8,2.2,1.0,0.6,0.5,0.3,0.5,0.8,1.1,6.7,-0.7,12.5,0,0,12.1,13.2,26,18,36,48,46,34,30,71,42,37,53,21,25,31,73,42,52,43,57,45,50,23,79,35,33,57,42,33,4,44,43,1,78,2021,51,Kentucky,USA,2021-22
1630314,Brandon Williams,Brandon,1610612757,POR,22.0,24,2,22,0.083,26.7,4.4,11.8,0.372,1.3,4.4,0.292,2.8,4.0,0.701,0.8,2.3,3.1,3.9,2.4,1.0,0.4,0.9,2.2,3.1,12.9,-11.3,24.3,2,0,24.0,28.0,56,86,38,114,13,10,8,73,13,9,59,1,1,61,32,35,30,6,5,9,25,7,16,3,7,123,9,11,4,8,9,1,74,Undrafted,Undrafted,Arizona,USA,2021-22
1630296,Braxton Key,Braxton,1610612765,DET,25.0,11,5,6,0.455,17.9,3.0,6.5,0.458,0.5,1.9,0.286,0.6,1.2,0.538,1.2,3.4,4.5,1.0,1.0,0.9,1.0,0.4,2.4,1.2,7.2,2.5,18.9,0,0,17.1,19.5,78,74,73,65,35,26,28,35,48,49,61,52,37,83,18,10,12,43,29,15,3,43,10,33,31,11,18,33,4,18,16,2,80,Undrafted,Undrafted,Virginia,USA,2021-22
1630595,Cade Cunningham,Cade,1610612765,DET,20.0,64,20,44,0.313,32.6,6.7,16.1,0.416,1.8,5.7,0.314,2.2,2.6,0.845,0.9,4.6,5.5,5.6,3.7,1.2,0.7,1.2,3.1,2.4,17.4,-4.3,34.4,10,2,34.1,39.7,14,28,7,84,4,1,1,55,4,3,48,7,9,22,28,5,5,3,1,6,11,3,2,7,1,107,1,4,2,1,1,1,78,2021,1,Oklahoma State,USA,2021-22
1630560,Cam Thomas,Cam,1610612751,BKN,20.0,67,32,35,0.478,17.6,3.3,7.5,0.433,0.7,2.6,0.27,1.3,1.6,0.829,0.2,2.2,2.4,1.2,0.8,0.5,0.1,0.4,1.0,1.2,8.5,-2.1,14.2,0,0,14.0,15.1,12,12,13,57,37,20,15,47,40,33,64,17,21,29,85,37,47,37,40,53,74,39,70,31,20,85,36,33,4,34,34,1,75,2021,27,Louisiana State,Japan,2021-22
1630787,Cameron McGriff,Cameron,1610612757,POR,24.0,3,0,3,0.0,15.3,1.7,4.7,0.357,0.7,2.0,0.333,0.7,0.7,1.0,2.0,3.0,5.0,1.0,0.0,0.0,0.3,0.0,2.3,0.7,4.7,2.7,13.2,0,0,12.0,12.7,99,117,84,117,44,52,47,79,42,43,34,48,62,1,5,13,10,43,106,103,31,93,13,57,52,8,41,33,4,45,47,1,79,Undrafted,Undrafted,Oklahoma State,USA,2021-22
1630637,Carlik Jones,Carlik,1610612743,DEN,24.0,5,3,2,0.6,4.7,0.2,1.8,0.111,0.0,0.2,0.0,0.4,0.4,1.0,0.2,0.4,0.6,1.0,0.6,0.2,0.0,0.0,0.0,0.2,0.8,-4.0,3.0,0,0,2.8,4.0,88,80,95,36,97,107,90,108,94,106,94,66,77,1,89,106,103,43,58,86,89,93,113,96,104,101,99,33,4,100,93,2,72,Undrafted,Undrafted,Louisville,USA,2021-22
1627760,Cat Barber,Cat,1610612737,ATL,27.0,3,0,3,0.0,4.3,0.0,1.3,0.0,0.0,0.0,0.0,0.0,1.3,0.0,0.3,0.7,1.0,1.0,0.3,0.0,0.0,0.3,0.3,1.0,0.0,3.7,2.4,0,0,2.0,3.0,99,117,84,117,101,110,97,110,94,113,94,94,29,94,73,91,89,43,79,103,89,45,102,38,111,4,105,33,4,106,102,1,73,2016,,North Carolina State,USA,2021-22
1629646,Charles Bassey,Charles,1610612755,PHI,21.0,23,11,12,0.478,7.3,1.3,2.0,0.638,0.0,0.2,0.0,0.4,0.5,0.75,1.0,1.7,2.7,0.3,0.3,0.2,0.7,0.1,1.4,0.6,3.0,-1.5,9.2,1,0,7.9,9.2,60,51,56,56,81,64,80,7,94,108,94,68,68,45,25,45,42,99,78,85,9,74,51,63,68,72,59,21,4,65,62,1,81,2021,53,Western Kentucky,Nigeria,2021-22
1630602,Chaundee Brown Jr.,Chaundee,1610612737,ATL,23.0,5,1,4,0.2,20.7,2.0,6.4,0.313,1.2,3.6,0.333,1.0,1.2,0.833,0.2,3.0,3.2,0.8,0.2,0.4,0.0,0.6,1.4,0.8,6.2,-4.0,12.2,0,0,12.2,12.2,88,99,82,107,23,47,29,89,16,16,34,29,36,26,89,13,27,61,98,63,89,15,49,50,38,101,44,33,4,41,49,2,77,Undrafted,Undrafted,Michigan,USA,2021-22
1630537,Chris Duarte,Chris,1610612754,IND,25.0,55,21,34,0.382,28.0,4.9,11.3,0.432,1.7,4.6,0.369,1.6,2.0,0.804,0.7,3.4,4.1,2.1,1.6,1.0,0.2,0.7,1.7,2.0,13.1,-1.0,23.1,0,0,23.4,24.9,21,24,15,76,9,7,10,49,5,6,16,12,14,35,38,10,18,19,10,8,63,11,34,11,6,60,12,33,4,10,12,1,77,2021,13,Oregon,Dominican Republic,2021-22
1630557,Corey Kispert,Corey,1610612764,WAS,23.0,77,31,46,0.403,23.4,3.0,6.7,0.455,1.5,4.2,0.35,0.7,0.8,0.871,0.7,2.0,2.7,1.1,0.6,0.5,0.3,0.3,1.2,0.6,8.2,0.5,14.7,0,0,15.0,15.4,3,13,6,74,15,24,24,37,9,11,27,44,53,15,43,38,41,40,53,55,46,56,59,62,23,36,32,33,4,27,33,1,78,2021,15,Gonzaga,USA,2021-22
1628591,Craig Sword,Craig,1610612764,WAS,28.0,3,1,2,0.333,6.3,1.0,1.3,0.75,0.0,0.3,0.0,0.0,0.0,0.0,0.0,0.0,0.0,0.3,0.3,1.3,0.0,0.0,2.3,0.0,2.0,0.3,6.2,0,0,5.0,6.7,99,99,95,80,86,72,97,3,94,100,94,94,97,94,104,114,115,92,79,2,89,93,13,102,84,38,76,33,4,82,76,1,75,Undrafted,Undrafted,Mississippi State,USA,2021-22
1630227,Daishen Nix,Daishen,1610612745,HOU,20.0,24,3,21,0.125,10.9,1.1,2.8,0.403,0.3,1.1,0.269,0.7,1.3,0.533,0.3,1.1,1.4,1.7,1.1,0.6,0.0,0.3,0.9,0.9,3.2,-1.9,8.2,0,0,7.8,9.8,56,80,42,111,64,70,73,64,68,72,65,48,33,85,79,76,78,28,25,34,89,45,78,44,66,80,63,33,4,67,56,1,76,Undrafted,Undrafted,None,USA,2021-22
1630625,Dalano Banton,Dalano,1610612761,TOR,22.0,64,37,27,0.578,10.9,1.3,3.2,0.411,0.2,0.8,0.255,0.4,0.7,0.591,0.6,1.3,1.9,1.5,0.8,0.4,0.2,0.3,1.1,0.6,3.2,0.5,8.8,0,0,8.1,10.0,14,8,30,43,65,65,66,58,77,81,68,65,61,79,48,60,62,30,39,58,68,55,66,61,67,32,61,33,4,64,55,1,79,2021,46,Nebraska,Canada,2021-22
1630561,David Duke Jr.,David,1610612751,BKN,22.0,22,10,12,0.455,15.5,1.8,4.9,0.361,0.4,1.7,0.243,0.8,1.0,0.81,1.4,1.7,3.0,0.8,0.4,0.6,0.3,0.5,1.6,0.9,4.7,-0.5,12.0,2,0,10.9,12.2,61,56,56,65,42,49,43,77,61,53,76,38,50,33,14,47,31,62,71,32,40,24,37,45,50,50,47,11,4,48,50,1,76,Undrafted,Undrafted,Providence,USA,2021-22
1630525,David Johnson,David,1610612761,TOR,21.0,2,2,0,1.0,1.0,0.0,0.5,0.0,0.0,0.5,0.0,0.0,0.0,0.0,0.0,0.0,0.0,0.0,0.0,0.0,0.0,0.0,0.0,0.0,0.0,-1.0,0.0,0,0,0.0,0.0,105,86,112,1,124,110,116,110,94,91,94,94,97,94,104,114,115,108,106,103,89,93,113,102,111,61,121,33,4,121,121,1,76,2021,47,Louisville,USA,2021-22
1630558,Davion Mitchell,Davion,1610612758,SAC,23.0,75,28,47,0.373,27.7,4.7,11.2,0.418,1.3,4.3,0.316,0.7,1.1,0.659,0.4,1.8,2.2,4.2,1.5,0.7,0.3,0.5,1.9,1.5,11.5,-3.7,22.0,3,0,21.3,25.2,5,16,5,79,10,9,11,54,12,10,47,41,39,71,67,44,50,5,13,26,38,19,25,21,10,99,13,8,4,12,11,1,72,2021,9,Baylor,USA,2021-22
1630549,Day'Ron Sharpe,Day'Ron,1610612751,BKN,20.0,32,12,20,0.375,12.2,2.7,4.7,0.577,0.1,0.2,0.286,0.8,1.3,0.585,2.5,2.5,5.0,0.5,0.9,0.3,0.5,0.4,1.9,1.1,6.2,1.8,14.4,2,0,13.3,14.6,47,48,45,78,54,30,48,9,91,105,61,39,31,80,3,30,10,76,36,73,21,35,26,36,39,17,33,11,4,38,37,1,81,2021,29,North Carolina,USA,2021-22
1630610,DeJon Jarreau,DeJon,1610612754,IND,24.0,1,0,1,0.0,0.9,0.0,0.0,0.0,0.0,0.0,0.0,0.0,0.0,0.0,0.0,0.0,0.0,0.0,0.0,0.0,0.0,0.0,0.0,0.0,0.0,2.0,0.0,0,0,0.0,0.0,118,117,102,117,125,110,121,110,94,113,94,94,97,94,104,114,115,108,106,103,89,93,113,102,111,12,121,33,4,121,121,1,77,Undrafted,Undrafted,Houston,USA,2021-22
1630613,Duane Washington Jr.,Duane,1610612754,IND,22.0,48,12,36,0.25,20.2,3.6,8.9,0.405,1.7,4.5,0.377,1.0,1.3,0.754,0.1,1.6,1.7,1.8,1.2,0.5,0.1,0.6,1.4,1.4,9.9,-2.6,15.2,0,0,16.3,16.9,30,48,12,94,27,15,13,61,6,8,12,32,32,44,102,50,68,26,20,42,85,14,52,23,14,92,28,33,4,21,25,1,75,Undrafted,Undrafted,Ohio State,Germany,2021-22
1630647,Eugene Omoruyi,Eugene,1610612742,DAL,25.0,4,1,3,0.25,4.5,0.5,1.3,0.4,0.3,0.5,0.5,0.5,1.0,0.5,0.5,1.3,1.8,0.5,0.0,0.0,0.0,0.0,0.5,0.5,1.8,0.8,4.6,0,0,4.3,4.5,92,99,84,94,99,89,102,67,70,91,1,59,44,86,54,63,66,78,106,103,89,93,91,69,88,29,86,33,4,87,89,1,78,Undrafted,Undrafted,Oregon,Nigeria,2021-22
1630596,Evan Mobley,Evan,1610612739,CLE,21.0,69,40,29,0.58,33.8,6.1,12.0,0.508,0.3,1.3,0.25,2.4,3.7,0.663,2.1,6.2,8.3,2.5,1.9,0.8,1.7,0.7,2.1,3.0,15.0,1.4,34.2,21,0,31.1,35.7,10,6,24,41,3,3,7,17,66,65,69,4,2,70,4,1,1,15,8,20,1,9,18,4,5,20,2,1,4,2,4,1,83,2021,3,Southern California,USA,2021-22
1630624,Feron Hunt,Feron,1610612752,NYK,22.0,2,2,0,1.0,4.2,0.0,1.0,0.0,0.0,0.0,0.0,0.0,0.0,0.0,0.5,0.0,0.5,0.5,0.5,0.5,0.0,0.0,0.5,0.0,0.0,-0.5,2.4,0,0,2.0,3.0,105,86,112,1,103,110,106,110,94,113,94,94,97,94,54,114,106,78,63,46,89,93,91,102,111,52,107,33,4,106,102,1,80,Undrafted,Undrafted,Southern Methodist,USA,2021-22
1630532,Franz Wagner,Franz,1610612753,ORL,20.0,79,21,58,0.266,30.7,5.8,12.3,0.468,1.2,3.4,0.354,2.4,2.8,0.863,1.1,3.4,4.5,2.9,1.5,0.9,0.4,1.1,2.1,2.4,15.2,-3.1,27.3,2,0,26.4,29.4,1,24,1,92,7,5,6,28,15,17,24,5,7,18,20,9,13,9,14,17,24,4,20,8,4,95,6,11,4,7,6,1,82,2021,8,Michigan,Germany,2021-22
1628221,Gabe York,Gabe,1610612754,IND,28.0,2,0,2,0.0,10.7,1.0,3.5,0.286,0.5,3.0,0.167,1.5,2.5,0.6,0.0,1.0,1.0,2.0,0.5,1.0,0.5,0.0,2.0,1.5,4.0,-2.0,12.2,0,0,10.5,13.5,105,117,95,117,67,72,63,95,51,22,83,15,10,76,104,77,89,22,63,9,16,93,21,20,58,82,45,33,4,51,42,1,75,Undrafted,Undrafted,Arizona,USA,2021-22
1630994,Gabriel Lundberg,Gabriel,1610612756,PHX,27.0,4,1,3,0.25,11.1,1.3,4.8,0.263,0.8,2.0,0.375,0.0,0.0,0.0,0.5,1.3,1.8,2.8,0.8,0.8,0.0,0.5,1.8,0.8,3.3,4.8,11.0,0,0,10.0,12.8,92,99,84,94,62,67,44,98,36,43,14,94,97,94,54,63,66,12,45,25,89,24,33,53,65,1,51,33,4,53,45,1,76,Undrafted,Undrafted,None,Denmark,2021-22
1630686,Georgios Kalaitzakis,Georgios,1610612760,OKC,23.0,13,8,5,0.615,16.4,2.4,5.2,0.463,0.8,2.0,0.385,1.1,2.3,0.467,0.5,1.2,1.6,0.9,1.5,0.8,0.2,0.0,1.5,1.6,6.6,-10.3,11.4,0,0,11.9,13.1,71,59,78,34,41,37,39,30,33,43,9,27,12,89,64,70,70,54,12,18,69,93,47,18,34,122,49,33,4,46,44,2,79,2021,60,None,Greece,2021-22
1630535,Greg Brown III,Greg,1610612757,POR,20.0,48,14,34,0.292,13.3,1.7,4.0,0.426,0.4,1.3,0.311,0.9,1.4,0.677,0.8,2.0,2.8,0.7,0.8,0.5,0.5,0.4,1.9,1.1,4.7,-5.0,11.5,0,0,10.7,12.1,30,44,15,87,52,51,56,50,64,69,51,33,28,68,32,39,37,63,45,42,16,41,26,34,51,112,48,33,4,50,51,1,79,2021,43,Texas,USA,2021-22
1629755,Hassani Gravett,Hassani,1610612753,ORL,25.0,8,2,6,0.25,21.4,2.3,4.8,0.474,1.4,3.3,0.423,0.4,0.5,0.75,0.1,2.5,2.6,2.5,1.1,0.6,0.1,0.4,1.6,1.0,6.3,-0.3,14.3,0,0,14.3,16.1,85,86,73,94,22,41,44,27,11,21,6,69,69,45,97,28,43,16,23,34,72,41,39,38,36,47,34,33,4,33,29,1,74,2019,,South Carolina,USA,2021-22
1630529,Herbert Jones,Herbert,1610612740,NOP,23.0,78,36,42,0.462,29.9,3.5,7.4,0.476,0.7,2.2,0.337,1.8,2.1,0.84,1.3,2.5,3.8,2.1,1.3,1.7,0.8,0.7,3.1,1.8,9.5,0.9,23.3,1,0,21.1,24.9,2,9,9,61,8,16,16,25,37,38,32,10,13,24,16,26,19,18,17,1,7,10,3,15,17,26,10,21,4,13,13,1,79,2021,35,Alabama,USA,2021-22
1630543,Isaiah Jackson,Isaiah,1610612754,IND,20.0,36,9,27,0.25,15.0,3.2,5.7,0.563,0.1,0.4,0.313,1.7,2.4,0.682,1.7,2.5,4.1,0.3,1.1,0.7,1.4,0.3,2.6,2.0,8.3,-1.1,18.9,3,0,17.1,19.4,42,57,30,94,45,21,32,11,82,98,50,11,11,65,9,29,16,100,24,28,2,57,7,12,22,66,17,8,4,19,17,1,82,2021,22,Kentucky,USA,2021-22
1630587,Isaiah Livers,Isaiah,1610612765,DET,23.0,19,8,11,0.421,20.2,2.2,4.7,0.456,1.4,3.4,0.422,0.6,0.7,0.857,0.8,2.2,3.0,1.1,0.8,0.7,0.4,0.2,1.9,0.6,6.4,-0.5,14.0,1,0,14.0,14.7,65,59,59,72,26,42,46,36,10,18,8,54,56,19,34,36,32,39,43,29,29,71,24,60,35,54,37,21,4,34,36,1,78,2021,42,Michigan,USA,2021-22
1630225,Isaiah Todd,Isaiah,1610612764,WAS,20.0,12,1,11,0.083,6.2,0.6,2.2,0.269,0.3,1.3,0.25,0.2,0.5,0.333,0.3,0.8,1.0,0.3,0.3,0.3,0.2,0.3,0.3,0.3,1.7,-2.0,4.5,0,0,4.3,4.8,75,99,59,114,87,88,79,96,66,65,69,87,69,93,80,89,89,92,79,70,66,57,102,84,89,82,87,33,4,85,87,1,81,2021,31,None,USA,2021-22
1630688,Ish Wainright,Ish,1610612756,PHX,27.0,45,36,9,0.8,8.0,0.9,2.3,0.394,0.4,1.3,0.322,0.2,0.3,0.583,0.6,0.6,1.2,0.3,0.3,0.4,0.1,0.2,1.1,0.4,2.4,0.9,5.8,0,0,5.5,6.0,36,9,65,17,76,79,78,68,60,68,43,90,89,81,46,94,82,92,87,56,70,73,65,79,76,27,83,33,4,78,81,1,77,Undrafted,Undrafted,Baylor,USA,2021-22
1630550,JT Thor,JT,1610612766,CHA,19.0,33,18,15,0.545,7.9,0.7,1.7,0.436,0.2,0.8,0.259,0.4,0.6,0.6,0.3,1.0,1.3,0.6,0.3,0.2,0.3,0.1,0.8,0.5,2.0,-0.2,5.9,0,0,5.3,6.2,45,34,54,44,77,85,92,46,75,80,67,70,65,76,73,82,80,72,85,81,31,86,81,68,83,46,82,33,4,81,79,1,81,2021,37,Auburn,USA,2021-22
1630605,JaQuori McLaughlin,JaQuori,1610612742,DAL,24.0,4,2,2,0.5,2.7,0.0,0.5,0.0,0.0,0.3,0.0,0.0,0.0,0.0,0.0,0.0,0.0,0.5,0.0,0.0,0.0,0.0,0.3,0.0,0.0,-2.3,0.8,0,0,0.5,1.0,92,86,95,49,119,110,116,110,94,103,94,94,97,94,104,114,115,78,106,103,89,93,107,102,111,87,119,33,4,119,119,1,76,Undrafted,Undrafted,Cal-Santa Barbara,USA,2021-22
1630531,Jaden Springer,Jaden,1610612755,PHI,19.0,2,2,0,1.0,2.8,0.5,0.5,1.0,0.0,0.0,0.0,0.0,0.0,0.0,0.5,0.5,1.0,0.0,0.5,0.0,1.0,0.0,0.0,0.0,1.0,-4.0,4.7,0,0,4.0,5.0,105,86,112,1,117,89,116,1,94,113,94,94,97,94,54,98,89,108,63,103,3,93,113,102,101,101,84,33,4,88,85,1,76,2021,28,Tennessee,USA,2021-22
1630693,Jaime Echenique,Jaime,1610612764,WAS,25.0,1,1,0,1.0,3.1,0.0,0.0,0.0,0.0,0.0,0.0,0.0,0.0,0.0,0.0,0.0,0.0,0.0,0.0,0.0,0.0,0.0,0.0,0.0,0.0,-1.0,0.0,0,0,0.0,0.0,118,99,112,1,110,110,121,110,94,113,94,94,97,94,104,114,115,108,106,103,89,93,113,102,111,61,121,33,4,121,121,1,82,Undrafted,Undrafted,Wichita State,Colombia,2021-22
1630224,Jalen Green,Jalen,1610612745,HOU,20.0,67,12,55,0.179,31.9,6.1,14.2,0.426,2.3,6.8,0.343,2.8,3.5,0.797,0.5,2.9,3.4,2.6,2.0,0.7,0.3,1.4,1.5,2.9,17.3,-7.7,26.0,0,0,27.5,28.7,12,48,3,109,5,4,2,52,1,1,30,2,3,37,62,16,24,13,6,31,47,2,44,6,2,119,7,33,4,6,8,1,76,2021,2,None,USA,2021-22
1630552,Jalen Johnson,Jalen,1610612737,ATL,20.0,22,14,8,0.636,5.5,1.0,1.9,0.537,0.1,0.6,0.231,0.2,0.3,0.714,0.1,1.1,1.2,0.1,0.4,0.1,0.1,0.1,0.4,0.2,2.4,-0.9,4.3,0,0,4.3,4.5,61,44,68,31,91,72,87,12,83,87,78,81,84,56,100,75,83,105,71,92,82,79,100,95,77,59,89,33,4,86,89,1,80,2021,20,Duke,USA,2021-22
1630591,Jalen Suggs,Jalen,1610612753,ORL,21.0,48,16,32,0.333,27.2,4.1,11.4,0.361,0.9,4.1,0.214,2.6,3.4,0.773,0.5,3.0,3.6,4.4,3.0,1.2,0.4,1.0,3.0,3.4,11.8,-4.3,24.5,2,0,23.8,28.9,30,39,19,80,12,11,9,76,27,13,80,3,4,42,51,12,21,4,3,5,26,5,5,1,9,105,8,11,4,9,7,1,77,2021,5,Gonzaga,USA,2021-22
1630547,James Bouknight,James,1610612766,CHA,21.0,31,15,16,0.484,9.8,1.6,4.5,0.348,0.5,1.6,0.347,0.9,1.0,0.871,0.7,1.0,1.7,0.8,0.5,0.2,0.0,0.5,0.9,0.7,4.6,-1.6,8.1,0,0,8.2,8.7,51,42,51,55,72,55,51,82,47,57,28,36,44,15,40,83,69,59,69,82,87,18,73,55,53,75,64,33,4,62,66,1,76,2021,11,Connecticut,USA,2021-22
1630691,Jamorko Pickett,Jamorko,1610612765,DET,24.0,13,4,9,0.308,13.6,1.4,3.8,0.36,1.0,3.0,0.333,0.1,0.2,0.5,0.5,2.0,2.5,0.5,0.4,0.0,0.5,0.1,0.9,0.2,3.8,0.0,8.8,0,0,8.9,9.0,71,75,65,85,50,62,57,78,21,22,34,93,96,86,64,40,46,74,74,103,13,83,74,98,61,43,60,33,4,55,63,1,81,Undrafted,Undrafted,Georgetown,USA,2021-22
1630215,Jared Butler,Jared,1610612762,UTA,21.0,42,31,11,0.738,8.6,1.5,3.6,0.404,0.7,2.1,0.318,0.3,0.4,0.688,0.1,1.0,1.1,1.5,0.8,0.4,0.2,0.1,1.1,0.3,3.8,-0.3,8.4,0,0,8.3,9.7,37,13,59,21,74,60,60,63,42,41,44,77,80,62,98,84,87,32,44,62,61,75,64,90,62,48,62,33,4,61,58,1,75,2021,40,Baylor,USA,2021-22
1629600,Jarron Cumberland,Jarron,1610612757,POR,24.0,3,0,3,0.0,4.1,0.3,0.7,0.5,0.0,0.3,0.0,0.0,0.0,0.0,0.3,0.7,1.0,0.3,0.0,0.0,0.0,0.0,0.7,0.0,0.7,3.0,2.4,0,0,2.0,2.3,99,117,84,117,104,102,113,18,94,100,94,94,97,94,73,91,89,92,106,103,89,93,86,102,105,6,105,33,4,106,110,1,77,Undrafted,Undrafted,Cincinnati,USA,2021-22
1629602,Javin DeLaurier,Javin,1610612749,MIL,24.0,1,1,0,1.0,2.8,0.0,0.0,0.0,0.0,0.0,0.0,0.0,0.0,0.0,0.0,1.0,1.0,0.0,0.0,1.0,0.0,0.0,1.0,0.0,0.0,4.0,4.2,0,0,3.0,4.0,118,99,112,1,118,110,121,110,94,113,94,94,97,94,104,77,89,108,106,9,89,93,67,102,111,2,90,33,4,97,93,1,82,Undrafted,Undrafted,Duke,USA,2021-22
1630606,Javonte Smart,Javonte,1610612748,MIA,23.0,17,11,6,0.647,11.8,1.1,3.5,0.317,0.5,1.6,0.296,0.3,0.4,0.833,0.3,1.1,1.4,0.9,0.6,0.4,0.2,0.5,0.7,0.4,3.0,-2.5,7.0,0,0,6.9,7.9,68,51,73,30,58,71,61,87,58,56,57,74,83,26,78,73,75,53,54,68,64,31,84,83,68,88,74,33,4,72,71,2,76,Undrafted,Undrafted,Louisiana State,USA,2021-22
1630643,Jay Huff,Jay,1610612747,LAL,24.0,4,0,4,0.0,5.1,0.0,0.8,0.0,0.0,0.5,0.0,0.0,0.0,0.0,0.3,0.8,1.0,0.3,0.3,0.3,0.3,0.0,0.3,0.3,0.0,3.8,2.8,0,0,2.3,3.0,92,117,82,117,94,110,112,110,94,91,94,94,97,94,80,89,89,102,91,79,51,93,107,91,111,3,102,33,4,104,102,1,85,Undrafted,Undrafted,Virginia,USA,2021-22
1629873,Jaysean Paige,Jaysean,1610612765,DET,27.0,1,1,0,1.0,6.6,0.0,3.0,0.0,0.0,2.0,0.0,0.0,0.0,0.0,0.0,1.0,1.0,1.0,1.0,0.0,0.0,0.0,2.0,0.0,0.0,-10.0,1.7,0,0,2.0,3.0,118,99,112,1,85,110,67,110,94,43,94,94,97,94,104,77,89,43,29,103,89,93,21,102,111,121,112,33,4,106,102,1,74,Undrafted,Undrafted,West Virginia,USA,2021-22
1630288,Jeff Dowtin Jr.,Jeff,1610612753,ORL,25.0,9,4,5,0.444,12.0,0.9,2.9,0.308,0.1,1.0,0.111,0.2,0.2,1.0,0.9,1.1,2.0,1.1,0.6,0.6,0.1,0.0,0.6,0.3,2.1,-2.9,7.6,0,0,6.7,8.3,82,75,78,67,57,80,71,91,84,74,92,82,91,1,29,74,56,38,62,41,76,93,89,84,81,94,71,33,4,73,68,3,75,Undrafted,Undrafted,Rhode Island,USA,2021-22
1630526,Jeremiah Robinson-Earl,Jeremiah,1610612760,OKC,21.0,49,15,34,0.306,22.2,2.7,6.6,0.414,1.2,3.4,0.352,0.8,1.1,0.741,1.5,4.1,5.6,1.0,0.8,0.6,0.3,0.5,1.5,1.0,7.5,-4.9,17.6,3,0,17.0,17.8,29,42,15,86,19,29,26,56,17,19,26,37,41,51,11,6,4,43,42,39,43,22,45,37,28,110,20,8,4,20,22,1,80,2021,32,Villanova,USA,2021-22
1630579,Jericho Sims,Jericho,1610612752,NYK,23.0,41,19,22,0.463,13.5,1.0,1.3,0.722,0.0,0.0,0.0,0.3,0.7,0.414,1.5,2.6,4.1,0.5,0.5,0.3,0.5,0.0,1.6,0.8,2.2,1.9,9.8,1,0,8.4,9.8,38,31,38,59,51,78,100,4,94,113,94,75,59,90,13,21,17,77,68,77,14,92,40,49,80,16,55,21,4,58,57,1,81,2021,58,Texas,USA,2021-22
1629111,Jock Landale,Jock,1610612759,SAS,26.0,54,24,30,0.444,10.9,1.9,3.8,0.495,0.5,1.6,0.326,0.6,0.8,0.829,1.2,1.4,2.6,0.8,0.6,0.2,0.3,0.2,1.0,0.9,4.9,-0.3,10.0,1,0,9.7,10.5,22,20,23,67,63,48,58,22,49,54,41,55,54,28,19,58,44,60,60,89,49,62,71,46,49,49,54,21,4,54,53,1,83,Undrafted,Undrafted,St. Mary's,Australia,2021-22
1630580,Joe Wieskamp,Joe,1610612759,SAS,22.0,29,11,18,0.379,7.1,0.7,1.9,0.357,0.5,1.5,0.326,0.2,0.4,0.538,0.1,0.3,0.5,0.3,0.1,0.1,0.1,0.1,0.5,0.2,2.1,0.0,3.8,0,0,3.9,3.9,53,51,48,77,82,86,84,79,56,62,42,79,74,83,96,110,110,97,105,91,79,85,98,93,82,43,95,33,4,91,96,1,78,2021,41,Iowa,USA,2021-22
1630555,Joel Ayayi,Joel,1610612764,WAS,22.0,7,1,6,0.143,2.9,0.1,0.9,0.167,0.0,0.1,0.0,0.0,0.0,0.0,0.1,0.3,0.4,0.6,0.0,0.0,0.0,0.3,0.0,0.1,0.3,0.4,1.7,0,0,1.3,1.9,86,99,73,110,115,109,110,107,94,110,94,94,97,94,94,111,112,73,106,103,89,53,113,99,110,37,114,33,4,117,115,1,76,Undrafted,Undrafted,Gonzaga,France,2021-22
1630257,Jon Teske,Jon,1610612763,MEM,25.0,3,3,0,1.0,2.6,0.0,0.3,0.0,0.0,0.0,0.0,0.0,0.7,0.0,0.0,0.7,0.7,0.3,0.0,0.3,0.0,0.0,0.3,0.0,0.0,-1.0,2.3,0,0,1.7,2.3,99,80,112,1,121,110,120,110,94,113,94,94,62,94,104,91,101,92,106,70,89,93,102,102,111,61,108,33,4,114,110,1,85,Undrafted,Undrafted,Michigan,USA,2021-22
1630228,Jonathan Kuminga,Jonathan,1610612744,GSW,19.0,70,44,26,0.629,16.9,3.4,6.6,0.513,0.7,2.1,0.336,1.9,2.7,0.684,0.8,2.6,3.3,0.9,1.1,0.4,0.3,0.5,2.1,2.0,9.3,0.5,15.9,2,0,15.8,16.8,9,1,32,32,39,18,27,16,39,39,33,9,8,63,35,24,26,55,27,57,41,24,19,10,18,33,24,11,4,24,26,1,79,2021,7,None,DRC,2021-22
1630692,Jordan Goodwin,Jordan,1610612764,WAS,23.0,2,1,1,0.5,3.0,0.0,1.5,0.0,0.0,0.5,0.0,0.0,0.0,0.0,0.0,0.5,0.5,0.0,0.0,0.0,0.0,0.0,0.5,0.0,0.0,-4.0,0.6,0,0,0.5,0.5,105,99,102,49,113,110,96,110,94,91,94,94,97,94,104,98,106,108,106,103,89,93,91,102,111,101,120,33,4,119,120,1,75,Undrafted,Undrafted,St. Louis,USA,2021-22
1630648,Jordan Schakel,Jordan,1610612764,WAS,24.0,4,1,3,0.25,7.6,0.3,2.8,0.091,0.3,1.5,0.167,0.5,0.5,1.0,0.5,1.5,2.0,0.0,0.3,0.3,0.0,0.5,0.0,0.8,1.3,0.5,4.2,0,0,4.0,4.0,92,99,84,94,79,103,74,109,70,59,83,59,69,1,54,55,56,108,91,79,89,24,113,53,93,33,92,33,4,88,93,1,78,Undrafted,Undrafted,San Diego State,USA,2021-22
1630631,Jose Alvarado,Jose,1610612740,NOP,24.0,54,25,29,0.463,15.4,2.4,5.4,0.446,0.6,2.0,0.291,0.7,1.0,0.679,0.5,1.4,1.9,2.8,0.7,1.3,0.1,0.4,1.4,1.0,6.1,2.6,16.1,1,0,14.3,17.9,22,19,24,60,43,35,36,44,45,42,60,48,49,67,63,58,64,10,47,3,71,44,53,41,40,9,22,21,4,32,21,1,72,Undrafted,Undrafted,Georgia Tech,USA,2021-22
1630528,Josh Christopher,Josh,1610612745,HOU,20.0,74,18,56,0.243,18.0,3.0,6.8,0.448,0.8,2.6,0.296,1.1,1.5,0.735,0.7,1.8,2.5,2.0,1.5,0.9,0.2,0.5,1.3,1.4,7.9,-3.7,15.6,0,0,15.3,17.7,6,34,2,102,34,25,22,42,35,34,57,22,23,53,41,43,45,21,11,16,65,32,56,22,26,100,26,33,4,26,23,1,75,2021,24,Arizona State,USA,2021-22
1630581,Josh Giddey,Josh,1610612760,OKC,19.0,54,17,37,0.315,31.5,5.2,12.4,0.419,1.0,3.9,0.263,1.0,1.5,0.709,1.8,6.0,7.8,6.4,3.2,0.9,0.4,0.9,1.6,1.7,12.5,-5.5,32.2,16,4,30.3,37.0,22,37,10,83,6,6,5,53,20,14,66,28,24,59,7,2,2,2,2,14,28,8,38,16,8,113,5,2,1,4,3,1,80,2021,6,None,Australia,2021-22
1630563,Joshua Primo,Joshua,1610612759,SAS,19.0,50,22,28,0.44,19.3,2.0,5.4,0.374,0.8,2.7,0.307,0.9,1.2,0.746,0.6,1.6,2.3,1.6,1.1,0.4,0.5,0.2,1.6,1.3,5.8,-1.6,12.3,0,0,12.2,13.8,27,21,28,70,28,46,37,72,30,29,52,35,38,50,45,51,49,29,22,63,22,67,42,24,45,76,43,33,4,41,41,1,76,2021,12,Alabama,Canada,2021-22
1630551,Justin Champagnie,Justin,1610612761,TOR,21.0,36,21,15,0.583,7.8,0.9,1.9,0.463,0.3,0.8,0.357,0.3,0.3,1.0,1.0,1.0,2.0,0.3,0.2,0.2,0.1,0.1,0.9,0.3,2.3,1.4,5.9,0,0,5.5,5.9,42,24,54,39,78,82,88,30,69,83,22,78,90,1,22,81,56,98,95,83,76,76,77,89,78,18,81,33,4,79,83,1,78,Undrafted,Undrafted,Pittsburgh,USA,2021-22
1630539,Kai Jones,Kai,1610612766,CHA,21.0,21,14,7,0.667,3.0,0.4,0.7,0.643,0.0,0.1,0.5,0.1,0.4,0.375,0.1,0.4,0.5,0.2,0.3,0.0,0.1,0.0,0.4,0.3,1.0,-0.7,2.1,0,0,2.1,2.4,64,44,72,26,111,96,113,6,92,112,1,91,80,92,94,108,105,104,88,101,81,93,101,84,100,55,110,33,4,105,109,1,82,2021,19,Texas,Bahamas,2021-22
1626208,Keifer Sykes,Keifer,1610612754,IND,28.0,32,6,26,0.188,17.7,2.2,5.9,0.363,0.8,2.8,0.3,0.5,0.5,0.882,0.3,1.2,1.4,1.9,1.0,0.4,0.1,0.2,1.6,0.5,5.6,-2.2,10.7,0,0,10.8,12.4,47,69,32,108,36,43,31,75,29,27,56,63,67,13,80,69,76,23,28,65,72,64,41,66,46,86,52,33,4,49,48,1,71,Undrafted,Undrafted,Wisc.-Green Bay,USA,2021-22
1630553,Keon Johnson,Keon,1610612757,POR,20.0,37,8,29,0.216,18.8,2.6,7.4,0.353,0.9,2.7,0.34,1.1,1.4,0.804,0.6,1.5,2.2,2.1,1.2,0.8,0.3,0.6,1.9,1.2,7.2,-7.8,14.9,0,0,14.5,16.8,41,59,24,105,31,32,17,81,24,31,31,23,26,34,44,53,51,20,19,24,37,13,28,29,30,120,30,33,4,30,27,2,76,2021,21,Tennessee,USA,2021-22
1630556,Kessler Edwards,Kessler,1610612751,BKN,21.0,48,22,26,0.458,20.6,2.3,5.6,0.412,1.0,2.8,0.353,0.3,0.4,0.842,0.9,2.7,3.6,0.6,0.9,0.6,0.5,0.4,1.8,0.5,5.9,-1.3,13.6,1,0,13.4,14.1,30,21,32,63,25,39,34,57,21,26,25,71,79,23,27,20,20,66,38,36,16,40,32,69,42,68,39,21,4,37,40,1,79,2021,44,Pepperdine,USA,2021-22
1630698,Kevin Pangos,Kevin,1610612739,CLE,29.0,24,16,8,0.667,6.9,0.6,1.9,0.326,0.3,1.1,0.231,0.1,0.2,0.75,0.1,0.4,0.5,1.3,0.3,0.1,0.0,0.0,0.5,0.4,1.6,-1.5,4.1,0,0,3.8,5.0,56,39,68,26,83,87,86,86,70,72,78,92,94,45,102,109,111,34,86,94,89,89,99,80,90,71,93,33,4,92,86,1,73,Undrafted,Undrafted,Gonzaga,Canada,2021-22
1630195,Leandro Bolmaro,Leandro,1610612750,MIN,21.0,35,19,16,0.543,6.9,0.5,1.5,0.315,0.1,0.5,0.278,0.3,0.4,0.846,0.5,0.8,1.2,0.6,0.4,0.2,0.0,0.0,0.7,0.5,1.4,0.1,3.9,0,0,3.7,4.4,44,31,51,46,84,93,95,88,81,90,63,72,82,21,66,88,81,69,76,90,89,91,82,77,92,41,94,33,4,93,92,1,78,2020,23,None,Argentina,2021-22
1629623,Lindell Wigginton,Lindell,1610612749,MIL,24.0,19,11,8,0.579,10.5,1.4,3.2,0.426,0.5,1.4,0.346,1.0,1.8,0.543,0.2,1.2,1.3,1.2,0.6,0.3,0.1,0.3,0.9,1.6,4.2,-2.5,7.9,0,0,7.8,8.9,65,51,68,42,68,63,65,51,57,64,29,29,18,82,93,68,79,36,55,78,86,50,76,17,56,89,67,33,4,66,65,1,73,2019,,Iowa State,Canada,2021-22
1630322,Lindy Waters III,Lindy,1610612760,OKC,24.0,25,6,19,0.24,18.6,2.8,7.0,0.406,2.1,5.8,0.363,0.2,0.2,0.8,0.2,2.7,2.9,1.0,0.4,0.8,0.3,0.1,1.2,0.4,8.0,-1.6,15.7,0,0,16.1,16.0,55,69,46,103,32,28,19,60,2,2,19,89,92,36,84,19,35,51,70,23,38,82,58,82,25,74,25,33,4,22,31,1,78,Undrafted,Undrafted,Oklahoma State,USA,2021-22
1630568,Luka Garza,Luka,1610612765,DET,23.0,32,3,29,0.094,12.2,2.1,4.6,0.449,0.5,1.5,0.327,1.2,1.9,0.623,1.8,1.3,3.1,0.6,0.6,0.3,0.2,0.5,1.7,1.8,5.8,-2.0,11.3,2,0,11.0,11.6,47,80,24,113,56,45,49,41,51,58,39,20,17,74,8,61,29,67,61,75,62,20,35,14,43,81,50,11,4,47,52,1,82,2021,52,Iowa,USA,2021-22
1630640,MJ Walker,MJ,1610612756,PHX,24.0,2,1,1,0.5,4.2,0.0,2.0,0.0,0.0,1.0,0.0,0.0,0.0,0.0,0.0,0.5,0.5,0.5,0.0,1.0,0.0,0.5,0.5,0.0,0.0,-1.5,4.4,0,0,3.0,4.5,105,99,102,49,102,110,81,110,94,74,94,94,97,94,104,98,106,78,106,9,89,24,91,102,111,73,88,33,4,97,89,1,77,Undrafted,Undrafted,Florida State,USA,2021-22
1630644,Mac McClung,Mac,1610612747,LAL,23.0,2,2,0,1.0,12.2,1.5,3.0,0.5,0.5,1.5,0.333,0.5,0.5,1.0,0.0,1.5,1.5,0.5,1.5,0.5,0.5,0.5,2.5,1.0,4.0,3.5,8.1,0,0,8.5,9.5,105,86,112,1,55,57,67,18,51,59,34,59,69,1,104,55,73,78,15,46,16,24,8,38,58,5,66,33,4,57,60,2,74,Undrafted,Undrafted,Texas Tech,USA,2021-22
1630792,Malcolm Hill,Malcolm,1610612741,CHI,26.0,19,8,11,0.421,11.2,1.3,2.7,0.462,0.7,1.9,0.361,0.6,0.7,0.786,0.6,1.3,1.8,0.4,0.2,0.4,0.2,0.1,1.3,0.6,3.8,-1.6,8.1,0,0,7.8,8.1,65,59,59,72,61,66,75,32,41,50,20,57,56,39,49,62,65,86,101,67,67,77,57,65,63,77,65,33,4,68,70,2,78,Undrafted,Undrafted,Illinois,USA,2021-22
1630585,Marcus Garrett,Marcus,1610612748,MIA,23.0,12,11,1,0.917,10.7,0.4,1.8,0.238,0.1,0.3,0.25,0.2,0.4,0.4,0.8,1.2,1.9,0.6,0.2,0.4,0.3,0.3,1.3,0.4,1.1,1.4,6.1,0,0,5.0,6.2,75,51,102,16,66,98,91,102,88,100,69,87,75,91,37,67,63,71,100,60,51,57,54,80,96,19,77,33,4,82,80,1,77,Undrafted,Undrafted,Kansas,USA,2021-22
1630250,Marko Simonovic,Marko,1610612741,CHI,22.0,9,4,5,0.444,3.9,0.4,1.7,0.267,0.1,0.6,0.2,0.9,1.2,0.727,0.6,0.6,1.1,0.0,0.2,0.1,0.1,0.3,0.7,0.8,1.9,0.3,3.7,0,0,3.6,3.7,82,75,78,67,105,95,92,97,84,88,81,34,35,55,50,96,85,108,95,95,76,45,86,52,87,38,96,33,4,94,98,1,83,2020,44,None,Montenegro,2021-22
1630346,Matt Ryan,Matt,1610612738,BOS,25.0,1,1,0,1.0,5.3,1.0,5.0,0.2,1.0,5.0,0.2,0.0,0.0,0.0,0.0,0.0,0.0,0.0,0.0,1.0,0.0,0.0,0.0,0.0,3.0,3.0,6.0,0,0,6.0,6.0,118,99,112,1,93,72,42,104,21,5,81,94,97,94,104,114,115,108,106,9,89,93,113,102,68,6,79,33,4,75,81,1,79,Undrafted,Undrafted,Tennessee-Chattanooga,USA,2021-22
1630593,McKinley Wright IV,McKinley,1610612750,MIN,23.0,5,3,2,0.6,3.8,0.4,0.6,0.667,0.2,0.4,0.5,0.0,0.0,0.0,0.0,0.0,0.0,0.6,0.2,0.0,0.0,0.0,0.2,0.0,1.0,-1.4,1.7,0,0,1.8,2.2,88,80,95,36,106,100,115,5,78,99,1,94,97,94,104,114,115,69,98,103,89,93,110,102,101,70,112,33,4,113,112,1,71,Undrafted,Undrafted,Colorado,USA,2021-22
1630695,Micah Potter,Micah,1610612765,DET,24.0,3,2,1,0.667,10.3,1.7,3.7,0.455,0.0,0.7,0.0,0.7,0.7,1.0,1.3,1.7,3.0,0.0,0.3,0.3,0.3,0.0,1.3,1.3,4.0,-13.3,9.3,0,0,8.3,9.0,99,86,102,26,69,52,59,38,94,85,94,48,62,1,15,48,32,108,79,70,31,93,54,25,58,125,58,33,4,60,63,1,82,Undrafted,Undrafted,Wisconsin,USA,2021-22
1630540,Miles McBride,Miles,1610612752,NYK,21.0,40,19,21,0.475,9.3,0.8,2.7,0.296,0.4,1.7,0.25,0.2,0.3,0.667,0.1,1.0,1.1,1.0,0.1,0.4,0.0,0.1,1.1,0.3,2.2,2.5,6.0,0,0,5.5,6.5,40,31,42,58,73,83,76,93,59,51,69,85,86,69,99,85,88,42,102,69,88,78,62,88,79,10,78,33,4,80,78,1,73,2021,36,West Virginia,USA,2021-22
1630541,Moses Moody,Moses,1610612744,GSW,20.0,52,35,17,0.673,11.7,1.5,3.5,0.437,0.8,2.1,0.364,0.5,0.7,0.778,0.3,1.2,1.5,0.4,0.3,0.1,0.2,0.1,0.8,0.6,4.4,-0.8,7.6,0,0,7.8,7.8,25,11,49,25,59,56,62,45,33,40,18,58,60,41,77,65,72,85,91,93,60,87,80,59,54,58,70,33,4,69,72,1,77,2021,14,Arkansas,USA,2021-22
1630589,Moses Wright,Moses,1610612742,DAL,23.0,4,4,0,1.0,3.7,0.3,1.0,0.25,0.0,0.3,0.0,0.8,0.8,1.0,0.3,0.5,0.8,0.5,0.0,0.0,0.3,0.0,0.0,0.5,1.3,-1.8,3.7,0,0,3.0,3.8,92,75,112,1,108,103,106,99,94,103,94,39,55,1,80,98,100,78,106,103,51,93,113,69,93,79,97,33,4,97,97,2,80,Undrafted,Undrafted,Georgia Tech,USA,2021-22
1629619,Myles Powell,Myles,1610612755,PHI,24.0,11,8,3,0.727,4.7,0.5,1.5,0.294,0.1,0.5,0.167,0.2,0.2,1.0,0.1,0.5,0.5,0.3,0.3,0.1,0.0,0.1,0.7,0.2,1.2,-1.6,2.2,0,0,2.3,2.5,78,59,84,22,96,94,94,94,87,89,83,86,93,1,100,104,104,101,89,96,89,79,83,97,95,78,109,33,4,103,108,1,74,Undrafted,Undrafted,Seton Hall,USA,2021-22
1629674,Neemias Queta,Neemias,1610612758,SAC,22.0,15,4,11,0.267,8.0,1.1,2.5,0.447,0.0,0.0,0.0,0.7,1.1,0.647,0.9,1.1,2.1,0.4,0.4,0.1,0.5,0.2,1.2,0.8,3.0,-0.5,7.5,0,0,6.7,7.7,69,75,59,90,75,69,77,43,94,113,94,42,39,72,26,72,54,87,73,100,15,67,60,50,68,51,72,33,4,73,73,1,84,2021,39,Utah State,Portugal,2021-22
1630846,Olivier Sarr,Olivier,1610612760,OKC,23.0,22,6,16,0.273,19.1,2.6,4.6,0.574,0.6,1.3,0.448,1.1,1.3,0.828,1.5,2.7,4.2,0.9,1.0,0.3,0.7,0.5,2.4,1.3,7.0,-1.3,15.2,1,0,14.5,15.8,61,69,51,89,29,31,50,10,46,67,4,24,30,30,10,18,14,57,29,76,10,33,10,27,32,69,29,21,4,29,32,1,84,Undrafted,Undrafted,Kentucky,France,2021-22
1630209,Omer Yurtseven,Omer,1610612748,MIA,24.0,56,39,17,0.696,12.6,2.3,4.4,0.526,0.0,0.2,0.091,0.7,1.1,0.623,1.5,3.7,5.3,0.9,0.7,0.3,0.4,0.3,1.5,0.9,5.3,1.1,14.2,8,0,12.8,14.3,20,7,49,24,53,38,53,14,93,107,93,47,42,74,12,7,7,56,48,74,30,49,46,42,48,22,35,5,4,39,39,1,83,Undrafted,Undrafted,Georgetown,Turkey,2021-22
1628238,Paris Bass,Paris,1610612756,PHX,26.0,2,2,0,1.0,3.7,1.0,3.0,0.333,0.0,1.0,0.0,1.0,1.0,1.0,1.0,1.0,2.0,0.0,1.0,0.5,0.0,1.0,1.0,0.5,3.0,1.0,5.9,0,0,6.0,6.5,105,86,112,1,107,72,67,83,94,74,94,29,44,1,24,77,56,108,29,46,89,5,67,69,68,23,80,33,4,75,77,1,80,Undrafted,Undrafted,Detroit Mercy,USA,2021-22
1627822,Petr Cornelie,Petr,1610612743,DEN,26.0,13,3,10,0.231,2.9,0.4,1.2,0.333,0.1,0.6,0.125,0.2,0.3,0.75,0.5,0.5,1.1,0.2,0.3,0.1,0.1,0.1,0.5,0.2,1.1,0.6,2.9,0,0,2.8,3.1,71,80,64,104,114,101,103,83,89,86,88,80,85,45,52,97,86,103,84,98,83,83,90,94,98,30,101,33,4,101,101,1,83,2016,53,None,France,2021-22
1629656,Quentin Grimes,Quentin,1610612752,NYK,22.0,46,21,25,0.457,17.1,2.1,5.1,0.404,1.6,4.1,0.381,0.3,0.4,0.684,0.5,1.5,2.0,1.0,0.6,0.7,0.2,0.0,1.6,0.5,6.0,-1.2,12.0,0,0,12.4,12.7,35,24,36,64,38,44,40,62,8,12,11,76,76,63,53,54,55,52,56,30,55,88,43,67,41,67,46,33,4,40,46,1,76,2021,25,Houston,USA,2021-22
1630612,RJ Nembhard Jr.,RJ,1610612739,CLE,23.0,14,6,8,0.429,4.5,0.4,1.3,0.333,0.0,0.1,0.0,0.2,0.3,0.75,0.2,0.3,0.5,0.9,0.2,0.1,0.0,0.2,0.1,0.4,1.1,-0.5,3.0,0,0,2.6,3.5,70,69,68,71,98,96,101,83,94,110,94,83,88,45,87,111,106,58,97,99,89,65,111,78,99,52,100,33,4,102,99,1,76,Undrafted,Undrafted,Texas Christian,USA,2021-22
1630306,Rob Edwards,Rob,1610612760,OKC,25.0,2,0,2,0.0,5.4,0.5,2.0,0.25,0.5,2.0,0.25,0.0,0.0,0.0,0.0,1.5,1.5,0.0,0.5,0.0,0.0,0.0,0.0,0.0,1.5,-7.0,2.8,0,0,3.5,3.0,105,117,95,117,92,89,81,99,51,43,69,94,97,94,104,55,73,108,63,103,89,93,113,102,91,116,103,33,4,95,102,1,77,Undrafted,Undrafted,Arizona State,USA,2021-22
1630573,Sam Hauser,Sam,1610612738,BOS,24.0,26,20,6,0.769,6.1,0.9,1.9,0.46,0.7,1.7,0.432,0.0,0.0,0.0,0.2,0.9,1.1,0.4,0.1,0.0,0.1,0.0,0.3,0.0,2.5,0.0,4.7,0,0,5.0,4.7,54,28,73,19,88,81,85,33,37,52,5,94,97,94,92,86,84,90,104,102,83,90,106,101,75,42,85,33,4,84,88,1,79,Undrafted,Undrafted,Virginia,USA,2021-22
1630572,Sandro Mamukelashvili,Sandro,1610612749,MIL,23.0,41,22,19,0.537,9.9,1.4,2.8,0.496,0.5,1.3,0.423,0.4,0.5,0.818,0.9,1.1,2.0,0.5,0.4,0.2,0.2,0.2,0.7,0.5,3.8,-3.5,7.9,1,0,7.7,8.1,38,21,46,47,71,61,72,21,50,70,6,64,66,32,31,71,56,75,77,84,56,63,85,76,64,98,69,21,4,70,69,1,81,2021,54,Seton Hall,Georgia,2021-22
1630583,Santi Aldama,Santi,1610612763,MEM,21.0,32,20,12,0.625,11.2,1.7,4.1,0.402,0.2,1.5,0.125,0.6,1.0,0.625,1.0,1.7,2.7,0.7,0.5,0.2,0.3,0.2,1.1,0.8,4.1,0.5,9.4,2,0,8.7,9.7,47,28,56,33,60,54,54,66,79,59,88,56,44,73,21,46,40,65,63,88,42,72,62,47,57,33,57,11,4,56,59,1,83,2021,30,Loyola-Maryland,Spain,2021-22
1630567,Scottie Barnes,Scottie,1610612761,TOR,20.0,74,43,31,0.581,35.4,6.2,12.6,0.492,0.8,2.6,0.301,2.1,2.9,0.735,2.6,4.9,7.5,3.5,1.8,1.1,0.7,0.5,2.6,2.9,15.3,0.9,33.2,13,0,30.7,35.2,6,2,21,40,2,2,4,23,32,32,55,8,6,52,2,3,3,7,9,7,8,21,6,5,3,24,3,3,4,3,5,1,79,2021,4,Florida State,USA,2021-22
1630575,Scottie Lewis,Scottie,1610612766,CHA,22.0,2,1,1,0.5,3.3,0.0,0.0,0.0,0.0,0.0,0.0,0.5,1.0,0.5,0.0,0.0,0.0,0.5,0.0,0.5,0.0,0.0,0.0,0.5,0.5,-2.0,2.8,0,0,2.0,3.0,105,99,102,49,109,110,121,110,94,113,94,59,44,86,104,114,115,78,106,46,89,93,113,69,108,82,104,33,4,106,102,1,77,2021,56,Florida,USA,2021-22
1629783,Shaq Buchanan,Shaq,1610612763,MEM,25.0,2,2,0,1.0,4.9,0.5,2.0,0.25,0.0,1.0,0.0,0.0,0.0,0.0,0.5,0.5,1.0,1.0,1.0,0.5,0.0,0.5,0.5,0.0,1.0,-1.0,4.2,0,0,4.0,5.5,105,86,112,1,95,89,81,99,94,74,94,94,97,94,54,98,89,43,29,46,89,24,91,102,101,61,90,33,4,88,84,1,75,Undrafted,Undrafted,Murray State,USA,2021-22
1630536,Sharife Cooper,Sharife,1610612737,ATL,21.0,13,8,5,0.615,3.0,0.2,1.1,0.214,0.1,0.5,0.167,0.0,0.0,0.0,0.0,0.4,0.4,0.4,0.4,0.0,0.0,0.2,0.1,0.1,0.5,-2.7,1.2,0,0,1.4,1.7,71,59,78,34,112,105,105,103,89,97,83,94,97,94,104,107,113,90,74,103,89,61,112,100,107,93,118,33,4,116,116,1,73,2021,48,Auburn,USA,2021-22
1630678,Terry Taylor,Terry,1610612754,IND,22.0,33,7,26,0.212,21.6,4.1,6.7,0.614,0.4,1.2,0.316,1.1,1.5,0.706,2.9,2.3,5.2,1.2,0.7,0.4,0.2,0.4,1.8,1.2,9.6,-3.5,19.1,2,0,17.8,19.3,45,66,32,106,21,12,25,8,65,71,46,24,22,60,1,34,9,35,50,59,54,36,30,32,15,97,15,11,4,17,18,1,77,Undrafted,Undrafted,Austin Peay,USA,2021-22
1629309,Trayvon Palmer,Trayvon,1610612765,DET,27.0,1,0,1,0.0,16.8,0.0,1.0,0.0,0.0,0.0,0.0,0.0,0.0,0.0,0.0,2.0,2.0,0.0,1.0,0.0,0.0,0.0,2.0,0.0,0.0,-12.0,1.4,0,0,2.0,2.0,118,117,102,117,40,110,106,110,94,113,94,94,97,94,104,40,56,108,29,103,89,93,21,102,111,124,116,33,4,106,113,1,78,Undrafted,Undrafted,Chicago St.,USA,2021-22
1630544,Tre Mann,Tre,1610612760,OKC,21.0,60,17,43,0.283,22.8,3.9,9.8,0.393,1.6,4.5,0.36,1.1,1.4,0.793,0.4,2.4,2.9,1.5,1.2,0.8,0.2,0.6,1.7,1.2,10.4,-4.6,17.9,0,0,18.4,19.3,19,37,8,88,18,13,12,70,7,7,21,26,27,38,69,31,36,31,21,21,57,17,36,30,12,108,19,33,4,15,19,1,75,2021,18,Florida,USA,2021-22
1630570,Trendon Watford,Trendon,1610612757,POR,21.0,48,16,32,0.333,18.1,3.0,5.6,0.532,0.2,0.8,0.237,1.5,2.0,0.755,1.2,3.0,4.1,1.7,0.9,0.5,0.6,0.4,2.4,1.6,7.6,-7.3,17.5,2,0,15.8,18.4,30,39,19,80,33,27,34,13,79,82,77,16,15,43,17,15,15,27,37,44,12,38,9,19,27,118,21,11,4,23,20,1,80,Undrafted,Undrafted,Louisiana State,USA,2021-22
1630243,Trevelin Queen,Trevelin,1610612745,HOU,25.0,10,1,9,0.1,7.4,1.5,3.3,0.455,0.9,2.4,0.375,0.4,0.4,1.0,0.7,0.9,1.6,0.4,0.7,0.5,0.1,0.0,0.6,0.5,4.3,0.8,7.9,0,0,8.4,8.5,80,99,65,112,80,57,64,38,26,36,14,66,77,1,42,87,71,87,49,46,80,93,88,69,55,28,68,33,4,59,67,1,78,Undrafted,Undrafted,New Mexico State,USA,2021-22
1630286,Trevon Scott,Trevon,1610612739,CLE,25.0,2,1,1,0.5,5.7,1.5,3.0,0.5,0.0,0.5,0.0,0.0,0.0,0.0,0.5,0.5,1.0,0.0,0.0,0.5,0.5,0.0,1.0,0.0,3.0,2.0,7.2,0,0,6.0,7.0,105,99,102,49,90,57,67,18,94,91,94,94,97,94,54,98,89,108,106,46,16,93,67,102,68,12,73,33,4,75,75,1,80,Undrafted,Undrafted,Cincinnati,USA,2021-22
1630530,Trey Murphy III,Trey,1610612740,NOP,22.0,62,31,31,0.5,13.9,1.8,4.5,0.394,1.1,3.0,0.382,0.7,0.8,0.882,0.8,1.6,2.4,0.6,0.3,0.4,0.1,0.2,1.0,0.7,5.4,0.0,10.3,0,0,10.5,10.4,16,13,21,49,48,50,52,69,18,22,10,43,52,13,36,52,48,68,90,66,75,66,72,56,47,45,53,33,4,52,54,1,80,2021,17,Virginia,USA,2021-22
1629788,Tyler Hall,Tyler,1610612752,NYK,25.0,1,1,0,1.0,1.9,0.0,0.0,0.0,0.0,0.0,0.0,0.0,0.0,0.0,0.0,0.0,0.0,0.0,0.0,0.0,0.0,0.0,0.0,0.0,0.0,-5.0,0.0,0,0,0.0,0.0,118,99,112,1,122,110,121,110,94,113,94,94,97,94,104,114,115,108,106,103,89,93,113,102,111,111,121,33,4,121,121,1,77,Undrafted,Undrafted,Montana State,USA,2021-22
1630586,Usman Garuba,Usman,1610612745,HOU,20.0,24,2,22,0.083,10.0,0.8,1.8,0.432,0.2,0.8,0.25,0.2,0.3,0.714,0.9,2.6,3.5,0.7,0.3,0.4,0.5,0.3,1.2,0.3,2.0,1.4,9.6,0,0,8.1,9.5,56,86,38,114,70,84,89,48,76,79,69,84,87,56,30,23,23,64,91,60,23,57,61,84,84,21,56,33,4,63,60,1,80,2021,23,None,Spain,2021-22
1630249,Vít Krejčí,Vít,1610612760,OKC,22.0,30,8,22,0.267,23.0,2.3,5.6,0.407,1.1,3.3,0.327,0.6,0.7,0.864,0.6,2.8,3.4,1.9,1.0,0.6,0.3,0.3,2.2,0.7,6.2,-6.0,14.9,1,0,14.4,16.1,52,59,38,90,17,40,33,59,19,20,39,53,58,17,46,17,25,24,35,33,48,51,16,57,37,114,31,21,4,31,30,1,80,2020,37,None,Czech Republic,2021-22
1629875,Xavier Moon,Xavier,1610612746,LAC,27.0,10,7,3,0.7,13.7,2.5,5.1,0.49,0.5,1.4,0.357,0.3,0.5,0.6,0.2,1.2,1.4,2.4,0.6,0.7,0.3,0.3,0.9,0.5,5.8,0.2,13.5,0,0,12.1,15.0,80,66,84,23,49,33,41,24,51,63,22,73,69,76,89,66,77,17,58,27,44,51,75,69,44,40,40,33,4,43,35,1,74,Undrafted,Undrafted,Morehead State,USA,2021-22
1630270,Xavier Sneed,Xavier,1610612762,UTA,24.0,9,7,2,0.778,4.3,0.2,1.1,0.2,0.1,0.9,0.125,0.0,0.0,0.0,0.2,0.4,0.7,0.1,0.0,0.0,0.0,0.0,0.2,0.0,0.6,-0.7,1.5,0,0,1.4,1.4,82,66,95,18,100,106,104,104,84,78,88,94,97,94,86,105,101,106,106,103,89,93,109,102,106,55,115,33,4,115,118,2,77,Undrafted,Undrafted,Kansas State,USA,2021-22
1630582,Yves Pons,Yves,1610612763,MEM,23.0,12,9,3,0.75,5.9,0.4,1.3,0.313,0.3,0.8,0.333,0.0,0.2,0.0,0.4,0.6,1.0,0.1,0.1,0.1,0.3,0.1,0.5,0.3,1.1,-2.5,3.6,0,0,3.3,3.5,75,57,84,20,89,98,97,89,70,84,34,94,94,94,69,95,89,107,103,97,31,81,91,91,96,90,98,33,4,96,99,1,77,Undrafted,Undrafted,Tennessee,France,2021-22
1630285,Zavier Simpson,Zavier,1610612760,OKC,25.0,4,1,3,0.25,43.5,4.8,13.0,0.365,0.3,2.0,0.125,1.3,1.3,1.0,0.5,4.8,5.3,7.5,2.5,1.3,1.0,1.8,3.8,2.0,11.0,-23.8,32.8,0,0,28.5,38.0,92,99,84,94,1,8,3,74,70,43,88,18,33,1,54,4,7,1,4,4,3,1,1,13,11,126,4,33,4,5,2,1,72,Undrafted,Undrafted,Michigan,USA,2021-22
1630533,Ziaire Williams,Ziaire,1610612763,MEM,20.0,62,41,21,0.661,21.7,3.1,6.8,0.45,1.2,3.9,0.314,0.7,0.9,0.782,0.4,1.7,2.1,1.0,0.7,0.6,0.2,0.3,1.8,0.8,8.1,2.0,13.8,0,0,14.0,14.5,16,4,42,29,20,23,21,40,14,15,48,45,51,40,68,49,53,41,51,40,59,54,31,48,24,15,38,33,4,36,38,1,81,2021,10,Stanford,USA,2021-22
