TEAM_ID,TEAM_NAME,W_PCT,SEASON
1610612737,Atlanta Hawks,0.732,2014-15
1610612738,Boston Celtics,0.488,2014-15
1610612751,Brooklyn Nets,0.463,2014-15
1610612766,Charlotte Hornets,0.402,2014-15
1610612741,Chicago Bulls,0.61,2014-15
1610612739,Cleveland Cavaliers,0.646,2014-15
1610612742,Dallas Mavericks,0.61,2014-15
1610612743,Denver Nuggets,0.366,2014-15
1610612765,Detroit Pistons,0.39,2014-15
1610612744,Golden State Warriors,0.817,2014-15
1610612745,Houston Rockets,0.683,2014-15
1610612754,Indiana Pacers,0.463,2014-15
1610612746,Los Angeles Clippers,0.683,2014-15
1610612747,Los Angeles Lakers,0.256,2014-15
1610612763,Memphis Grizzlies,0.671,2014-15
1610612748,Miami Heat,0.451,2014-15
1610612749,Milwaukee Bucks,0.5,2014-15
1610612750,Minnesota Timberwolves,0.195,2014-15
1610612740,New Orleans Pelicans,0.549,2014-15
1610612752,New York Knicks,0.207,2014-15
1610612760,Oklahoma City Thunder,0.549,2014-15
1610612753,Orlando Magic,0.305,2014-15
1610612755,Philadelphia 76ers,0.22,2014-15
1610612756,Phoenix Suns,0.476,2014-15
1610612757,Portland Trail Blazers,0.622,2014-15
1610612758,Sacramento Kings,0.354,2014-15
1610612759,San Antonio Spurs,0.671,2014-15
1610612761,Toronto Raptors,0.598,2014-15
1610612762,Utah Jazz,0.463,2014-15
1610612764,Washington Wizards,0.561,2014-15
1610612737,Atlanta Hawks,0.585,2015-16
1610612738,Boston Celtics,0.585,2015-16
1610612751,Brooklyn Nets,0.256,2015-16
1610612766,Charlotte Hornets,0.585,2015-16
1610612741,Chicago Bulls,0.512,2015-16
1610612739,Cleveland Cavaliers,0.695,2015-16
1610612742,Dallas Mavericks,0.512,2015-16
1610612743,Denver Nuggets,0.402,2015-16
1610612765,Detroit Pistons,0.537,2015-16
1610612744,Golden State Warriors,0.89,2015-16
1610612745,Houston Rockets,0.5,2015-16
1610612754,Indiana Pacers,0.549,2015-16
1610612746,LA Clippers,0.646,2015-16
1610612747,Los Angeles Lakers,0.207,2015-16
1610612763,Memphis Grizzlies,0.512,2015-16
1610612748,Miami Heat,0.585,2015-16
1610612749,Milwaukee Bucks,0.402,2015-16
1610612750,Minnesota Timberwolves,0.354,2015-16
1610612740,New Orleans Pelicans,0.366,2015-16
1610612752,New York Knicks,0.39,2015-16
1610612760,Oklahoma City Thunder,0.671,2015-16
1610612753,Orlando Magic,0.427,2015-16
1610612755,Philadelphia 76ers,0.122,2015-16
1610612756,Phoenix Suns,0.28,2015-16
1610612757,Portland Trail Blazers,0.537,2015-16
1610612758,Sacramento Kings,0.402,2015-16
1610612759,San Antonio Spurs,0.817,2015-16
1610612761,Toronto Raptors,0.683,2015-16
1610612762,Utah Jazz,0.488,2015-16
1610612764,Washington Wizards,0.5,2015-16
1610612737,Atlanta Hawks,0.524,2016-17
1610612738,Boston Celtics,0.646,2016-17
1610612751,Brooklyn Nets,0.244,2016-17
1610612766,Charlotte Hornets,0.439,2016-17
1610612741,Chicago Bulls,0.5,2016-17
1610612739,Cleveland Cavaliers,0.622,2016-17
1610612742,Dallas Mavericks,0.402,2016-17
1610612743,Denver Nuggets,0.488,2016-17
1610612765,Detroit Pistons,0.451,2016-17
1610612744,Golden State Warriors,0.817,2016-17
1610612745,Houston Rockets,0.671,2016-17
1610612754,Indiana Pacers,0.512,2016-17
1610612746,LA Clippers,0.622,2016-17
1610612747,Los Angeles Lakers,0.317,2016-17
1610612763,Memphis Grizzlies,0.524,2016-17
1610612748,Miami Heat,0.5,2016-17
1610612749,Milwaukee Bucks,0.512,2016-17
1610612750,Minnesota Timberwolves,0.378,2016-17
1610612740,New Orleans Pelicans,0.415,2016-17
1610612752,New York Knicks,0.378,2016-17
1610612760,Oklahoma City Thunder,0.573,2016-17
1610612753,Orlando Magic,0.354,2016-17
1610612755,Philadelphia 76ers,0.341,2016-17
1610612756,Phoenix Suns,0.293,2016-17
1610612757,Portland Trail Blazers,0.5,2016-17
1610612758,Sacramento Kings,0.39,2016-17
1610612759,San Antonio Spurs,0.744,2016-17
1610612761,Toronto Raptors,0.622,2016-17
1610612762,Utah Jazz,0.622,2016-17
1610612764,Washington Wizards,0.598,2016-17
1610612737,Atlanta Hawks,0.293,2017-18
1610612738,Boston Celtics,0.671,2017-18
1610612751,Brooklyn Nets,0.341,2017-18
1610612766,Charlotte Hornets,0.439,2017-18
1610612741,Chicago Bulls,0.329,2017-18
1610612739,Cleveland Cavaliers,0.61,2017-18
1610612742,Dallas Mavericks,0.293,2017-18
1610612743,Denver Nuggets,0.561,2017-18
1610612765,Detroit Pistons,0.476,2017-18
1610612744,Golden State Warriors,0.707,2017-18
1610612745,Houston Rockets,0.793,2017-18
1610612754,Indiana Pacers,0.585,2017-18
1610612746,LA Clippers,0.512,2017-18
1610612747,Los Angeles Lakers,0.427,2017-18
1610612763,Memphis Grizzlies,0.268,2017-18
1610612748,Miami Heat,0.537,2017-18
1610612749,Milwaukee Bucks,0.537,2017-18
1610612750,Minnesota Timberwolves,0.573,2017-18
1610612740,New Orleans Pelicans,0.585,2017-18
1610612752,New York Knicks,0.354,2017-18
1610612760,Oklahoma City Thunder,0.585,2017-18
1610612753,Orlando Magic,0.305,2017-18
1610612755,Philadelphia 76ers,0.634,2017-18
1610612756,Phoenix Suns,0.256,2017-18
1610612757,Portland Trail Blazers,0.598,2017-18
1610612758,Sacramento Kings,0.329,2017-18
1610612759,San Antonio Spurs,0.573,2017-18
1610612761,Toronto Raptors,0.72,2017-18
1610612762,Utah Jazz,0.585,2017-18
1610612764,Washington Wizards,0.524,2017-18
1610612737,Atlanta Hawks,0.354,2018-19
1610612738,Boston Celtics,0.598,2018-19
1610612751,Brooklyn Nets,0.512,2018-19
1610612766,Charlotte Hornets,0.476,2018-19
1610612741,Chicago Bulls,0.268,2018-19
1610612739,Cleveland Cavaliers,0.232,2018-19
1610612742,Dallas Mavericks,0.402,2018-19
1610612743,Denver Nuggets,0.659,2018-19
1610612765,Detroit Pistons,0.5,2018-19
1610612744,Golden State Warriors,0.695,2018-19
1610612745,Houston Rockets,0.646,2018-19
1610612754,Indiana Pacers,0.585,2018-19
1610612746,LA Clippers,0.585,2018-19
1610612747,Los Angeles Lakers,0.451,2018-19
1610612763,Memphis Grizzlies,0.402,2018-19
1610612748,Miami Heat,0.476,2018-19
1610612749,Milwaukee Bucks,0.732,2018-19
1610612750,Minnesota Timberwolves,0.439,2018-19
1610612740,New Orleans Pelicans,0.402,2018-19
1610612752,New York Knicks,0.207,2018-19
1610612760,Oklahoma City Thunder,0.598,2018-19
1610612753,Orlando Magic,0.512,2018-19
1610612755,Philadelphia 76ers,0.622,2018-19
1610612756,Phoenix Suns,0.232,2018-19
1610612757,Portland Trail Blazers,0.646,2018-19
1610612758,Sacramento Kings,0.476,2018-19
1610612759,San Antonio Spurs,0.585,2018-19
1610612761,Toronto Raptors,0.707,2018-19
1610612762,Utah Jazz,0.61,2018-19
1610612764,Washington Wizards,0.39,2018-19
1610612737,Atlanta Hawks,0.299,2019-20
1610612738,Boston Celtics,0.667,2019-20
1610612751,Brooklyn Nets,0.486,2019-20
1610612766,Charlotte Hornets,0.354,2019-20
1610612741,Chicago Bulls,0.338,2019-20
1610612739,Cleveland Cavaliers,0.292,2019-20
1610612742,Dallas Mavericks,0.573,2019-20
1610612743,Denver Nuggets,0.63,2019-20
1610612765,Detroit Pistons,0.303,2019-20
1610612744,Golden State Warriors,0.231,2019-20
1610612745,Houston Rockets,0.611,2019-20
1610612754,Indiana Pacers,0.616,2019-20
1610612746,LA Clippers,0.681,2019-20
1610612747,Los Angeles Lakers,0.732,2019-20
1610612763,Memphis Grizzlies,0.466,2019-20
1610612748,Miami Heat,0.603,2019-20
1610612749,Milwaukee Bucks,0.767,2019-20
1610612750,Minnesota Timberwolves,0.297,2019-20
1610612740,New Orleans Pelicans,0.417,2019-20
1610612752,New York Knicks,0.318,2019-20
1610612760,Oklahoma City Thunder,0.611,2019-20
1610612753,Orlando Magic,0.452,2019-20
1610612755,Philadelphia 76ers,0.589,2019-20
1610612756,Phoenix Suns,0.466,2019-20
1610612757,Portland Trail Blazers,0.473,2019-20
1610612758,Sacramento Kings,0.431,2019-20
1610612759,San Antonio Spurs,0.451,2019-20
1610612761,Toronto Raptors,0.736,2019-20
1610612762,Utah Jazz,0.611,2019-20
1610612764,Washington Wizards,0.347,2019-20
1610612737,Atlanta Hawks,0.569,2020-21
1610612738,Boston Celtics,0.5,2020-21
1610612751,Brooklyn Nets,0.667,2020-21
1610612766,Charlotte Hornets,0.458,2020-21
1610612741,Chicago Bulls,0.431,2020-21
1610612739,Cleveland Cavaliers,0.306,2020-21
1610612742,Dallas Mavericks,0.583,2020-21
1610612743,Denver Nuggets,0.653,2020-21
1610612765,Detroit Pistons,0.278,2020-21
1610612744,Golden State Warriors,0.542,2020-21
1610612745,Houston Rockets,0.236,2020-21
1610612754,Indiana Pacers,0.472,2020-21
1610612746,LA Clippers,0.653,2020-21
1610612747,Los Angeles Lakers,0.583,2020-21
1610612763,Memphis Grizzlies,0.528,2020-21
1610612748,Miami Heat,0.556,2020-21
1610612749,Milwaukee Bucks,0.639,2020-21
1610612750,Minnesota Timberwolves,0.319,2020-21
1610612740,New Orleans Pelicans,0.431,2020-21
1610612752,New York Knicks,0.569,2020-21
1610612760,Oklahoma City Thunder,0.306,2020-21
1610612753,Orlando Magic,0.292,2020-21
1610612755,Philadelphia 76ers,0.681,2020-21
1610612756,Phoenix Suns,0.708,2020-21
1610612757,Portland Trail Blazers,0.583,2020-21
1610612758,Sacramento Kings,0.431,2020-21
1610612759,San Antonio Spurs,0.458,2020-21
1610612761,Toronto Raptors,0.375,2020-21
1610612762,Utah Jazz,0.722,2020-21
1610612764,Washington Wizards,0.472,2020-21
1610612737,Atlanta Hawks,0.524,2021-22
1610612738,Boston Celtics,0.622,2021-22
1610612751,Brooklyn Nets,0.537,2021-22
1610612766,Charlotte Hornets,0.524,2021-22
1610612741,Chicago Bulls,0.561,2021-22
1610612739,Cleveland Cavaliers,0.537,2021-22
1610612742,Dallas Mavericks,0.634,2021-22
1610612743,Denver Nuggets,0.585,2021-22
1610612765,Detroit Pistons,0.28,2021-22
1610612744,Golden State Warriors,0.646,2021-22
1610612745,Houston Rockets,0.244,2021-22
1610612754,Indiana Pacers,0.305,2021-22
1610612746,LA Clippers,0.512,2021-22
1610612747,Los Angeles Lakers,0.402,2021-22
1610612763,Memphis Grizzlies,0.683,2021-22
1610612748,Miami Heat,0.646,2021-22
1610612749,Milwaukee Bucks,0.622,2021-22
1610612750,Minnesota Timberwolves,0.561,2021-22
1610612740,New Orleans Pelicans,0.439,2021-22
1610612752,New York Knicks,0.451,2021-22
1610612760,Oklahoma City Thunder,0.293,2021-22
1610612753,Orlando Magic,0.268,2021-22
1610612755,Philadelphia 76ers,0.622,2021-22
1610612756,Phoenix Suns,0.78,2021-22
1610612757,Portland Trail Blazers,0.329,2021-22
1610612758,Sacramento Kings,0.366,2021-22
1610612759,San Antonio Spurs,0.415,2021-22
1610612761,Toronto Raptors,0.585,2021-22
1610612762,Utah Jazz,0.598,2021-22
1610612764,Washington Wizards,0.427,2021-22
1610612737,Atlanta Hawks,0.5,2022-23
1610612738,Boston Celtics,0.695,2022-23
1610612751,Brooklyn Nets,0.549,2022-23
1610612766,Charlotte Hornets,0.329,2022-23
1610612741,Chicago Bulls,0.488,2022-23
1610612739,Cleveland Cavaliers,0.622,2022-23
1610612742,Dallas Mavericks,0.463,2022-23
1610612743,Denver Nuggets,0.646,2022-23
1610612765,Detroit Pistons,0.207,2022-23
1610612744,Golden State Warriors,0.537,2022-23
1610612745,Houston Rockets,0.268,2022-23
1610612754,Indiana Pacers,0.427,2022-23
1610612746,LA Clippers,0.537,2022-23
1610612747,Los Angeles Lakers,0.524,2022-23
1610612763,Memphis Grizzlies,0.622,2022-23
1610612748,Miami Heat,0.537,2022-23
1610612749,Milwaukee Bucks,0.707,2022-23
1610612750,Minnesota Timberwolves,0.512,2022-23
1610612740,New Orleans Pelicans,0.512,2022-23
1610612752,New York Knicks,0.573,2022-23
1610612760,Oklahoma City Thunder,0.488,2022-23
1610612753,Orlando Magic,0.415,2022-23
1610612755,Philadelphia 76ers,0.659,2022-23
1610612756,Phoenix Suns,0.549,2022-23
1610612757,Portland Trail Blazers,0.402,2022-23
1610612758,Sacramento Kings,0.585,2022-23
1610612759,San Antonio Spurs,0.268,2022-23
1610612761,Toronto Raptors,0.5,2022-23
1610612762,Utah Jazz,0.451,2022-23
1610612764,Washington Wizards,0.427,2022-23
1610612737,Atlanta Hawks,0.439,2023-24
1610612738,Boston Celtics,0.78,2023-24
1610612751,Brooklyn Nets,0.39,2023-24
1610612766,Charlotte Hornets,0.256,2023-24
1610612741,Chicago Bulls,0.476,2023-24
1610612739,Cleveland Cavaliers,0.585,2023-24
1610612742,Dallas Mavericks,0.61,2023-24
1610612743,Denver Nuggets,0.695,2023-24
1610612765,Detroit Pistons,0.171,2023-24
1610612744,Golden State Warriors,0.561,2023-24
1610612745,Houston Rockets,0.5,2023-24
1610612754,Indiana Pacers,0.573,2023-24
1610612746,LA Clippers,0.622,2023-24
1610612747,Los Angeles Lakers,0.573,2023-24
1610612763,Memphis Grizzlies,0.329,2023-24
1610612748,Miami Heat,0.561,2023-24
1610612749,Milwaukee Bucks,0.598,2023-24
1610612750,Minnesota Timberwolves,0.683,2023-24
1610612740,New Orleans Pelicans,0.598,2023-24
1610612752,New York Knicks,0.61,2023-24
1610612760,Oklahoma City Thunder,0.695,2023-24
1610612753,Orlando Magic,0.573,2023-24
1610612755,Philadelphia 76ers,0.573,2023-24
1610612756,Phoenix Suns,0.598,2023-24
1610612757,Portland Trail Blazers,0.256,2023-24
1610612758,Sacramento Kings,0.561,2023-24
1610612759,San Antonio Spurs,0.268,2023-24
1610612761,Toronto Raptors,0.305,2023-24
1610612762,Utah Jazz,0.378,2023-24
1610612764,Washington Wizards,0.183,2023-24
1610612737,Atlanta Hawks,0.488,2024-25
1610612738,Boston Celtics,0.744,2024-25
1610612751,Brooklyn Nets,0.317,2024-25
1610612766,Charlotte Hornets,0.232,2024-25
1610612741,Chicago Bulls,0.476,2024-25
1610612739,Cleveland Cavaliers,0.78,2024-25
1610612742,Dallas Mavericks,0.476,2024-25
1610612743,Denver Nuggets,0.61,2024-25
1610612765,Detroit Pistons,0.537,2024-25
1610612744,Golden State Warriors,0.585,2024-25
1610612745,Houston Rockets,0.634,2024-25
1610612754,Indiana Pacers,0.61,2024-25
1610612746,LA Clippers,0.61,2024-25
1610612747,Los Angeles Lakers,0.61,2024-25
1610612763,Memphis Grizzlies,0.585,2024-25
1610612748,Miami Heat,0.451,2024-25
1610612749,Milwaukee Bucks,0.585,2024-25
1610612750,Minnesota Timberwolves,0.598,2024-25
1610612740,New Orleans Pelicans,0.256,2024-25
1610612752,New York Knicks,0.622,2024-25
1610612760,Oklahoma City Thunder,0.829,2024-25
1610612753,Orlando Magic,0.5,2024-25
1610612755,Philadelphia 76ers,0.293,2024-25
1610612756,Phoenix Suns,0.439,2024-25
1610612757,Portland Trail Blazers,0.439,2024-25
1610612758,Sacramento Kings,0.488,2024-25
1610612759,San Antonio Spurs,0.415,2024-25
1610612761,Toronto Raptors,0.366,2024-25
1610612762,Utah Jazz,0.207,2024-25
1610612764,Washington Wizards,0.22,2024-25
1610612737,Atlanta Hawks,0.561,2025-26
1610612738,Boston Celtics,0.683,2025-26
1610612751,Brooklyn Nets,0.244,2025-26
1610612766,Charlotte Hornets,0.537,2025-26
1610612741,Chicago Bulls,0.378,2025-26
1610612739,Cleveland Cavaliers,0.634,2025-26
1610612742,Dallas Mavericks,0.317,2025-26
1610612743,Denver Nuggets,0.659,2025-26
1610612765,Detroit Pistons,0.732,2025-26
1610612744,Golden State Warriors,0.451,2025-26
1610612745,Houston Rockets,0.634,2025-26
1610612754,Indiana Pacers,0.232,2025-26
1610612746,LA Clippers,0.512,2025-26
1610612747,Los Angeles Lakers,0.646,2025-26
1610612763,Memphis Grizzlies,0.305,2025-26
1610612748,Miami Heat,0.524,2025-26
1610612749,Milwaukee Bucks,0.39,2025-26
1610612750,Minnesota Timberwolves,0.598,2025-26
1610612740,New Orleans Pelicans,0.317,2025-26
1610612752,New York Knicks,0.646,2025-26
1610612760,Oklahoma City Thunder,0.78,2025-26
1610612753,Orlando Magic,0.549,2025-26
1610612755,Philadelphia 76ers,0.549,2025-26
1610612756,Phoenix Suns,0.549,2025-26
1610612757,Portland Trail Blazers,0.512,2025-26
1610612758,Sacramento Kings,0.268,2025-26
1610612759,San Antonio Spurs,0.756,2025-26
1610612761,Toronto Raptors,0.561,2025-26
1610612762,Utah Jazz,0.268,2025-26
1610612764,Washington Wizards,0.207,2025-26
