PLAYER_ID,PLAYER_NAME,NICKNAME,TEAM_ID,TEAM_ABBREVIATION,AGE,GP,W,L,W_PCT,MIN,FGM,FGA,FG_PCT,FG3M,FG3A,FG3_PCT,FTM,FTA,FT_PCT,OREB,DREB,REB,AST,TOV,STL,BLK,BLKA,PF,PFD,PTS,PLUS_MINUS,NBA_FANTASY_PTS,DD2,TD3,WNBA_FANTASY_PTS,FP_HIGH_SCORE,GP_RANK,W_RANK,L_RANK,W_PCT_RANK,MIN_RANK,FGM_RANK,FGA_RANK,FG_PCT_RANK,FG3M_RANK,FG3A_RANK,FG3_PCT_RANK,FTM_RANK,FTA_RANK,FT_PCT_RANK,OREB_RANK,DREB_RANK,REB_RANK,AST_RANK,TOV_RANK,STL_RANK,BLK_RANK,BLKA_RANK,PF_RANK,PFD_RANK,PTS_RANK,PLUS_MINUS_RANK,NBA_FANTASY_PTS_RANK,DD2_RANK,TD3_RANK,WNBA_FANTASY_PTS_RANK,FP_HIGH_SCORE_RANK,TEAM_COUNT
1631260,AJ Green,AJ,1610612749,MIL,27.0,1,0,1,0.0,21.8,2.0,8.0,0.25,2.0,6.0,0.333,0.0,0.0,0.0,1.0,4.0,5.0,2.0,2.0,0.0,0.0,1.0,1.0,2.0,6.0,-2.0,13.0,0,0,15.0,15.0,60,203,1,203,29,144,54,246,26,12,110,195,211,195,59,33,40,74,37,150,93,17,167,78,160,189,171,5,1,128,153,1
1643758,AK Okereke,AK,1610612747,LAL,23.0,1,0,1,0.0,13.3,1.0,3.0,0.333,0.0,1.0,0.0,2.0,2.0,1.0,1.0,2.0,3.0,2.0,0.0,0.0,0.0,0.0,2.0,2.0,4.0,-1.0,10.6,0,0,9.0,11.0,60,203,1,203,209,222,233,197,182,202,182,66,99,1,59,117,106,74,212,150,93,99,83,78,222,174,222,5,1,236,222,1
203932,Aaron Gordon,Aaron,1610612743,DEN,31.0,2,1,1,0.5,10.9,3.5,5.0,0.7,1.0,2.0,0.5,3.5,4.0,0.875,0.0,3.5,3.5,0.0,0.0,0.0,0.0,0.0,0.5,3.0,11.5,1.5,15.7,0,0,16.0,15.0,1,1,1,144,249,70,140,40,71,138,53,40,39,81,157,67,98,234,212,150,93,99,249,39,51,150,121,5,1,116,153,1
1630598,Aaron Wiggins,Aaron,1610612737,ATL,27.0,1,0,1,0.0,10.7,2.0,4.0,0.5,1.0,2.0,0.5,2.0,2.0,1.0,0.0,0.0,0.0,0.0,0.0,0.0,0.0,1.0,2.0,1.0,7.0,-13.0,7.0,0,0,8.0,7.0,60,203,1,203,254,144,188,97,71,138,53,66,99,1,157,272,292,234,212,150,93,17,83,160,136,292,266,5,1,251,272,1
1642846,Ace Bailey,Ace,1610612762,UTA,20.0,2,1,1,0.5,21.5,4.5,11.0,0.409,1.0,4.0,0.25,0.0,0.0,0.0,2.5,3.0,5.5,1.5,1.5,1.0,1.0,1.5,2.0,1.0,10.0,1.0,23.4,0,0,22.0,24.5,1,1,1,144,30,29,11,172,71,45,146,195,211,195,22,71,39,128,94,48,21,16,83,160,78,153,39,5,1,36,47,1
1641745,Adam Flagler,Adam,1610612758,SAC,26.0,1,0,1,0.0,0.9,0.0,0.0,0.0,0.0,0.0,0.0,0.0,0.0,0.0,0.0,0.0,0.0,0.0,0.0,0.0,0.0,0.0,0.0,0.0,0.0,0.0,0.0,0,0,0.0,0.0,60,203,1,203,328,287,319,287,182,269,182,195,211,195,157,272,292,234,212,150,93,99,256,262,304,165,322,5,1,324,324,1
1643530,Aday Mara,Aday,1610612760,OKC,21.0,1,0,1,0.0,18.4,5.0,5.0,1.0,0.0,0.0,0.0,2.0,2.0,1.0,1.0,8.0,9.0,3.0,2.0,0.0,3.0,0.0,4.0,1.0,12.0,13.0,34.3,0,0,30.0,36.0,60,203,1,203,69,11,140,1,182,269,182,66,99,1,59,3,6,39,37,150,1,99,13,160,33,30,6,5,1,10,3,1
1642876,Adou Thiero,Adou,1610612747,LAL,22.0,2,1,1,0.5,17.0,2.0,4.0,0.5,0.0,1.5,0.0,1.0,2.5,0.4,0.0,4.0,4.0,2.0,1.5,1.0,0.0,0.0,2.0,2.5,5.0,4.5,14.3,0,0,13.0,16.0,1,1,1,144,105,144,188,97,182,190,182,128,96,181,157,33,64,74,94,48,93,99,83,73,196,107,145,5,1,162,131,1
1642349,Ajay Mitchell,Ajay,1610612760,OKC,24.0,1,0,1,0.0,17.6,2.0,7.0,0.286,1.0,2.0,0.5,6.0,6.0,1.0,0.0,1.0,1.0,4.0,2.0,0.0,0.0,0.0,3.0,5.0,11.0,13.0,16.2,0,0,17.0,20.0,60,203,1,203,92,144,74,237,71,138,53,5,10,1,157,184,230,22,37,150,93,99,35,5,54,30,112,5,1,95,90,1
201143,Al Horford,Al,1610612744,GSW,40.0,1,0,1,0.0,15.7,1.0,5.0,0.2,1.0,4.0,0.25,0.0,0.0,0.0,0.0,3.0,3.0,1.0,2.0,1.0,0.0,0.0,1.0,0.0,3.0,2.0,9.1,0,0,10.0,11.0,60,203,1,203,146,222,140,267,71,45,146,195,211,195,157,71,106,135,37,48,93,99,167,262,246,138,241,5,1,221,222,1
1642284,Alex Karaban,Alex,1610612758,SAC,23.0,1,0,1,0.0,16.2,1.0,3.0,0.333,0.0,1.0,0.0,1.0,1.0,1.0,0.0,3.0,3.0,2.0,1.0,2.0,0.0,0.0,1.0,1.0,3.0,-5.0,14.6,0,0,12.0,16.0,60,203,1,203,131,222,233,197,182,202,182,128,185,1,157,71,106,74,107,11,93,99,167,160,246,222,139,5,1,183,131,1
1642893,Alex Toohey,Alex,1610612744,GSW,22.0,2,1,1,0.5,5.6,1.0,1.5,0.667,0.5,0.5,1.0,0.0,0.0,0.0,0.5,0.0,0.5,0.5,0.0,0.5,1.0,0.5,0.0,0.0,2.5,4.0,8.4,0,0,7.0,8.5,1,1,1,144,316,222,291,41,161,265,1,195,211,195,140,272,290,221,212,133,21,75,256,262,270,109,254,5,1,258,255,1
1643813,Alpha Diallo,Alpha,1610612743,DEN,29.0,2,1,1,0.5,17.2,1.5,2.5,0.6,1.0,1.0,1.0,1.0,3.0,0.333,0.5,2.0,2.5,1.0,2.0,1.0,0.0,0.0,3.0,1.5,5.0,3.5,10.5,0,0,11.5,12.5,1,1,1,144,103,211,270,73,71,202,1,128,67,184,140,117,147,135,37,48,93,99,35,150,196,121,223,5,1,198,200,1
203083,Andre Drummond,Andre,1610612752,NYK,33.0,1,0,1,0.0,12.0,2.0,5.0,0.4,0.0,1.0,0.0,2.0,5.0,0.4,1.0,4.0,5.0,1.0,0.0,0.0,3.0,1.0,3.0,4.0,6.0,9.0,22.5,0,0,18.0,22.0,60,203,1,203,238,144,140,173,182,202,182,66,26,181,59,33,40,135,212,150,1,17,35,11,160,50,44,5,1,79,64,1
1643808,Andrew Holifield,Andrew,1610612760,OKC,22.0,1,0,1,0.0,7.2,1.0,4.0,0.25,0.0,2.0,0.0,2.0,2.0,1.0,0.0,0.0,0.0,0.0,0.0,0.0,0.0,0.0,0.0,1.0,4.0,-17.0,4.0,0,0,4.0,4.0,60,203,1,203,298,222,188,246,182,138,182,66,99,1,157,272,292,234,212,150,93,99,256,160,222,309,297,5,1,291,298,1
203952,Andrew Wiggins,Andrew,1610612748,MIA,31.0,1,1,0,1.0,12.8,4.0,6.0,0.667,4.0,6.0,0.667,0.0,0.0,0.0,0.0,1.0,1.0,0.0,0.0,1.0,0.0,0.0,2.0,0.0,12.0,5.0,16.2,0,0,19.0,16.0,60,1,186,1,218,32,100,41,1,12,32,195,211,195,157,184,230,234,212,48,93,99,83,262,33,93,112,5,1,70,131,1
1630162,Anthony Edwards,Anthony,1610612750,MIN,25.0,1,1,0,1.0,18.1,4.0,13.0,0.308,1.0,7.0,0.143,5.0,5.0,1.0,0.0,4.0,4.0,2.0,2.0,0.0,2.0,1.0,3.0,4.0,14.0,13.0,25.8,0,0,25.0,28.0,60,1,186,1,79,32,3,233,71,8,177,11,26,1,157,33,64,74,37,150,3,17,35,11,16,30,34,5,1,24,24,1
1643208,Anthony Pritchard,Anthony,1610612760,OKC,23.0,1,0,1,0.0,9.8,3.0,3.0,1.0,1.0,1.0,1.0,0.0,0.0,0.0,0.0,2.0,2.0,1.0,2.0,2.0,0.0,0.0,2.0,1.0,7.0,-13.0,14.9,0,0,15.0,17.0,60,203,1,203,269,75,233,1,71,202,1,195,211,195,157,117,151,135,37,11,93,99,83,160,136,292,134,5,1,128,119,1
1641810,Antonio Reeves,Antonio,1610612750,MIN,25.0,1,1,0,1.0,12.0,5.0,5.0,1.0,2.0,2.0,1.0,0.0,0.0,0.0,2.0,1.0,3.0,2.0,0.0,1.0,0.0,0.0,0.0,1.0,12.0,14.0,21.6,0,0,21.0,22.0,60,1,186,1,232,11,140,1,26,138,1,195,211,195,24,184,106,74,212,48,93,99,256,160,33,25,57,5,1,49,64,1
1630574,Ariel Hukporti,Ariel,1610612755,PHI,24.0,1,1,0,1.0,4.9,0.0,1.0,0.0,0.0,1.0,0.0,0.0,0.0,0.0,0.0,0.0,0.0,1.0,0.0,0.0,0.0,0.0,0.0,0.0,0.0,-2.0,1.5,0,0,1.0,2.0,60,1,186,1,318,287,292,287,182,202,182,195,211,195,157,272,292,135,212,150,93,99,256,262,304,189,313,5,1,317,309,1
1642854,Asa Newell,Asa,1610612737,ATL,21.0,1,0,1,0.0,22.3,5.0,9.0,0.556,0.0,1.0,0.0,2.0,2.0,1.0,5.0,7.0,12.0,2.0,2.0,2.0,0.0,0.0,1.0,2.0,12.0,-5.0,33.4,1,0,30.0,34.0,60,203,1,203,28,11,30,92,182,202,182,66,99,1,1,5,1,74,37,11,93,99,167,78,33,222,8,1,1,10,9,1
1641709,Ausar Thompson,Ausar,1610612765,DET,23.0,1,1,0,1.0,18.3,5.0,8.0,0.625,0.0,0.0,0.0,0.0,1.0,0.0,1.0,1.0,2.0,2.0,1.0,3.0,1.0,0.0,1.0,1.0,10.0,2.0,26.4,0,0,22.0,28.0,60,1,186,1,72,11,54,65,182,269,182,195,185,195,59,184,151,74,107,3,21,99,167,160,78,138,29,5,1,36,24,1
1630245,Ayo Dosunmu,Ayo,1610612750,MIN,26.0,1,1,0,1.0,12.9,2.0,5.0,0.4,1.0,2.0,0.5,0.0,0.0,0.0,0.0,3.0,3.0,0.0,0.0,0.0,0.0,0.0,0.0,0.0,5.0,-5.0,8.6,0,0,9.0,8.0,60,1,186,1,216,144,140,173,71,138,53,195,211,195,157,71,106,234,212,150,93,99,256,262,196,222,248,5,1,236,258,1
1642394,Baba Miller,Baba,1610612746,LAC,22.0,1,1,0,1.0,20.1,2.0,5.0,0.4,0.0,1.0,0.0,5.0,6.0,0.833,2.0,4.0,6.0,0.0,1.0,0.0,0.0,2.0,5.0,3.0,9.0,-4.0,15.2,0,0,15.0,15.0,60,1,186,1,38,144,140,173,182,202,182,11,10,86,24,33,24,234,107,150,93,2,4,39,92,214,127,5,1,128,153,1
1628389,Bam Adebayo,Bam,1610612748,MIA,29.0,1,1,0,1.0,12.8,2.0,7.0,0.286,1.0,4.0,0.25,5.0,6.0,0.833,2.0,4.0,6.0,0.0,2.0,0.0,0.0,1.0,3.0,3.0,10.0,5.0,15.2,0,0,17.0,16.0,60,1,186,1,218,144,74,237,71,45,146,11,10,86,24,33,24,234,37,150,93,17,35,39,78,93,127,5,1,95,131,1
1643750,Ben Humrichous,Ben,1610612751,BKN,24.0,1,1,0,1.0,3.5,0.0,1.0,0.0,0.0,1.0,0.0,0.0,0.0,0.0,0.0,0.0,0.0,0.0,0.0,0.0,0.0,0.0,0.0,0.0,0.0,-1.0,0.0,0,0,0.0,0.0,60,1,186,1,321,287,292,287,182,202,182,195,211,195,157,272,292,234,212,150,93,99,256,262,304,174,322,5,1,324,324,1
1642879,Ben Saraf,Ben,1610612751,BKN,20.0,1,1,0,1.0,14.7,3.0,7.0,0.429,2.0,4.0,0.5,0.0,0.0,0.0,0.0,2.0,2.0,2.0,1.0,0.0,0.0,1.0,0.0,1.0,8.0,15.0,12.4,0,0,14.0,14.0,60,1,186,1,174,75,74,164,26,45,53,195,211,195,157,117,151,74,107,150,93,17,256,160,111,18,187,5,1,146,173,1
1631097,Bennedict Mathurin,Bennedict,1610612740,NOP,24.0,1,1,0,1.0,16.6,3.0,5.0,0.6,2.0,4.0,0.5,5.0,5.0,1.0,1.0,1.0,2.0,5.0,1.0,0.0,0.0,0.0,0.0,2.0,13.0,17.0,21.9,0,0,22.0,25.0,60,1,186,1,120,75,140,73,26,45,53,11,26,1,59,184,151,9,107,150,93,99,256,78,24,9,52,5,1,36,41,1
1642892,Bennett Stirtz,Bennett,1610612760,OKC,23.0,1,0,1,0.0,30.8,6.0,9.0,0.667,3.0,6.0,0.5,0.0,0.0,0.0,0.0,5.0,5.0,6.0,4.0,0.0,0.0,0.0,4.0,0.0,15.0,-7.0,26.0,0,0,29.0,32.0,60,203,1,203,1,6,30,41,9,12,53,195,211,195,157,16,40,4,7,150,93,99,13,262,8,246,31,5,1,14,11,1
1643016,Bez Mbeng,Bez,1610612748,MIA,23.0,1,1,0,1.0,17.6,5.0,10.0,0.5,1.0,2.0,0.5,0.0,0.0,0.0,0.0,3.0,3.0,3.0,2.0,2.0,0.0,0.0,1.0,0.0,11.0,11.0,23.1,0,0,22.0,26.0,60,1,186,1,90,11,22,97,71,138,53,195,211,195,157,71,106,39,37,11,93,99,167,262,54,40,40,5,1,36,37,1
1642396,Blake Hinson,Blake,1610612762,UTA,26.0,2,1,1,0.5,14.4,2.5,5.5,0.455,2.0,4.0,0.5,0.0,0.0,0.0,2.0,1.0,3.0,0.5,0.5,0.0,0.0,0.5,1.0,1.0,7.0,3.5,10.9,0,0,12.5,11.0,1,1,1,144,182,137,134,154,26,45,53,195,211,195,24,184,106,221,202,150,93,75,167,160,136,121,220,5,1,181,222,1
1631104,Blake Wesley,Blake,1610612746,LAC,23.0,1,1,0,1.0,17.6,3.0,5.0,0.6,0.0,0.0,0.0,2.0,3.0,0.667,0.0,3.0,3.0,1.0,1.0,1.0,1.0,0.0,1.0,2.0,8.0,1.0,18.1,0,0,16.0,19.0,60,1,186,1,90,75,140,73,182,269,182,66,67,109,157,71,106,135,107,48,21,99,167,78,111,153,91,5,1,116,98,1
1626171,Bobby Portis Jr.,Bobby,1610612748,MIA,31.0,1,1,0,1.0,11.2,1.0,4.0,0.25,1.0,3.0,0.333,1.0,2.0,0.5,1.0,2.0,3.0,2.0,1.0,0.0,0.0,0.0,2.0,1.0,4.0,16.0,9.6,0,0,10.0,11.0,60,1,186,1,244,222,188,246,71,85,110,128,99,129,59,117,106,74,107,150,93,99,83,160,222,14,236,5,1,221,222,1
1630538,Bones Hyland,Bones,1610612750,MIN,26.0,1,1,0,1.0,9.0,0.0,2.0,0.0,0.0,1.0,0.0,0.0,0.0,0.0,0.0,2.0,2.0,2.0,1.0,1.0,0.0,0.0,0.0,1.0,0.0,5.0,7.4,0,0,6.0,9.0,60,1,186,1,278,287,272,287,182,202,182,195,211,195,157,117,151,74,107,48,93,99,256,160,304,93,261,5,1,278,248,1
1641764,Brandin Podziemski,Brandin,1610612744,GSW,23.0,2,1,1,0.5,18.5,4.5,10.5,0.429,1.0,3.5,0.286,1.5,3.0,0.5,0.0,2.0,2.0,1.5,1.5,1.0,0.5,1.0,1.0,2.5,11.5,9.5,19.2,0,0,19.0,21.0,1,1,1,144,65,29,21,164,71,84,143,123,67,129,157,117,151,128,94,48,74,17,167,73,51,47,79,5,1,70,78,1
1630314,Brandon Williams,Brandon,1610612744,GSW,26.0,2,1,1,0.5,16.8,3.5,7.5,0.467,0.0,1.5,0.0,3.5,3.5,1.0,0.0,2.0,2.0,2.0,3.0,1.0,0.5,0.5,1.5,2.5,10.5,8.5,17.4,0,0,17.5,21.0,1,1,1,144,113,70,72,152,182,190,182,40,65,1,157,117,151,74,14,48,74,75,158,73,73,64,102,5,1,93,78,1
1643415,Brayden Burries,Brayden,1610612749,MIL,21.0,1,0,1,0.0,16.2,3.0,10.0,0.3,1.0,3.0,0.333,0.0,0.0,0.0,2.0,0.0,2.0,5.0,3.0,2.0,0.0,1.0,4.0,1.0,7.0,-12.0,19.9,0,0,19.0,25.0,60,203,1,203,131,75,22,234,71,85,110,195,211,195,24,272,151,9,14,11,93,17,13,160,136,290,69,5,1,70,41,1
1642924,Brice Williams,Brice,1610612765,DET,25.0,1,1,0,1.0,6.2,0.0,1.0,0.0,0.0,1.0,0.0,3.0,3.0,1.0,0.0,0.0,0.0,1.0,0.0,0.0,0.0,0.0,0.0,1.0,3.0,-1.0,4.5,0,0,4.0,5.0,60,1,186,1,308,287,292,287,182,202,182,43,67,1,157,272,292,135,212,150,93,99,256,160,246,174,290,5,1,291,291,1
1642355,Bronny James,Bronny,1610612747,LAL,22.0,2,1,1,0.5,18.4,1.5,5.0,0.3,0.5,2.0,0.25,0.0,0.0,0.0,0.0,3.0,3.0,3.5,2.0,0.0,0.5,0.0,4.0,1.0,3.5,-3.0,11.9,0,0,11.5,15.0,1,1,1,144,67,211,140,234,161,138,146,195,211,195,157,71,106,36,37,150,74,99,13,160,241,201,201,5,1,198,153,1
201572,Brook Lopez,Brook,1610612746,LAC,38.0,1,1,0,1.0,7.1,0.0,4.0,0.0,0.0,1.0,0.0,1.0,2.0,0.5,1.0,2.0,3.0,0.0,1.0,0.0,0.0,0.0,2.0,1.0,1.0,5.0,3.6,0,0,4.0,4.0,60,1,186,1,301,287,188,287,182,202,182,128,99,129,59,117,106,234,107,150,93,99,83,160,293,93,300,5,1,291,298,1
1642964,Brooks Barnhizer,Brooks,1610612760,OKC,24.0,1,0,1,0.0,25.7,4.0,5.0,0.8,1.0,1.0,1.0,3.0,5.0,0.6,2.0,5.0,7.0,3.0,2.0,0.0,1.0,1.0,5.0,3.0,12.0,-8.0,25.9,0,0,25.0,28.0,60,203,1,203,13,32,140,25,71,202,1,43,26,124,24,16,15,39,37,150,21,17,4,39,33,260,32,5,1,24,24,1
1628971,Bruce Brown,Bruce,1610612752,NYK,30.0,1,0,1,0.0,10.3,1.0,3.0,0.333,0.0,1.0,0.0,0.0,0.0,0.0,0.0,0.0,0.0,0.0,1.0,0.0,0.0,0.0,4.0,1.0,2.0,-14.0,1.0,0,0,2.0,2.0,60,203,1,203,258,222,233,197,182,202,182,195,211,195,157,272,292,234,107,150,93,99,13,160,272,300,320,5,1,308,309,1
1643624,Bryce Hopkins,Bryce,1610612743,DEN,24.0,2,1,1,0.5,11.0,0.0,1.0,0.0,0.0,0.0,0.0,1.0,2.0,0.5,0.0,1.5,1.5,0.5,0.5,0.5,0.0,0.0,1.5,2.0,1.0,-8.5,4.6,0,0,4.0,5.0,1,1,1,144,248,287,292,287,182,269,182,128,99,129,157,175,217,221,202,133,93,99,158,78,293,272,289,5,1,291,291,1
1631121,Bryce McGowens,Bryce,1610612740,NOP,23.0,1,1,0,1.0,12.0,2.0,6.0,0.333,1.0,1.0,1.0,2.0,2.0,1.0,0.0,1.0,1.0,1.0,1.0,2.0,1.0,2.0,0.0,1.0,7.0,9.0,17.7,0,0,16.0,19.0,60,1,186,1,232,144,100,197,71,202,1,66,99,1,157,184,230,135,107,11,21,2,256,160,136,50,97,5,1,116,98,1
1630595,Cade Cunningham,Cade,1610612765,DET,25.0,1,1,0,1.0,16.4,3.0,8.0,0.375,2.0,4.0,0.5,2.0,3.0,0.667,0.0,2.0,2.0,1.0,1.0,1.0,0.0,0.0,0.0,1.0,10.0,-14.0,15.9,0,0,17.0,17.0,60,1,186,1,123,75,54,190,26,45,53,66,67,109,157,117,151,135,107,48,93,99,256,160,78,300,118,5,1,95,119,1
1631216,Caleb Houstan,Caleb,1610612740,NOP,23.0,1,1,0,1.0,6.1,0.0,1.0,0.0,0.0,1.0,0.0,0.0,0.0,0.0,0.0,0.0,0.0,0.0,1.0,0.0,0.0,0.0,0.0,0.0,0.0,7.0,-1.0,0,0,0.0,0.0,60,1,186,1,310,287,292,287,182,202,182,195,211,195,157,272,292,234,107,150,93,99,256,262,304,72,326,5,1,324,324,1
1631126,Caleb Love,Caleb,1610612755,PHI,25.0,1,1,0,1.0,23.6,4.0,10.0,0.4,3.0,6.0,0.5,4.0,6.0,0.667,0.0,3.0,3.0,6.0,0.0,0.0,2.0,0.0,0.0,3.0,15.0,18.0,33.6,0,0,31.0,36.0,60,1,186,1,26,32,22,173,9,12,53,21,10,109,157,71,106,4,212,150,3,99,256,39,8,5,7,5,1,6,3,1
1642353,Cam Christie,Cam,1610612746,LAC,21.0,1,1,0,1.0,28.1,2.0,8.0,0.25,0.0,3.0,0.0,4.0,4.0,1.0,1.0,7.0,8.0,3.0,5.0,0.0,0.0,1.0,1.0,2.0,8.0,7.0,17.1,0,0,19.0,22.0,60,1,186,1,9,144,54,246,182,85,182,21,39,1,59,5,12,39,2,150,93,17,167,78,111,72,105,5,1,70,64,1
1642285,Cam Spencer,Cam,1610612763,MEM,26.0,1,1,0,1.0,14.1,2.0,3.0,0.667,2.0,3.0,0.667,2.0,2.0,1.0,1.0,3.0,4.0,2.0,3.0,0.0,0.0,0.0,2.0,1.0,8.0,4.0,12.8,0,0,16.0,16.0,60,1,186,1,195,144,233,41,26,85,32,66,99,1,59,71,64,74,14,150,93,99,83,160,111,109,176,5,1,116,131,1
1641715,Cam Whitmore,Cam,1610612743,DEN,22.0,2,1,1,0.5,14.8,3.0,7.0,0.429,1.0,3.0,0.333,3.0,3.5,0.857,0.5,1.0,1.5,0.5,0.0,0.0,0.0,0.5,2.0,2.5,10.0,-5.0,12.6,0,0,13.0,12.5,1,1,1,144,172,75,74,164,71,85,110,43,65,84,140,184,217,221,212,150,93,75,83,73,78,222,183,5,1,162,200,1
1643409,Cameron Boozer,Cameron,1610612763,MEM,19.0,1,1,0,1.0,18.3,5.0,9.0,0.556,0.0,3.0,0.0,1.0,3.0,0.333,3.0,2.0,5.0,4.0,1.0,2.0,0.0,0.0,2.0,2.0,11.0,5.0,28.0,0,0,24.0,30.0,60,1,186,1,73,11,30,92,182,85,182,128,67,184,6,117,40,22,107,11,93,99,83,78,54,93,16,5,1,27,16,1
1643418,Cameron Carr,Cameron,1610612747,LAL,21.0,2,1,1,0.5,17.4,4.0,8.5,0.471,2.0,5.0,0.4,2.0,2.0,1.0,0.0,1.5,1.5,1.0,1.0,2.0,0.0,0.5,2.5,1.5,12.0,-3.0,20.3,0,0,20.5,21.5,1,1,1,144,97,32,52,149,26,26,99,66,99,1,157,175,217,135,107,11,93,75,75,150,33,201,67,5,1,59,77,1
1643723,Cameron Corhen,Cameron,1610612737,ATL,22.0,1,0,1,0.0,2.7,0.0,1.0,0.0,0.0,0.0,0.0,0.0,0.0,0.0,1.0,1.0,2.0,0.0,0.0,0.0,0.0,0.0,0.0,0.0,0.0,-1.0,2.4,0,0,2.0,2.0,60,203,1,203,326,287,292,287,182,269,182,195,211,195,59,184,151,234,212,150,93,99,256,262,304,174,306,5,1,308,309,1
1629661,Cameron Johnson,Cameron,1610612743,DEN,30.0,2,1,1,0.5,13.4,3.0,6.5,0.462,2.0,4.5,0.444,0.0,0.0,0.0,0.0,1.5,1.5,0.5,0.0,0.0,0.5,0.5,2.0,0.0,8.0,0.5,12.1,0,0,13.0,12.0,1,1,1,144,208,75,98,153,26,42,97,195,211,195,157,175,217,221,212,150,74,75,83,262,111,164,197,5,1,162,205,1
1627747,Caris LeVert,Caris,1610612749,MIL,32.0,1,0,1,0.0,10.7,0.0,2.0,0.0,0.0,0.0,0.0,0.0,0.0,0.0,0.0,0.0,0.0,1.0,4.0,0.0,0.0,0.0,1.0,0.0,0.0,-16.0,-2.5,0,0,1.0,2.0,60,203,1,203,252,287,272,287,182,269,182,195,211,195,157,272,292,135,7,150,93,99,167,262,304,303,328,5,1,317,309,1
1643721,Carson Cooper,Carson,1610612763,MEM,22.0,1,1,0,1.0,14.7,2.0,3.0,0.667,1.0,1.0,1.0,3.0,4.0,0.75,1.0,3.0,4.0,1.0,0.0,0.0,0.0,0.0,1.0,4.0,8.0,-3.0,14.3,0,0,14.0,14.0,60,1,186,1,174,144,233,41,71,202,1,43,39,100,59,71,64,135,212,150,93,99,167,11,111,201,145,5,1,146,173,1
1642907,Cedric Coward,Cedric,1610612763,MEM,23.0,1,1,0,1.0,18.3,3.0,6.0,0.5,1.0,3.0,0.333,2.0,2.0,1.0,1.0,4.0,5.0,4.0,2.0,1.0,0.0,0.0,2.0,1.0,9.0,5.0,22.0,0,0,21.0,25.0,60,1,186,1,73,75,100,97,71,85,110,66,99,1,59,33,40,22,37,48,93,99,83,160,92,93,50,5,1,49,41,1
1643052,Chaney Johnson,Chaney,1610612751,BKN,24.0,1,1,0,1.0,17.4,3.0,3.0,1.0,0.0,0.0,0.0,0.0,0.0,0.0,2.0,0.0,2.0,0.0,0.0,1.0,0.0,0.0,2.0,0.0,6.0,11.0,11.4,0,0,10.0,11.0,60,1,186,1,97,75,233,1,182,269,182,195,211,195,24,272,151,234,212,48,93,99,83,262,160,40,206,5,1,221,222,1
1629646,Charles Bassey,Charles,1610612744,GSW,25.0,2,1,1,0.5,15.2,4.0,7.0,0.571,0.0,0.0,0.0,0.0,1.0,0.0,3.5,3.5,7.0,1.5,1.5,1.5,1.5,0.0,2.0,2.0,8.0,4.5,26.2,0,0,22.5,27.0,1,1,1,144,161,32,74,83,182,269,182,195,185,195,5,67,15,128,94,44,17,99,83,78,111,107,30,5,1,35,29,1
1642404,Chaz Lanier,Chaz,1610612765,DET,24.0,1,1,0,1.0,14.2,1.0,4.0,0.25,1.0,4.0,0.25,2.0,4.0,0.5,1.0,2.0,3.0,0.0,2.0,2.0,0.0,0.0,1.0,2.0,5.0,2.0,12.6,0,0,13.0,14.0,60,1,186,1,188,222,188,246,71,45,146,66,39,129,59,117,106,234,37,11,93,99,167,78,196,138,181,5,1,162,173,1
1643024,Chris Mañon,Chris,1610612747,LAL,24.0,2,1,1,0.5,17.2,2.5,5.5,0.455,0.5,1.5,0.333,4.0,5.0,0.8,1.5,3.0,4.5,0.5,2.0,1.5,1.0,0.5,3.0,5.0,9.5,0.0,21.2,0,0,20.0,22.5,1,1,1,144,104,137,134,154,161,190,110,21,26,94,53,71,62,221,37,44,21,75,35,5,91,165,61,5,1,60,63,1
1631128,Christian Braun,Christian,1610612743,DEN,25.0,2,1,1,0.5,12.7,2.5,5.0,0.5,0.5,2.5,0.2,0.0,1.0,0.0,1.0,2.0,3.0,0.5,0.5,0.0,0.5,0.5,0.5,0.5,5.5,-6.5,10.9,0,0,10.5,11.0,1,1,1,144,222,137,140,97,161,133,168,195,185,195,59,117,106,221,202,150,74,75,249,254,190,245,220,5,1,217,222,1
1643754,Christoph Tilly,Christoph,1610612760,OKC,23.0,1,0,1,0.0,25.0,4.0,7.0,0.571,0.0,0.0,0.0,1.0,2.0,0.5,0.0,4.0,4.0,2.0,3.0,0.0,1.0,2.0,4.0,3.0,9.0,-5.0,16.8,0,0,17.0,20.0,60,203,1,203,15,32,74,83,182,269,182,128,99,129,157,33,64,74,14,150,21,2,13,39,92,222,109,5,1,95,90,1
1642935,Chucky Hepburn,Chucky,1610612761,TOR,23.0,1,0,1,0.0,25.4,4.0,6.0,0.667,1.0,2.0,0.5,2.0,3.0,0.667,1.0,4.0,5.0,2.0,2.0,4.0,0.0,0.0,3.0,2.0,11.0,-13.0,30.0,0,0,27.0,32.0,60,203,1,203,14,32,100,41,71,138,53,66,67,109,59,33,40,74,37,2,93,99,35,78,54,292,10,5,1,17,11,1
1642262,Cody Williams,Cody,1610612750,MIN,21.0,1,1,0,1.0,10.0,1.0,3.0,0.333,0.0,2.0,0.0,3.0,4.0,0.75,0.0,2.0,2.0,4.0,0.0,0.0,0.0,0.0,1.0,2.0,5.0,9.0,13.4,0,0,11.0,15.0,60,1,186,1,264,222,233,197,182,138,182,43,39,100,157,117,151,22,212,150,93,99,167,78,196,50,161,5,1,204,153,1
1631306,Cole Swider,Cole,1610612747,LAL,27.0,1,0,1,0.0,12.0,3.0,7.0,0.429,3.0,4.0,0.75,0.0,0.0,0.0,1.0,1.0,2.0,0.0,0.0,0.0,0.0,0.0,1.0,0.0,9.0,-5.0,11.4,0,0,14.0,11.0,60,203,1,203,232,75,74,164,9,45,29,195,211,195,59,184,151,234,212,150,93,99,167,262,92,222,206,5,1,146,222,1
1641746,Coleman Hawkins,Coleman,1610612743,DEN,24.0,1,0,1,0.0,3.0,0.0,1.0,0.0,0.0,0.0,0.0,0.0,0.0,0.0,0.0,0.0,0.0,0.0,0.0,0.0,0.0,0.0,0.0,0.0,0.0,1.0,0.0,0,0,0.0,0.0,60,203,1,203,323,287,292,287,182,269,182,195,211,195,157,272,292,234,212,150,93,99,256,262,304,153,322,5,1,324,324,1
1631221,Collin Gillespie,Collin,1610612756,PHX,27.0,1,0,1,0.0,16.7,3.0,3.0,1.0,2.0,2.0,1.0,0.0,0.0,0.0,0.0,1.0,1.0,1.0,3.0,1.0,1.0,0.0,0.0,0.0,8.0,6.0,13.7,0,0,16.0,17.0,60,203,1,203,117,75,233,1,26,138,1,195,211,195,157,184,230,135,14,48,21,99,256,262,111,86,157,5,1,116,119,1
1642867,Collin Murray-Boyles,Collin,1610612761,TOR,21.0,1,0,1,0.0,20.1,3.0,10.0,0.3,0.0,1.0,0.0,0.0,1.0,0.0,4.0,5.0,9.0,1.0,0.0,0.0,0.0,3.0,2.0,3.0,6.0,-7.0,18.3,0,0,16.0,17.0,60,203,1,203,37,75,22,234,182,202,182,195,185,195,2,16,6,135,212,150,93,1,83,39,160,246,88,5,1,116,119,1
1630557,Corey Kispert,Corey,1610612737,ATL,27.0,1,0,1,0.0,20.3,7.0,11.0,0.636,4.0,7.0,0.571,1.0,2.0,0.5,1.0,3.0,4.0,2.0,1.0,1.0,0.0,0.0,4.0,4.0,19.0,-9.0,28.8,0,0,31.0,30.0,60,203,1,203,35,5,11,62,1,8,50,128,99,129,59,71,64,74,107,48,93,99,13,11,5,273,14,5,1,6,16,1
1641747,DaRon Holmes II,DaRon,1610612743,DEN,24.0,2,1,1,0.5,9.7,1.5,4.5,0.333,0.0,2.0,0.0,1.0,1.0,1.0,1.0,1.0,2.0,1.0,0.0,0.0,1.5,0.5,0.5,1.5,4.0,-4.5,12.4,0,0,10.0,12.5,1,1,1,144,270,211,182,197,182,138,182,128,185,1,59,184,151,135,212,150,17,75,249,150,222,220,187,5,1,221,200,1
1631342,Daeqwon Plowden,Daeqwon,1610612758,SAC,28.0,1,0,1,0.0,24.6,3.0,9.0,0.333,1.0,5.0,0.2,5.0,6.0,0.833,0.0,5.0,5.0,1.0,3.0,1.0,0.0,0.0,3.0,4.0,12.0,-6.0,19.5,0,0,21.0,22.0,60,203,1,203,19,75,30,197,71,26,168,11,10,86,157,16,40,135,14,48,93,99,35,11,33,237,72,5,1,49,64,1
1643120,Dain Dainja,Dain,1610612751,BKN,24.0,1,1,0,1.0,3.5,0.0,0.0,0.0,0.0,0.0,0.0,0.0,0.0,0.0,0.0,0.0,0.0,0.0,0.0,0.0,0.0,0.0,2.0,0.0,0.0,-1.0,0.0,0,0,0.0,0.0,60,1,186,1,321,287,319,287,182,269,182,195,211,195,157,272,292,234,212,150,93,99,83,262,304,174,322,5,1,324,324,1
1631207,Dalen Terry,Dalen,1610612744,GSW,24.0,2,1,1,0.5,9.4,1.5,3.0,0.5,0.0,1.0,0.0,1.5,2.0,0.75,0.5,2.5,3.0,1.5,0.5,0.5,0.0,0.0,2.0,1.0,4.5,-1.5,11.4,0,0,10.0,12.0,1,1,1,144,274,211,233,97,182,202,182,123,99,100,140,114,106,128,202,133,93,99,83,160,219,188,210,5,1,221,205,1
1642261,Dalton Knecht,Dalton,1610612747,LAL,25.0,2,1,1,0.5,16.9,1.5,4.5,0.333,0.5,2.5,0.2,2.0,2.0,1.0,0.5,1.0,1.5,1.0,2.0,0.0,0.0,1.0,1.0,2.0,5.5,2.5,6.8,0,0,8.5,9.0,1,1,1,144,109,211,182,197,161,133,168,66,99,1,140,184,217,135,37,150,93,17,167,78,190,136,269,5,1,249,248,1
1641863,Dane Goodwin,Dane,1610612743,DEN,26.0,1,0,1,0.0,3.0,0.0,0.0,0.0,0.0,0.0,0.0,0.0,0.0,0.0,0.0,1.0,1.0,0.0,0.0,0.0,0.0,0.0,0.0,0.0,0.0,1.0,1.2,0,0,1.0,1.0,60,203,1,203,323,287,319,287,182,269,182,195,211,195,157,184,230,234,212,150,93,99,256,262,304,153,315,5,1,317,319,1
1642450,Daniss Jenkins,Daniss,1610612765,DET,25.0,1,1,0,1.0,18.2,2.0,7.0,0.286,1.0,4.0,0.25,0.0,0.0,0.0,0.0,2.0,2.0,4.0,1.0,0.0,0.0,0.0,1.0,0.0,5.0,15.0,12.4,0,0,12.0,15.0,60,1,186,1,76,144,74,237,71,45,146,195,211,195,157,117,151,22,107,150,93,99,167,262,196,18,187,5,1,183,153,1
1642874,Danny Wolf,Danny,1610612751,BKN,22.0,1,1,0,1.0,14.9,3.0,4.0,0.75,1.0,1.0,1.0,2.0,4.0,0.5,0.0,3.0,3.0,5.0,1.0,0.0,0.0,0.0,3.0,2.0,9.0,18.0,19.1,0,0,18.0,22.0,60,1,186,1,169,75,188,28,71,202,1,66,39,129,157,71,106,9,107,150,93,99,35,78,92,5,80,5,1,79,64,1
1643411,Darius Acuff Jr.,Darius,1610612758,SAC,19.0,1,0,1,0.0,27.4,8.0,17.0,0.471,1.0,4.0,0.25,2.0,2.0,1.0,0.0,2.0,2.0,4.0,5.0,1.0,1.0,1.0,2.0,4.0,19.0,-13.0,28.4,0,0,30.0,35.0,60,203,1,203,12,1,1,149,71,45,146,66,99,1,157,117,151,22,2,48,21,17,83,11,5,292,15,5,1,10,7,1
1629636,Darius Garland,Darius,1610612746,LAC,26.0,1,1,0,1.0,15.4,4.0,4.0,1.0,3.0,3.0,1.0,4.0,5.0,0.8,1.0,2.0,3.0,6.0,1.0,0.0,0.0,0.0,0.0,3.0,15.0,9.0,26.6,0,0,27.0,30.0,60,1,186,1,155,32,188,1,9,85,1,21,26,94,59,117,106,4,107,150,93,99,256,39,8,50,26,5,1,17,16,1
1643408,Darryn Peterson,Darryn,1610612762,UTA,19.0,2,1,1,0.5,23.8,5.5,11.5,0.478,0.5,4.0,0.125,1.0,2.0,0.5,0.5,4.0,4.5,2.5,1.5,0.5,0.0,0.0,4.0,1.5,12.5,-7.5,21.7,0,0,21.0,23.5,1,1,1,144,23,10,9,148,161,45,178,128,99,129,140,33,62,69,94,133,93,99,13,150,32,258,56,5,1,49,56,1
1630558,Davion Mitchell,Davion,1610612748,MIA,28.0,1,1,0,1.0,12.8,1.0,5.0,0.2,1.0,3.0,0.333,0.0,0.0,0.0,1.0,0.0,1.0,4.0,2.0,1.0,0.0,0.0,0.0,1.0,3.0,5.0,11.2,0,0,11.0,15.0,60,1,186,1,218,222,140,267,71,85,110,195,211,195,59,272,230,22,37,48,93,99,256,160,246,93,212,5,1,204,153,1
1630549,Day'Ron Sharpe,Day'Ron,1610612751,BKN,24.0,1,1,0,1.0,17.9,4.0,9.0,0.444,0.0,2.0,0.0,0.0,0.0,0.0,2.0,5.0,7.0,3.0,1.0,0.0,2.0,2.0,1.0,2.0,8.0,19.0,25.9,0,0,22.0,27.0,60,1,186,1,81,32,30,159,182,138,182,195,211,195,24,16,15,39,107,150,3,2,167,78,111,4,32,5,1,36,29,1
1629631,De'Andre Hunter,De'Andre,1610612758,SAC,28.0,1,0,1,0.0,13.5,0.0,0.0,0.0,0.0,0.0,0.0,3.0,3.0,1.0,0.0,0.0,0.0,0.0,0.0,0.0,0.0,0.0,2.0,2.0,3.0,-16.0,3.0,0,0,3.0,3.0,60,203,1,203,206,287,319,287,182,269,182,43,67,1,157,272,292,234,212,150,93,99,83,78,246,303,303,5,1,301,304,1
1629001,De'Anthony Melton,De'Anthony,1610612744,GSW,28.0,2,1,1,0.5,17.0,1.5,5.5,0.273,0.5,3.0,0.167,2.0,2.0,1.0,0.5,0.5,1.0,2.5,1.5,0.5,0.0,0.0,1.5,1.5,5.5,-3.0,10.5,0,0,10.5,13.0,1,1,1,144,107,211,134,243,161,85,173,66,99,1,140,266,230,69,94,133,93,99,158,150,190,201,225,5,1,217,187,1
201942,DeMar DeRozan,DeMar,1610612743,DEN,37.0,2,1,1,0.5,10.7,2.0,5.0,0.4,0.5,1.5,0.333,1.5,1.5,1.0,0.0,1.0,1.0,1.0,0.0,0.0,0.5,0.0,0.0,2.0,6.0,0.0,10.2,0,0,9.5,10.5,1,1,1,144,253,144,140,173,161,190,110,123,182,1,157,184,230,135,212,150,74,99,256,78,160,165,232,5,1,235,237,1
1629731,Dean Wade,Dean,1610612755,PHI,29.0,1,1,0,1.0,13.1,1.0,3.0,0.333,0.0,2.0,0.0,0.0,0.0,0.0,1.0,4.0,5.0,0.0,0.0,1.0,0.0,0.0,2.0,1.0,2.0,6.0,11.0,0,0,9.0,10.0,60,1,186,1,212,222,233,197,182,138,182,195,211,195,59,33,40,234,212,48,93,99,83,160,272,86,215,5,1,236,238,1
1627749,Dejounte Murray,Dejounte,1610612740,NOP,30.0,1,1,0,1.0,18.7,2.0,8.0,0.25,1.0,3.0,0.333,1.0,2.0,0.5,2.0,2.0,4.0,6.0,1.0,0.0,0.0,1.0,0.0,2.0,6.0,-20.0,18.8,0,0,17.0,22.0,60,1,186,1,59,144,54,246,71,85,110,128,99,129,24,117,64,4,107,150,93,17,256,78,160,319,83,5,1,95,64,1
203471,Dennis Schröder,Dennis,1610612766,CHA,33.0,1,0,1,0.0,15.4,2.0,5.0,0.4,1.0,1.0,1.0,0.0,0.0,0.0,0.0,0.0,0.0,2.0,0.0,1.0,0.0,0.0,0.0,0.0,5.0,-2.0,11.0,0,0,10.0,12.0,60,203,1,203,154,144,140,173,71,202,1,195,211,195,157,272,292,74,212,48,93,99,256,262,196,189,215,5,1,221,205,1
1642852,Derik Queen,Derik,1610612740,NOP,21.0,1,1,0,1.0,17.3,3.0,6.0,0.5,1.0,1.0,1.0,3.0,7.0,0.429,3.0,6.0,9.0,1.0,2.0,3.0,0.0,2.0,4.0,4.0,10.0,17.0,29.3,0,0,27.0,30.0,60,1,186,1,100,75,100,97,71,202,1,43,7,180,6,10,6,135,37,3,93,2,13,11,78,9,12,5,1,17,16,1
1627884,Derrick Jones Jr.,Derrick,1610612746,LAC,29.0,1,1,0,1.0,14.5,2.0,6.0,0.333,1.0,4.0,0.25,1.0,3.0,0.333,0.0,1.0,1.0,0.0,0.0,0.0,1.0,0.0,2.0,3.0,6.0,5.0,10.2,0,0,10.0,10.0,60,1,186,1,179,144,100,197,71,45,146,128,67,184,157,184,230,234,212,150,21,99,83,39,160,93,232,5,1,221,238,1
1626164,Devin Booker,Devin,1610612756,PHX,29.0,1,0,1,0.0,15.8,4.0,7.0,0.571,1.0,4.0,0.25,4.0,4.0,1.0,0.0,3.0,3.0,3.0,2.0,0.0,0.0,0.0,0.0,4.0,13.0,18.0,19.1,0,0,20.0,22.0,60,203,1,203,140,32,74,83,71,45,146,21,39,1,157,71,106,39,37,150,93,99,256,11,24,5,80,5,1,60,64,1
1628415,Dillon Brooks,Dillon,1610612756,PHX,30.0,1,0,1,0.0,15.8,4.0,7.0,0.571,2.0,4.0,0.5,1.0,2.0,0.5,1.0,1.0,2.0,0.0,0.0,0.0,0.0,0.0,4.0,1.0,11.0,18.0,13.4,0,0,15.0,13.0,60,203,1,203,140,32,74,83,26,45,53,128,99,129,59,184,151,234,212,150,93,99,13,160,54,5,161,5,1,128,187,1
1641794,Dillon Jones,Dillon,1610612755,PHI,24.0,1,1,0,1.0,18.1,3.0,6.0,0.5,1.0,2.0,0.5,4.0,4.0,1.0,2.0,4.0,6.0,2.0,1.0,0.0,0.0,0.0,3.0,3.0,11.0,21.0,20.2,0,0,20.0,21.0,60,1,186,1,77,75,100,97,71,138,53,21,39,1,24,33,24,74,107,150,93,99,35,39,54,1,68,5,1,60,78,1
1627734,Domantas Sabonis,Domantas,1610612758,SAC,30.0,1,0,1,0.0,10.1,1.0,2.0,0.5,0.0,1.0,0.0,2.0,2.0,1.0,1.0,2.0,3.0,3.0,3.0,0.0,0.0,0.0,5.0,2.0,4.0,-13.0,9.1,0,0,10.0,13.0,60,203,1,203,261,222,272,97,182,202,182,66,99,1,59,117,106,39,14,150,93,99,4,78,222,292,241,5,1,221,187,1
1627827,Dorian Finney-Smith,Dorian,1610612737,ATL,33.0,1,0,1,0.0,8.2,1.0,3.0,0.333,1.0,3.0,0.333,0.0,0.0,0.0,0.0,0.0,0.0,1.0,1.0,1.0,0.0,0.0,1.0,0.0,3.0,6.0,6.5,0,0,7.0,8.0,60,203,1,203,288,222,233,197,71,85,110,195,211,195,157,272,292,135,107,48,93,99,167,262,246,86,272,5,1,258,258,1
1642962,Drake Powell,Drake,1610612751,BKN,21.0,1,1,0,1.0,12.5,4.0,6.0,0.667,1.0,1.0,1.0,0.0,0.0,0.0,0.0,2.0,2.0,1.0,0.0,1.0,0.0,1.0,0.0,0.0,9.0,20.0,15.9,0,0,15.0,16.0,60,1,186,1,225,32,100,41,71,202,1,195,211,195,157,117,151,135,212,48,93,17,256,262,92,2,118,5,1,128,131,1
203110,Draymond Green,Draymond,1610612744,GSW,36.0,2,1,1,0.5,14.4,0.5,1.0,0.5,0.5,1.0,0.5,1.0,1.0,1.0,0.0,2.0,2.0,5.0,1.0,2.0,0.0,0.0,2.0,0.5,2.5,9.5,17.4,0,0,14.0,20.5,1,1,1,144,183,283,292,97,161,202,53,128,185,1,157,117,151,9,107,11,93,99,83,254,270,47,102,5,1,146,89,1
1629234,Drew Eubanks,Drew,1610612752,NYK,29.0,1,0,1,0.0,5.9,0.0,0.0,0.0,0.0,0.0,0.0,1.0,2.0,0.5,0.0,1.0,1.0,0.0,1.0,0.0,0.0,0.0,2.0,1.0,1.0,-7.0,1.2,0,0,2.0,2.0,60,203,1,203,313,287,319,287,182,269,182,128,99,129,157,184,230,234,107,150,93,99,83,160,293,246,315,5,1,308,309,1
1631166,Drew Timme,Drew,1610612750,MIN,26.0,1,1,0,1.0,6.5,1.0,1.0,1.0,1.0,1.0,1.0,0.0,0.0,0.0,0.0,0.0,0.0,1.0,0.0,2.0,0.0,0.0,0.0,0.0,3.0,6.0,10.5,0,0,9.0,11.0,60,1,186,1,306,222,292,1,71,202,1,195,211,195,157,272,292,135,212,11,93,99,256,262,246,86,223,5,1,236,222,1
1643575,Duke Miles,Duke,1610612755,PHI,24.0,1,1,0,1.0,8.6,1.0,5.0,0.2,1.0,3.0,0.333,1.0,2.0,0.5,0.0,1.0,1.0,1.0,0.0,0.0,0.0,1.0,0.0,1.0,4.0,5.0,6.7,0,0,7.0,7.0,60,1,186,1,282,222,140,267,71,85,110,128,99,129,157,184,230,135,212,150,93,17,256,160,222,93,271,5,1,258,272,1
1629130,Duncan Robinson,Duncan,1610612765,DET,32.0,1,1,0,1.0,13.2,3.0,4.0,0.75,3.0,3.0,1.0,0.0,0.0,0.0,0.0,0.0,0.0,1.0,3.0,0.0,0.0,0.0,3.0,0.0,9.0,-8.0,7.5,0,0,13.0,11.0,60,1,186,1,211,75,188,28,9,85,1,195,211,195,157,272,292,135,14,150,93,99,35,262,92,260,260,5,1,162,222,1
1641871,Duop Reath,Duop,1610612756,PHX,30.0,1,0,1,0.0,8.5,0.0,1.0,0.0,0.0,1.0,0.0,2.0,2.0,1.0,0.0,1.0,1.0,0.0,1.0,0.0,0.0,0.0,3.0,2.0,2.0,-10.0,2.2,0,0,3.0,3.0,60,203,1,203,284,287,292,287,182,202,182,66,99,1,157,184,230,234,107,150,93,99,35,78,272,277,308,5,1,301,304,1
1642928,Dylan Cardwell,Dylan,1610612758,SAC,24.0,1,0,1,0.0,28.8,4.0,7.0,0.571,0.0,0.0,0.0,1.0,2.0,0.5,4.0,6.0,10.0,3.0,3.0,3.0,1.0,1.0,5.0,1.0,9.0,-6.0,34.5,0,0,30.0,37.0,60,203,1,203,6,32,74,83,182,269,182,128,99,129,2,10,4,39,14,3,21,17,4,160,92,237,4,5,1,10,2,1
1630700,Dyson Daniels,Dyson,1610612737,ATL,23.0,1,0,1,0.0,17.9,2.0,6.0,0.333,0.0,4.0,0.0,2.0,5.0,0.4,1.0,3.0,4.0,2.0,1.0,0.0,0.0,0.0,0.0,3.0,6.0,-8.0,12.8,0,0,12.0,14.0,60,203,1,203,84,144,100,197,182,45,182,66,26,181,59,71,64,74,107,150,93,99,256,39,160,260,176,5,1,183,173,1
1643536,Ebuka Okorie,Ebuka,1610612765,DET,19.0,1,1,0,1.0,10.1,3.0,4.0,0.75,1.0,2.0,0.5,0.0,0.0,0.0,0.0,1.0,1.0,1.0,0.0,1.0,0.0,0.0,1.0,2.0,7.0,7.0,12.7,0,0,12.0,13.0,60,1,186,1,263,75,188,28,71,138,53,195,211,195,157,184,230,135,212,48,93,99,167,78,136,72,179,5,1,183,187,1
1642856,Egor Dëmin,Egor,1610612751,BKN,20.0,1,1,0,1.0,18.4,2.0,5.0,0.4,2.0,3.0,0.667,0.0,0.0,0.0,0.0,1.0,1.0,5.0,2.0,0.0,0.0,1.0,4.0,2.0,6.0,4.0,12.7,0,0,14.0,17.0,60,1,186,1,66,144,140,173,26,85,32,195,211,195,157,184,230,9,37,150,93,17,13,78,160,109,179,5,1,146,119,1
203901,Elfrid Payton,Elfrid,1610612758,SAC,32.0,1,0,1,0.0,7.5,0.0,1.0,0.0,0.0,0.0,0.0,0.0,0.0,0.0,1.0,2.0,3.0,0.0,0.0,0.0,0.0,0.0,1.0,0.0,0.0,-5.0,3.6,0,0,3.0,3.0,60,203,1,203,296,287,292,287,182,269,182,195,211,195,59,117,106,234,212,150,93,99,167,262,304,222,300,5,1,301,304,1
1641801,Emanuel Miller,Emanuel,1610612743,DEN,26.0,1,0,1,0.0,3.0,2.0,3.0,0.667,0.0,1.0,0.0,1.0,1.0,1.0,1.0,0.0,1.0,0.0,0.0,0.0,0.0,0.0,0.0,1.0,5.0,1.0,6.2,0,0,6.0,6.0,60,203,1,203,323,144,233,41,182,202,182,128,185,1,59,272,230,234,212,150,93,99,256,160,196,153,276,5,1,278,284,1
1643567,Emanuel Sharp,Emanuel,1610612758,SAC,22.0,1,0,1,0.0,30.0,2.0,11.0,0.182,1.0,8.0,0.125,2.0,2.0,1.0,1.0,0.0,1.0,2.0,3.0,2.0,0.0,0.0,6.0,5.0,7.0,-1.0,14.2,0,0,15.0,18.0,60,203,1,203,5,144,11,280,71,3,178,66,99,1,59,272,230,74,14,11,93,99,1,5,136,174,148,5,1,128,106,1
1642402,Enrique Freeman,Enrique,1610612750,MIN,26.0,1,1,0,1.0,6.2,1.0,3.0,0.333,0.0,1.0,0.0,2.0,2.0,1.0,1.0,1.0,2.0,0.0,0.0,0.0,0.0,0.0,1.0,1.0,4.0,-2.0,6.4,0,0,6.0,6.0,60,1,186,1,309,222,233,197,182,202,182,66,99,1,59,184,151,234,212,150,93,99,167,160,222,189,275,5,1,278,284,1
1643630,Fletcher Loyer,Fletcher,1610612746,LAC,23.0,1,1,0,1.0,6.8,0.0,1.0,0.0,0.0,1.0,0.0,0.0,0.0,0.0,0.0,1.0,1.0,0.0,0.0,0.0,0.0,0.0,1.0,0.0,0.0,-10.0,1.2,0,0,1.0,1.0,60,1,186,1,303,287,292,287,182,202,182,195,211,195,157,184,230,234,212,150,93,99,167,262,304,277,315,5,1,317,319,1
1641713,GG Jackson,GG,1610612763,MEM,21.0,1,1,0,1.0,15.6,5.0,7.0,0.714,2.0,4.0,0.5,2.0,3.0,0.667,0.0,2.0,2.0,1.0,0.0,1.0,0.0,0.0,2.0,2.0,14.0,9.0,20.9,0,0,21.0,21.0,60,1,186,1,147,11,74,38,26,45,53,66,67,109,157,117,151,135,212,48,93,99,83,78,16,50,64,5,1,49,78,1
1627780,Gary Payton II,Gary,1610612744,GSW,33.0,2,1,1,0.5,13.9,2.0,3.5,0.571,0.5,1.0,0.5,0.5,2.0,0.25,1.5,1.0,2.5,1.0,1.0,1.5,0.0,0.5,1.5,1.5,5.0,14.0,13.0,0,0,12.0,14.0,1,1,1,144,197,144,231,83,161,202,53,189,99,192,53,184,147,135,107,44,93,75,158,150,196,25,171,5,1,183,173,1
1629018,Gary Trent Jr.,Gary,1610612749,MIL,27.0,1,0,1,0.0,18.1,3.0,9.0,0.333,3.0,8.0,0.375,2.0,2.0,1.0,0.0,1.0,1.0,1.0,0.0,0.0,0.0,0.0,0.0,2.0,11.0,-8.0,13.7,0,0,16.0,14.0,60,203,1,203,77,75,30,197,9,3,109,66,99,1,157,184,230,135,212,150,93,99,256,78,54,260,157,5,1,116,173,1
1627777,Georges Niang,Georges,1610612744,GSW,33.0,2,1,1,0.5,15.4,2.0,7.0,0.286,0.5,3.0,0.167,1.0,1.0,1.0,0.0,1.5,1.5,0.0,0.0,0.5,0.0,0.5,2.5,1.0,5.5,3.5,8.8,0,0,8.5,8.5,1,1,1,144,153,144,74,237,161,85,173,128,185,1,157,175,217,234,212,133,93,75,75,160,190,121,245,5,1,249,255,1
203507,Giannis Antetokounmpo,Giannis,1610612748,MIA,31.0,1,1,0,1.0,14.1,3.0,3.0,1.0,0.0,0.0,0.0,3.0,4.0,0.75,0.0,4.0,4.0,7.0,2.0,0.0,0.0,0.0,1.0,4.0,9.0,4.0,22.3,0,0,20.0,27.0,60,1,186,1,192,75,233,1,182,269,182,43,39,100,157,33,64,2,37,150,93,99,167,11,92,109,46,5,1,60,29,1
1641711,Gradey Dick,Gradey,1610612746,LAC,22.0,1,1,0,1.0,16.1,1.0,5.0,0.2,0.0,1.0,0.0,2.0,2.0,1.0,2.0,4.0,6.0,1.0,1.0,0.0,0.0,1.0,3.0,2.0,4.0,0.0,11.7,0,0,11.0,12.0,60,1,186,1,135,222,140,267,182,202,182,66,99,1,24,33,24,135,107,150,93,17,35,78,222,165,204,5,1,204,205,1
1643633,Graham Ike,Graham,1610612744,GSW,24.0,2,1,1,0.5,14.2,2.0,5.5,0.364,0.0,1.5,0.0,4.5,4.5,1.0,2.0,4.0,6.0,2.0,2.0,1.0,0.5,0.0,3.0,3.5,8.5,-5.5,21.2,0,0,19.5,23.0,1,1,1,144,187,144,134,194,182,190,182,20,37,1,24,33,24,74,37,48,74,99,35,36,110,234,60,5,1,68,59,1
1641761,Grant Nelson,Grant,1610612751,BKN,24.0,1,1,0,1.0,6.3,2.0,4.0,0.5,1.0,2.0,0.5,0.0,1.0,0.0,0.0,2.0,2.0,1.0,0.0,0.0,0.0,0.0,0.0,1.0,5.0,10.0,8.9,0,0,9.0,9.0,60,1,186,1,307,144,188,97,71,138,53,195,185,195,157,117,151,135,212,150,93,99,256,160,196,44,243,5,1,236,248,1
1628960,Grayson Allen,Grayson,1610612766,CHA,30.0,1,0,1,0.0,14.2,4.0,6.0,0.667,3.0,3.0,1.0,2.0,2.0,1.0,0.0,1.0,1.0,1.0,1.0,0.0,0.0,0.0,0.0,3.0,13.0,2.0,14.7,0,0,18.0,16.0,60,203,1,203,185,32,100,41,9,85,1,66,99,1,157,184,230,135,107,150,93,99,256,39,24,138,137,5,1,79,131,1
1630611,Gui Santos,Gui,1610612744,GSW,24.0,2,1,1,0.5,19.3,2.5,5.0,0.5,0.5,1.5,0.333,2.5,3.0,0.833,0.5,3.0,3.5,1.0,1.5,0.5,0.5,0.5,1.0,3.0,8.0,1.0,15.2,0,0,15.0,16.5,1,1,1,144,51,137,140,97,161,190,110,63,67,86,140,71,98,135,94,133,74,75,167,39,111,153,127,5,1,128,129,1
1643419,Hannes Steinbach,Hannes,1610612766,CHA,20.0,1,0,1,0.0,13.7,2.0,4.0,0.5,0.0,0.0,0.0,3.0,4.0,0.75,1.0,3.0,4.0,0.0,0.0,0.0,0.0,0.0,0.0,2.0,7.0,-15.0,11.8,0,0,11.0,11.0,60,203,1,203,203,144,188,97,182,269,182,43,39,100,59,71,64,234,212,150,93,99,256,78,136,302,202,5,1,204,222,1
1631127,Harrison Ingram,Harrison,1610612762,UTA,23.0,2,1,1,0.5,9.8,3.0,6.0,0.5,0.5,1.5,0.333,1.0,1.0,1.0,1.5,1.5,3.0,1.0,0.5,0.0,0.0,0.5,2.0,0.5,7.5,3.0,12.1,0,0,12.0,12.5,1,1,1,144,267,75,100,97,161,190,110,128,185,1,53,175,106,135,202,150,93,75,83,254,134,125,196,5,1,183,200,1
1629312,Haywood Highsmith,Haywood,1610612756,PHX,29.0,1,0,1,0.0,15.7,1.0,1.0,1.0,0.0,0.0,0.0,0.0,0.0,0.0,2.0,2.0,4.0,0.0,5.0,0.0,0.0,0.0,1.0,1.0,2.0,-16.0,1.8,0,0,6.0,6.0,60,203,1,203,144,222,292,1,182,269,182,195,211,195,24,117,64,234,2,150,93,99,167,160,272,303,312,5,1,278,284,1
1630529,Herbert Jones,Herbert,1610612740,NOP,28.0,1,1,0,1.0,19.9,3.0,6.0,0.5,1.0,4.0,0.25,0.0,1.0,0.0,1.0,1.0,2.0,1.0,0.0,0.0,0.0,0.0,2.0,2.0,7.0,-20.0,10.9,0,0,11.0,11.0,60,1,186,1,40,75,100,97,71,45,146,195,185,195,59,184,151,135,212,150,93,99,83,78,136,319,218,5,1,204,222,1
1643867,Ian Schieffelin,Ian,1610612748,MIA,23.0,1,1,0,1.0,9.5,4.0,4.0,1.0,1.0,1.0,1.0,2.0,2.0,1.0,1.0,2.0,3.0,1.0,0.0,0.0,0.0,0.0,0.0,1.0,11.0,8.0,16.1,0,0,16.0,16.0,60,1,186,1,271,32,188,1,71,202,1,66,99,1,59,117,106,135,212,150,93,99,256,160,54,65,116,5,1,116,131,1
1630193,Immanuel Quickley,Immanuel,1610612761,TOR,27.0,1,0,1,0.0,12.0,2.0,6.0,0.333,1.0,4.0,0.25,0.0,0.0,0.0,1.0,1.0,2.0,3.0,1.0,1.0,0.0,0.0,2.0,0.0,5.0,-8.0,13.9,0,0,13.0,16.0,60,203,1,203,238,144,100,197,71,45,146,195,211,195,59,184,151,39,107,48,93,99,83,262,196,260,153,5,1,162,131,1
1642403,Isaac Jones,Isaac,1610612765,DET,26.0,1,1,0,1.0,7.2,2.0,2.0,1.0,0.0,0.0,0.0,1.0,2.0,0.5,0.0,2.0,2.0,0.0,2.0,1.0,2.0,0.0,2.0,1.0,5.0,-4.0,14.4,0,0,13.0,16.0,60,1,186,1,298,144,272,1,182,269,182,128,99,129,157,117,151,234,37,48,3,99,83,160,196,214,142,5,1,162,131,1
1642268,Isaiah Collier,Isaiah,1610612762,UTA,21.0,2,1,1,0.5,15.3,2.5,4.5,0.556,0.5,1.5,0.333,0.5,1.0,0.5,0.0,2.0,2.0,2.5,1.0,0.0,0.0,0.0,2.0,2.0,6.0,-5.5,11.2,0,0,11.0,13.0,1,1,1,144,159,137,182,92,161,190,110,189,185,129,157,117,151,69,107,150,93,99,83,78,160,234,213,5,1,204,187,1
1642912,Isaiah Evans,Isaiah,1610612750,MIN,20.0,1,1,0,1.0,8.2,0.0,6.0,0.0,0.0,4.0,0.0,2.0,2.0,1.0,0.0,3.0,3.0,0.0,1.0,1.0,0.0,0.0,0.0,2.0,2.0,3.0,7.6,0,0,7.0,8.0,60,1,186,1,289,287,100,287,182,45,182,66,99,1,157,71,106,234,107,48,93,99,256,78,272,125,258,5,1,258,258,1
1630543,Isaiah Jackson,Isaiah,1610612746,LAC,24.0,1,1,0,1.0,16.9,2.0,3.0,0.667,0.0,0.0,0.0,0.0,0.0,0.0,0.0,4.0,4.0,3.0,3.0,1.0,2.0,0.0,0.0,1.0,4.0,7.0,19.3,0,0,17.0,23.0,60,1,186,1,109,144,233,41,182,269,182,195,211,195,157,33,64,39,14,48,3,99,256,160,222,72,76,5,1,95,59,1
1630198,Isaiah Joe,Isaiah,1610612765,DET,27.0,1,1,0,1.0,17.8,2.0,8.0,0.25,1.0,6.0,0.167,2.0,3.0,0.667,0.0,2.0,2.0,1.0,1.0,1.0,0.0,1.0,2.0,1.0,7.0,-3.0,12.9,0,0,13.0,14.0,60,1,186,1,87,144,54,246,71,12,173,66,67,109,157,117,151,135,107,48,93,17,83,160,136,201,174,5,1,162,173,1
1630191,Isaiah Stewart,Isaiah,1610612763,MEM,25.0,1,1,0,1.0,2.1,0.0,0.0,0.0,0.0,0.0,0.0,0.0,0.0,0.0,0.0,1.0,1.0,0.0,0.0,0.0,0.0,0.0,0.0,0.0,0.0,4.0,1.2,0,0,1.0,1.0,60,1,186,1,327,287,319,287,182,269,182,195,211,195,157,184,230,234,212,150,93,99,256,262,304,109,315,5,1,317,319,1
1643727,J'Vonne Hadley,J'Vonne,1610612748,MIA,24.0,1,1,0,1.0,10.2,1.0,1.0,1.0,0.0,0.0,0.0,0.0,0.0,0.0,1.0,5.0,6.0,0.0,0.0,1.0,0.0,0.0,1.0,0.0,2.0,-1.0,12.2,0,0,10.0,11.0,60,1,186,1,259,222,292,1,182,269,182,195,211,195,59,16,24,234,212,48,93,99,167,262,272,174,193,5,1,221,222,1
1642266,Ja'Kobe Walter,Ja'Kobe,1610612761,TOR,22.0,1,0,1,0.0,17.6,3.0,8.0,0.375,2.0,6.0,0.333,0.0,0.0,0.0,0.0,5.0,5.0,1.0,1.0,0.0,0.0,2.0,2.0,1.0,8.0,8.0,14.5,0,0,16.0,15.0,60,203,1,203,92,75,54,190,26,12,110,195,211,195,157,16,40,135,107,150,93,2,83,160,111,65,140,5,1,116,153,1
1631133,Jabari Walker,Jabari,1610612755,PHI,24.0,1,1,0,1.0,19.3,4.0,9.0,0.444,3.0,5.0,0.6,0.0,0.0,0.0,2.0,9.0,11.0,1.0,1.0,1.0,0.0,2.0,3.0,0.0,11.0,3.0,27.7,1,0,28.0,27.0,60,1,186,1,50,32,30,159,9,26,46,195,211,195,24,1,3,135,107,48,93,2,35,262,54,125,19,1,1,16,29,1
1643022,Jaden Akins,Jaden,1610612752,NYK,23.0,1,0,1,0.0,8.3,1.0,2.0,0.5,1.0,1.0,1.0,0.0,0.0,0.0,0.0,0.0,0.0,3.0,1.0,0.0,0.0,0.0,2.0,1.0,3.0,-5.0,6.5,0,0,7.0,9.0,60,203,1,203,286,222,272,97,71,202,1,195,211,195,157,272,292,39,107,150,93,99,83,160,246,222,272,5,1,258,248,1
1643558,Jaden Bradley,Jaden,1610612761,TOR,23.0,1,0,1,0.0,19.5,3.0,4.0,0.75,1.0,1.0,1.0,2.0,4.0,0.5,1.0,2.0,3.0,2.0,0.0,1.0,0.0,0.0,5.0,2.0,9.0,-20.0,18.6,0,0,17.0,19.0,60,203,1,203,45,75,188,28,71,202,1,66,39,129,59,117,106,74,212,48,93,99,4,78,92,319,87,5,1,95,98,1
1630702,Jaden Hardy,Jaden,1610612747,LAL,24.0,2,1,1,0.5,16.3,3.5,9.0,0.389,1.5,5.5,0.273,2.0,2.5,0.8,0.0,2.5,2.5,2.0,4.0,1.0,0.0,0.5,3.0,2.5,10.5,-3.0,15.5,0,0,18.5,20.0,1,1,1,144,126,70,30,189,66,25,145,66,96,94,157,114,147,74,7,48,93,75,35,73,73,201,124,5,1,78,90,1
1630183,Jaden McDaniels,Jaden,1610612750,MIN,26.0,1,1,0,1.0,14.7,4.0,5.0,0.8,1.0,1.0,1.0,0.0,0.0,0.0,0.0,3.0,3.0,1.0,0.0,0.0,0.0,0.0,0.0,1.0,9.0,10.0,14.1,0,0,14.0,14.0,60,1,186,1,173,32,140,25,71,202,1,195,211,195,157,71,106,135,212,150,93,99,256,160,92,44,151,5,1,146,173,1
1642942,Jahmai Mashack,Jahmai,1610612763,MEM,23.0,1,1,0,1.0,7.9,1.0,1.0,1.0,0.0,0.0,0.0,0.0,0.0,0.0,0.0,1.0,1.0,1.0,1.0,0.0,0.0,0.0,0.0,1.0,2.0,-6.0,3.7,0,0,4.0,5.0,60,1,186,1,292,222,292,1,182,269,182,195,211,195,157,184,230,135,107,150,93,99,256,160,272,237,299,5,1,291,291,1
1631170,Jaime Jaquez Jr.,Jaime,1610612749,MIL,25.0,1,0,1,0.0,18.4,2.0,7.0,0.286,1.0,4.0,0.25,0.0,0.0,0.0,1.0,0.0,1.0,1.0,2.0,0.0,0.0,1.0,2.0,2.0,5.0,-7.0,5.7,0,0,8.0,8.0,60,203,1,203,71,144,74,237,71,45,146,195,211,195,59,272,230,135,37,150,93,17,83,78,196,246,281,5,1,251,258,1
1631222,Jake LaRavia,Jake,1610612747,LAL,24.0,2,1,1,0.5,21.4,4.0,6.5,0.615,1.5,2.5,0.6,1.0,3.0,0.333,1.0,2.0,3.0,1.5,1.0,2.5,1.5,0.5,2.5,3.5,10.5,1.5,27.4,0,0,24.5,28.5,1,1,1,144,31,32,98,70,66,133,46,128,67,184,59,117,106,128,107,10,17,75,75,36,73,150,20,5,1,26,23,1
1627751,Jakob Poeltl,Jakob,1610612761,TOR,30.0,1,0,1,0.0,17.7,3.0,3.0,1.0,0.0,0.0,0.0,3.0,4.0,0.75,0.0,1.0,1.0,1.0,1.0,2.0,1.0,0.0,3.0,2.0,9.0,8.0,19.7,0,0,17.0,21.0,60,203,1,203,88,75,233,1,182,269,182,43,39,100,157,184,230,135,107,11,21,99,35,78,92,65,70,5,1,95,78,1
1628973,Jalen Brunson,Jalen,1610612752,NYK,30.0,1,0,1,0.0,14.9,4.0,8.0,0.5,2.0,5.0,0.4,2.0,2.0,1.0,0.0,4.0,4.0,3.0,0.0,0.0,0.0,0.0,1.0,2.0,12.0,-10.0,21.3,0,0,21.0,22.0,60,203,1,203,170,32,54,97,26,26,99,66,99,1,157,33,64,39,212,150,93,99,167,78,33,277,59,5,1,49,64,1
1630224,Jalen Green,Jalen,1610612756,PHX,24.0,1,0,1,0.0,15.3,3.0,6.0,0.5,1.0,4.0,0.25,4.0,6.0,0.667,0.0,2.0,2.0,1.0,1.0,0.0,0.0,0.0,0.0,3.0,11.0,10.0,13.9,0,0,15.0,15.0,60,203,1,203,156,75,100,97,71,45,146,21,10,109,157,117,151,135,107,150,93,99,256,39,54,44,153,5,1,128,153,1
1630552,Jalen Johnson,Jalen,1610612737,ATL,24.0,1,0,1,0.0,17.9,1.0,7.0,0.143,0.0,3.0,0.0,6.0,6.0,1.0,1.0,4.0,5.0,3.0,2.0,1.0,0.0,1.0,1.0,4.0,8.0,-8.0,19.5,0,0,18.0,22.0,60,203,1,203,84,222,74,283,182,85,182,5,10,1,59,33,40,39,37,48,93,17,167,11,111,260,72,5,1,79,64,1
1629618,Jalen Pickett,Jalen,1610612746,LAC,26.0,1,1,0,1.0,13.7,2.0,4.0,0.5,0.0,0.0,0.0,0.0,0.0,0.0,0.0,2.0,2.0,0.0,2.0,0.0,0.0,0.0,2.0,0.0,4.0,-8.0,4.4,0,0,6.0,6.0,60,1,186,1,202,144,188,97,182,269,182,195,211,195,157,117,151,234,37,150,93,99,83,262,222,260,293,5,1,278,284,1
1630592,Jalen Wilson,Jalen,1610612737,ATL,25.0,1,0,1,0.0,14.6,3.0,6.0,0.5,2.0,3.0,0.667,4.0,5.0,0.8,0.0,0.0,0.0,0.0,0.0,1.0,0.0,0.0,3.0,4.0,12.0,8.0,15.0,0,0,16.0,15.0,60,203,1,203,178,75,100,97,26,85,32,21,26,94,157,272,292,234,212,48,93,99,35,11,33,65,132,5,1,116,153,1
1627750,Jamal Murray,Jamal,1610612743,DEN,29.0,1,1,0,1.0,15.8,1.0,4.0,0.25,0.0,1.0,0.0,2.0,2.0,1.0,1.0,1.0,2.0,3.0,0.0,0.0,1.0,0.0,1.0,2.0,4.0,4.0,13.9,0,0,11.0,15.0,60,1,186,1,139,222,188,246,182,202,182,66,99,1,59,184,151,39,212,150,21,99,167,78,222,109,153,5,1,204,153,1
1642347,Jamal Shead,Jamal,1610612761,TOR,24.0,1,0,1,0.0,27.8,1.0,7.0,0.143,0.0,3.0,0.0,1.0,2.0,0.5,2.0,3.0,5.0,8.0,3.0,2.0,1.0,0.0,0.0,1.0,3.0,-17.0,27.0,0,0,22.0,33.0,60,203,1,203,10,222,74,283,182,85,182,128,99,129,24,71,40,1,14,11,21,99,256,160,246,309,24,5,1,36,10,1
1631123,Jamaree Bouyea,Jamaree,1610612756,PHX,27.0,1,0,1,0.0,17.3,3.0,9.0,0.333,2.0,5.0,0.4,1.0,3.0,0.333,0.0,2.0,2.0,2.0,4.0,1.0,0.0,2.0,1.0,2.0,9.0,-19.0,13.4,0,0,17.0,18.0,60,203,1,203,99,75,30,197,26,26,99,128,67,184,157,117,151,74,7,48,93,2,167,78,92,316,161,5,1,95,106,1
1642392,Jameer Nelson Jr.,Jameer,1610612755,PHI,25.0,1,1,0,1.0,15.0,2.0,5.0,0.4,0.0,1.0,0.0,3.0,3.0,1.0,1.0,1.0,2.0,0.0,2.0,1.0,2.0,0.0,3.0,4.0,7.0,15.0,16.4,0,0,15.0,18.0,60,1,186,1,167,144,140,173,182,202,182,43,67,1,59,184,151,234,37,48,3,99,35,11,136,18,110,5,1,128,106,1
1630164,James Wiseman,James,1610612752,NYK,25.0,1,0,1,0.0,9.2,3.0,4.0,0.75,0.0,0.0,0.0,2.0,6.0,0.333,2.0,3.0,5.0,0.0,1.0,0.0,1.0,0.0,2.0,3.0,8.0,-13.0,16.0,0,0,15.0,16.0,60,203,1,203,276,75,188,28,182,269,182,66,10,184,24,71,40,234,107,150,21,99,83,39,111,292,117,5,1,128,131,1
1642272,Jared McCain,Jared,1610612760,OKC,22.0,1,0,1,0.0,16.2,4.0,10.0,0.4,4.0,8.0,0.5,0.0,0.0,0.0,0.0,1.0,1.0,5.0,1.0,1.0,0.0,0.0,2.0,0.0,12.0,8.0,22.7,0,0,24.0,26.0,60,203,1,203,130,32,22,173,1,3,53,195,211,195,157,184,230,9,107,48,93,99,83,262,33,65,43,5,1,27,37,1
1628991,Jaren Jackson Jr.,Jaren,1610612762,UTA,27.0,2,1,1,0.5,15.6,2.0,4.0,0.5,1.0,2.0,0.5,1.5,2.5,0.6,0.5,1.5,2.0,1.0,1.0,0.0,0.5,0.0,3.5,3.5,6.5,-3.0,10.9,0,0,11.5,12.0,1,1,1,144,149,144,188,97,71,138,53,123,96,124,140,175,151,135,107,150,74,99,34,36,158,201,218,5,1,198,205,1
1641935,Jarkel Joiner,Jarkel,1610612766,CHA,27.0,1,0,1,0.0,14.2,2.0,4.0,0.5,1.0,1.0,1.0,0.0,0.0,0.0,0.0,0.0,0.0,3.0,0.0,1.0,0.0,0.0,3.0,1.0,5.0,-10.0,12.5,0,0,11.0,14.0,60,203,1,203,185,144,188,97,71,202,1,195,211,195,157,272,292,39,212,48,93,99,35,160,196,277,185,5,1,204,173,1
1643555,Jaron Pierre Jr.,Jaron,1610612740,NOP,24.0,1,1,0,1.0,12.0,1.0,4.0,0.25,1.0,2.0,0.5,0.0,0.0,0.0,0.0,4.0,4.0,3.0,1.0,0.0,1.0,0.0,2.0,0.0,3.0,9.0,14.3,0,0,13.0,16.0,60,1,186,1,232,222,188,246,71,138,53,195,211,195,157,33,64,39,107,150,21,99,83,262,246,50,145,5,1,162,131,1
1629020,Jarred Vanderbilt,Jarred,1610612747,LAL,27.0,2,1,1,0.5,13.1,1.5,3.0,0.5,0.0,1.0,0.0,0.0,0.0,0.0,1.0,2.5,3.5,1.0,1.5,1.5,0.5,0.0,1.5,1.5,3.0,-2.5,13.2,0,0,11.5,14.5,1,1,1,144,214,211,233,97,182,202,182,195,211,195,59,114,98,135,94,44,74,99,158,150,246,200,167,5,1,198,172,1
1642914,Javon Small,Javon,1610612763,MEM,23.0,1,1,0,1.0,12.6,2.0,9.0,0.222,1.0,6.0,0.167,3.0,4.0,0.75,0.0,1.0,1.0,4.0,1.0,0.0,0.0,0.0,1.0,2.0,8.0,-4.0,14.2,0,0,14.0,17.0,60,1,186,1,223,144,30,265,71,12,173,43,39,100,157,184,230,22,107,150,93,99,167,78,111,214,148,5,1,146,119,1
1629750,Javonte Green,Javonte,1610612765,DET,33.0,1,1,0,1.0,13.2,2.0,3.0,0.667,2.0,3.0,0.667,0.0,0.0,0.0,0.0,1.0,1.0,1.0,1.0,1.0,1.0,0.0,1.0,1.0,6.0,-4.0,13.7,0,0,14.0,15.0,60,1,186,1,210,144,233,41,26,85,32,195,211,195,157,184,230,135,107,48,21,99,167,160,160,214,157,5,1,146,153,1
1629637,Jaxson Hayes,Jaxson,1610612762,UTA,26.0,2,1,1,0.5,16.5,2.0,4.5,0.444,0.0,0.5,0.0,0.5,1.5,0.333,0.5,3.0,3.5,2.0,0.5,0.0,2.0,1.0,0.5,1.5,4.5,-1.0,17.2,0,0,14.0,18.0,1,1,1,144,121,144,182,159,182,265,182,189,182,184,140,71,98,74,202,150,3,17,249,150,219,174,104,5,1,146,106,1
1627759,Jaylen Brown,Jaylen,1610612755,PHI,29.0,1,1,0,1.0,16.9,8.0,13.0,0.615,3.0,5.0,0.6,3.0,5.0,0.6,1.0,1.0,2.0,2.0,0.0,0.0,1.0,0.0,2.0,4.0,22.0,7.0,30.4,0,0,31.0,31.0,60,1,186,1,111,1,3,70,9,26,46,43,26,124,59,184,151,74,212,150,21,99,83,11,2,72,9,5,1,6,15,1
1641740,Jaylen Clark,Jaylen,1610612750,MIN,24.0,1,1,0,1.0,9.9,0.0,2.0,0.0,0.0,1.0,0.0,0.0,0.0,0.0,0.0,0.0,0.0,2.0,0.0,1.0,2.0,0.0,1.0,0.0,0.0,4.0,12.0,0,0,8.0,13.0,60,1,186,1,265,287,272,287,182,202,182,195,211,195,157,272,292,74,212,48,3,99,167,262,304,109,198,5,1,251,187,1
1642377,Jaylen Wells,Jaylen,1610612763,MEM,23.0,1,1,0,1.0,16.8,4.0,7.0,0.571,4.0,6.0,0.667,0.0,0.0,0.0,0.0,0.0,0.0,0.0,0.0,1.0,0.0,0.0,0.0,0.0,12.0,3.0,15.0,0,0,18.0,15.0,60,1,186,1,114,32,74,83,1,12,32,195,211,195,157,272,292,234,212,48,93,99,256,262,33,125,132,5,1,79,153,1
203924,Jerami Grant,Jerami,1610612763,MEM,32.0,1,1,0,1.0,14.0,2.0,3.0,0.667,1.0,2.0,0.5,5.0,6.0,0.833,0.0,4.0,4.0,2.0,0.0,0.0,0.0,0.0,2.0,3.0,10.0,14.0,17.8,0,0,17.0,18.0,60,1,186,1,196,144,233,41,71,138,53,11,10,86,157,33,64,74,212,150,93,99,83,39,78,25,94,5,1,95,106,1
1642847,Jeremiah Fears,Jeremiah,1610612740,NOP,19.0,1,1,0,1.0,17.3,3.0,6.0,0.5,2.0,3.0,0.667,4.0,6.0,0.667,0.0,2.0,2.0,1.0,1.0,0.0,0.0,0.0,1.0,3.0,12.0,17.0,14.9,0,0,17.0,16.0,60,1,186,1,100,75,100,97,26,85,32,21,10,109,157,117,151,135,107,150,93,99,167,39,33,9,134,5,1,95,131,1
1630579,Jericho Sims,Jericho,1610612749,MIL,27.0,1,0,1,0.0,19.5,1.0,1.0,1.0,0.0,0.0,0.0,0.0,2.0,0.0,2.0,1.0,3.0,1.0,0.0,0.0,0.0,0.0,3.0,2.0,2.0,0.0,7.1,0,0,6.0,7.0,60,203,1,203,47,222,292,1,182,269,182,195,99,195,24,184,106,135,212,150,93,99,35,78,272,165,265,5,1,278,272,1
1642866,Joan Beringer,Joan,1610612750,MIN,19.0,1,1,0,1.0,15.3,5.0,8.0,0.625,0.0,0.0,0.0,2.0,4.0,0.5,2.0,5.0,7.0,0.0,2.0,0.0,1.0,1.0,4.0,3.0,12.0,7.0,21.4,0,0,21.0,22.0,60,1,186,1,160,11,54,65,182,269,182,66,39,129,24,16,15,234,37,150,21,17,13,39,33,72,58,5,1,49,64,1
1629111,Jock Landale,Jock,1610612737,ATL,30.0,1,0,1,0.0,16.4,1.0,5.0,0.2,0.0,2.0,0.0,2.0,2.0,1.0,4.0,2.0,6.0,3.0,0.0,0.0,0.0,0.0,0.0,1.0,4.0,-9.0,15.7,0,0,13.0,16.0,60,203,1,203,125,222,140,267,182,138,182,66,99,1,2,117,24,39,212,150,93,99,256,160,222,273,121,5,1,162,131,1
1628381,John Collins,John,1610612765,DET,29.0,1,1,0,1.0,16.7,5.0,7.0,0.714,0.0,1.0,0.0,0.0,0.0,0.0,3.0,0.0,3.0,0.0,2.0,2.0,0.0,0.0,4.0,4.0,10.0,-2.0,17.6,0,0,17.0,19.0,60,1,186,1,118,11,74,38,182,202,182,195,211,195,6,272,106,234,37,11,93,99,13,11,78,189,99,5,1,95,98,1
1643265,Jonas Aidoo,Jonas,1610612762,UTA,23.0,2,1,1,0.5,5.3,1.0,2.0,0.5,0.0,0.5,0.0,1.0,2.0,0.5,0.5,3.0,3.5,0.0,0.0,0.0,0.5,0.5,1.5,1.0,3.0,2.0,8.7,0,0,7.5,8.0,1,1,1,144,317,222,272,97,182,265,182,128,99,129,140,71,98,234,212,150,74,75,158,160,246,138,246,5,1,257,258,1
1630228,Jonathan Kuminga,Jonathan,1610612750,MIN,24.0,1,1,0,1.0,14.1,2.0,4.0,0.5,0.0,1.0,0.0,4.0,4.0,1.0,0.0,2.0,2.0,0.0,0.0,0.0,0.0,0.0,2.0,2.0,8.0,12.0,10.4,0,0,10.0,10.0,60,1,186,1,192,144,188,97,182,202,182,21,39,1,157,117,151,234,212,150,93,99,83,78,111,34,227,5,1,221,238,1
203903,Jordan Clarkson,Jordan,1610612752,NYK,34.0,1,0,1,0.0,14.1,2.0,8.0,0.25,0.0,2.0,0.0,2.0,4.0,0.5,3.0,1.0,4.0,1.0,2.0,0.0,0.0,2.0,1.0,2.0,6.0,-19.0,10.3,0,0,11.0,12.0,60,203,1,203,194,144,54,246,182,138,182,66,39,129,6,184,64,135,37,150,93,2,167,78,160,316,230,5,1,204,205,1
1630692,Jordan Goodwin,Jordan,1610612756,PHX,27.0,1,0,1,0.0,11.3,3.0,6.0,0.5,1.0,2.0,0.5,0.0,1.0,0.0,3.0,3.0,6.0,1.0,1.0,3.0,0.0,1.0,1.0,1.0,7.0,5.0,23.7,0,0,21.0,24.0,60,203,1,203,243,75,100,97,71,138,53,195,185,195,6,71,24,135,107,3,93,17,167,160,136,93,36,5,1,49,49,1
1629673,Jordan Poole,Jordan,1610612740,NOP,27.0,1,1,0,1.0,16.1,2.0,3.0,0.667,0.0,1.0,0.0,5.0,6.0,0.833,1.0,0.0,1.0,0.0,0.0,1.0,0.0,0.0,3.0,3.0,9.0,17.0,13.2,0,0,12.0,13.0,60,1,186,1,134,144,233,41,182,202,182,11,10,86,59,272,230,234,212,48,93,99,35,39,92,9,167,5,1,183,187,1
1643717,Josh Dix,Josh,1610612760,OKC,22.0,1,0,1,0.0,30.2,4.0,7.0,0.571,3.0,5.0,0.6,0.0,0.0,0.0,0.0,2.0,2.0,2.0,2.0,0.0,0.0,0.0,1.0,0.0,11.0,-2.0,14.4,0,0,18.0,17.0,60,203,1,203,3,32,74,83,9,26,46,195,211,195,157,117,151,74,37,150,93,99,167,262,54,189,142,5,1,79,119,1
1630182,Josh Green,Josh,1610612762,UTA,25.0,1,0,1,0.0,10.6,0.0,2.0,0.0,0.0,2.0,0.0,0.0,0.0,0.0,1.0,1.0,2.0,2.0,0.0,2.0,0.0,0.0,3.0,2.0,0.0,0.0,11.4,0,0,8.0,12.0,60,203,1,203,255,287,272,287,182,138,182,195,211,195,59,184,151,74,212,11,93,99,35,78,304,165,206,5,1,251,205,1
1628404,Josh Hart,Josh,1610612752,NYK,31.0,1,0,1,0.0,13.5,1.0,1.0,1.0,0.0,0.0,0.0,0.0,0.0,0.0,0.0,1.0,1.0,0.0,1.0,0.0,0.0,0.0,2.0,0.0,2.0,-7.0,2.2,0,0,3.0,3.0,60,203,1,203,205,222,292,1,182,269,182,195,211,195,157,184,230,234,107,150,93,99,83,262,272,246,308,5,1,301,304,1
1631169,Josh Minott,Josh,1610612751,BKN,23.0,1,1,0,1.0,8.9,2.0,3.0,0.667,1.0,2.0,0.5,1.0,2.0,0.5,0.0,1.0,1.0,0.0,0.0,2.0,0.0,0.0,1.0,1.0,6.0,15.0,13.2,0,0,12.0,13.0,60,1,186,1,279,144,233,41,71,138,53,128,99,129,157,184,230,234,212,11,93,99,167,160,160,18,167,5,1,183,187,1
1629006,Josh Okogie,Josh,1610612762,UTA,28.0,2,1,1,0.5,19.7,2.0,4.5,0.444,1.5,3.0,0.5,0.0,0.5,0.0,1.0,1.0,2.0,2.0,0.0,0.5,0.0,0.5,2.5,3.0,5.5,-7.0,12.4,0,0,12.0,13.0,1,1,1,144,42,144,182,159,66,85,53,195,210,195,59,184,151,74,212,133,93,75,75,39,190,246,187,5,1,183,187,1
1631124,Julian Strawther,Julian,1610612743,DEN,24.0,2,1,1,0.5,19.0,5.0,10.0,0.5,2.0,5.0,0.4,2.5,3.0,0.833,1.5,2.0,3.5,2.0,1.5,0.5,0.0,0.5,2.5,3.0,14.5,8.0,21.7,0,0,23.0,23.5,1,1,1,144,56,11,22,97,26,26,99,63,67,86,53,117,98,74,94,133,93,75,75,39,15,65,54,5,1,32,56,1
203944,Julius Randle,Julius,1610612751,BKN,31.0,1,1,0,1.0,18.2,4.0,7.0,0.571,2.0,3.0,0.667,3.0,4.0,0.75,0.0,2.0,2.0,3.0,0.0,1.0,0.0,1.0,3.0,4.0,13.0,9.0,22.9,0,0,22.0,24.0,60,1,186,1,75,32,74,83,26,85,32,43,39,100,157,117,151,39,212,48,93,17,35,11,24,50,42,5,1,36,49,1
1642348,Justin Edwards,Justin,1610612755,PHI,22.0,1,1,0,1.0,23.7,2.0,5.0,0.4,2.0,5.0,0.4,0.0,0.0,0.0,0.0,1.0,1.0,1.0,2.0,1.0,2.0,0.0,1.0,0.0,6.0,0.0,15.7,0,0,16.0,18.0,60,1,186,1,25,144,140,173,26,26,99,195,211,195,157,184,230,135,37,48,3,99,167,262,160,165,121,5,1,116,106,1
203994,Jusuf Nurkić,Jusuf,1610612762,UTA,32.0,1,1,0,1.0,10.2,0.0,4.0,0.0,0.0,2.0,0.0,2.0,2.0,1.0,0.0,4.0,4.0,4.0,0.0,1.0,1.0,0.0,2.0,1.0,2.0,6.0,18.8,0,0,14.0,20.0,60,1,186,1,260,287,188,287,182,138,182,66,99,1,157,33,64,22,212,48,21,99,83,160,272,86,83,5,1,146,90,1
1630231,KJ Martin,KJ,1610612750,MIN,25.0,1,1,0,1.0,8.6,2.0,3.0,0.667,0.0,0.0,0.0,0.0,0.0,0.0,0.0,1.0,1.0,0.0,0.0,0.0,0.0,1.0,2.0,0.0,4.0,5.0,5.2,0,0,5.0,5.0,60,1,186,1,281,144,233,41,182,269,182,195,211,195,157,184,230,234,212,150,93,17,83,262,222,93,286,5,1,288,291,1
1643510,Karim Lopez,Karim,1610612763,MEM,19.0,1,1,0,1.0,7.9,1.0,2.0,0.5,0.0,0.0,0.0,0.0,0.0,0.0,1.0,0.0,1.0,0.0,0.0,2.0,1.0,0.0,1.0,0.0,2.0,-6.0,12.2,0,0,9.0,12.0,60,1,186,1,292,222,272,97,182,269,182,195,211,195,59,272,230,234,212,11,21,99,167,262,272,237,193,5,1,236,205,1
1626157,Karl-Anthony Towns,Karl-Anthony,1610612752,NYK,30.0,1,0,1,0.0,14.9,2.0,4.0,0.5,1.0,3.0,0.333,0.0,0.0,0.0,0.0,5.0,5.0,2.0,2.0,0.0,0.0,0.0,2.0,0.0,5.0,-10.0,12.0,0,0,13.0,14.0,60,203,1,203,170,144,188,97,71,85,110,195,211,195,157,16,40,74,37,150,93,99,83,262,196,277,198,5,1,162,173,1
1631255,Karlo Matković,Karlo,1610612740,NOP,25.0,1,1,0,1.0,12.0,1.0,3.0,0.333,0.0,1.0,0.0,1.0,2.0,0.5,1.0,2.0,3.0,1.0,0.0,2.0,1.0,1.0,2.0,1.0,3.0,9.0,17.1,0,0,13.0,17.0,60,1,186,1,232,222,233,197,182,202,182,128,99,129,59,117,106,135,212,11,21,17,83,160,246,50,105,5,1,162,119,1
1643413,Keaton Wagler,Keaton,1610612746,LAC,19.0,1,1,0,1.0,30.1,3.0,15.0,0.2,1.0,11.0,0.091,8.0,9.0,0.889,1.0,5.0,6.0,3.0,0.0,2.0,1.0,0.0,2.0,9.0,15.0,2.0,35.7,0,0,31.0,36.0,60,1,186,1,4,75,2,267,71,1,181,1,2,78,59,16,24,39,212,11,21,99,83,1,8,138,3,5,1,6,3,1
1642276,Kel'el Ware,Kel'el,1610612749,MIL,22.0,1,0,1,0.0,23.6,5.0,11.0,0.455,2.0,6.0,0.333,2.0,2.0,1.0,3.0,9.0,12.0,0.0,0.0,1.0,1.0,2.0,3.0,2.0,14.0,-10.0,34.4,1,0,32.0,32.0,60,203,1,203,26,11,11,154,26,12,110,66,99,1,6,1,1,234,212,48,21,2,35,78,16,277,5,1,1,4,11,1
1631113,Kennedy Chandler,Kennedy,1610612756,PHX,24.0,1,0,1,0.0,8.9,3.0,5.0,0.6,2.0,2.0,1.0,0.0,0.0,0.0,0.0,1.0,1.0,0.0,0.0,1.0,0.0,0.0,1.0,0.0,8.0,1.0,12.2,0,0,13.0,12.0,60,203,1,203,280,75,140,73,26,138,1,195,211,195,157,184,230,234,212,48,93,99,167,262,111,153,193,5,1,162,205,1
1629026,Kenrich Williams,Kenrich,1610612760,OKC,31.0,1,0,1,0.0,18.0,3.0,6.0,0.5,3.0,4.0,0.75,0.0,0.0,0.0,1.0,7.0,8.0,2.0,1.0,1.0,1.0,0.0,1.0,1.0,9.0,14.0,26.6,0,0,26.0,27.0,60,203,1,203,80,75,100,97,9,45,29,195,211,195,59,5,12,74,107,48,21,99,167,160,92,25,26,5,1,21,29,1
203484,Kentavious Caldwell-Pope,Kentavious,1610612755,PHI,33.0,1,1,0,1.0,12.9,3.0,6.0,0.5,1.0,2.0,0.5,0.0,0.0,0.0,0.0,2.0,2.0,2.0,0.0,1.0,0.0,1.0,1.0,0.0,7.0,3.0,15.4,0,0,14.0,16.0,60,1,186,1,216,75,100,97,71,138,53,195,211,195,157,117,151,74,212,48,93,17,167,262,136,125,126,5,1,146,131,1
1631165,Keon Ellis,Keon,1610612751,BKN,26.0,1,1,0,1.0,12.4,2.0,3.0,0.667,1.0,2.0,0.5,0.0,0.0,0.0,0.0,0.0,0.0,0.0,1.0,0.0,0.0,0.0,1.0,1.0,5.0,15.0,4.0,0,0,6.0,5.0,60,1,186,1,227,144,233,41,71,138,53,195,211,195,157,272,292,234,107,150,93,99,167,160,196,18,297,5,1,278,291,1
1642933,Keshon Gilbert,Keshon,1610612737,ATL,23.0,1,0,1,0.0,14.9,1.0,3.0,0.333,0.0,0.0,0.0,0.0,0.0,0.0,0.0,1.0,1.0,2.0,3.0,1.0,0.0,0.0,0.0,0.0,2.0,7.0,6.2,0,0,7.0,10.0,60,203,1,203,168,222,233,197,182,269,182,195,211,195,157,184,230,74,14,48,93,99,256,262,272,72,276,5,1,258,238,1
1628989,Kevin Huerter,Kevin,1610612765,DET,28.0,1,1,0,1.0,17.9,0.0,2.0,0.0,0.0,1.0,0.0,4.0,5.0,0.8,0.0,0.0,0.0,0.0,1.0,2.0,1.0,0.0,1.0,2.0,4.0,-3.0,12.0,0,0,10.0,13.0,60,1,186,1,83,287,272,287,182,202,182,21,26,94,157,272,292,234,107,11,21,99,167,78,222,201,198,5,1,221,187,1
1641755,Kevin McCullar Jr.,Kevin,1610612752,NYK,25.0,1,0,1,0.0,9.8,2.0,5.0,0.4,0.0,3.0,0.0,2.0,2.0,1.0,1.0,3.0,4.0,1.0,2.0,0.0,1.0,0.0,1.0,1.0,6.0,-6.0,13.3,0,0,13.0,15.0,60,203,1,203,266,144,140,173,182,85,182,66,99,1,59,71,64,135,37,150,21,99,167,160,160,237,165,5,1,162,153,1
1629645,Kevin Porter Jr.,Kevin,1610612749,MIL,26.0,1,0,1,0.0,18.7,1.0,6.0,0.167,0.0,1.0,0.0,5.0,9.0,0.556,2.0,1.0,3.0,2.0,1.0,0.0,0.0,0.0,3.0,4.0,7.0,-10.0,12.6,0,0,12.0,14.0,60,203,1,203,61,222,100,281,182,202,182,11,2,128,24,184,106,74,107,150,93,99,35,11,136,277,181,5,1,183,173,1
1626172,Kevon Looney,Kevon,1610612747,LAL,30.0,2,1,1,0.5,15.3,0.5,2.0,0.25,0.0,0.0,0.0,0.0,0.0,0.0,2.5,3.5,6.0,2.5,0.5,0.5,0.5,1.0,2.0,0.0,1.0,3.5,14.5,0,0,11.5,15.0,1,1,1,144,156,283,272,246,182,269,182,195,211,195,22,67,24,69,202,133,74,17,83,262,293,121,141,5,1,198,153,1
1641718,Keyonte George,Keyonte,1610612762,UTA,22.0,2,1,1,0.5,15.6,3.5,5.5,0.636,1.5,2.0,0.75,2.0,3.0,0.667,0.0,2.0,2.0,3.0,1.5,0.0,0.0,0.0,4.5,2.0,10.5,1.5,15.9,0,0,17.0,18.5,1,1,1,144,151,70,134,62,66,138,29,66,67,109,157,117,151,39,94,150,93,99,12,78,73,150,118,5,1,95,105,1
1642863,Khaman Maluach,Khaman,1610612756,PHX,20.0,1,0,1,0.0,16.8,3.0,5.0,0.6,0.0,1.0,0.0,0.0,3.0,0.0,0.0,2.0,2.0,0.0,0.0,0.0,1.0,1.0,3.0,3.0,6.0,2.0,11.4,0,0,10.0,11.0,60,203,1,203,115,75,140,73,182,202,182,195,67,195,157,117,151,234,212,150,21,17,35,39,160,138,206,5,1,221,222,1
1643412,Kingston Flemings,Kingston,1610612737,ATL,19.0,1,0,1,0.0,24.6,4.0,11.0,0.364,2.0,6.0,0.333,1.0,4.0,0.25,0.0,0.0,0.0,2.0,3.0,0.0,0.0,0.0,3.0,2.0,11.0,-12.0,11.0,0,0,15.0,15.0,60,203,1,203,18,32,11,194,26,12,110,128,39,192,157,272,292,74,14,150,93,99,35,78,54,290,215,5,1,128,153,1
202691,Klay Thompson,Klay,1610612748,MIA,36.0,1,1,0,1.0,12.8,0.0,2.0,0.0,0.0,1.0,0.0,0.0,0.0,0.0,1.0,1.0,2.0,0.0,1.0,0.0,0.0,0.0,0.0,2.0,0.0,5.0,1.4,0,0,2.0,2.0,60,1,186,1,218,287,272,287,182,202,182,195,211,195,59,184,151,234,107,150,93,99,256,78,304,93,314,5,1,308,309,1
1643520,Koa Peat,Koa,1610612756,PHX,19.0,1,0,1,0.0,12.2,2.0,5.0,0.4,0.0,0.0,0.0,0.0,3.0,0.0,1.0,3.0,4.0,0.0,2.0,0.0,0.0,1.0,4.0,2.0,4.0,-9.0,6.8,0,0,8.0,8.0,60,203,1,203,230,144,140,173,182,269,182,195,67,195,59,71,64,234,37,150,93,17,13,78,222,273,269,5,1,251,258,1
1641723,Kobe Bufkin,Kobe,1610612740,NOP,23.0,1,1,0,1.0,5.9,2.0,4.0,0.5,0.0,2.0,0.0,2.0,2.0,1.0,1.0,0.0,1.0,0.0,0.0,0.0,0.0,0.0,0.0,1.0,6.0,2.0,7.2,0,0,7.0,7.0,60,1,186,1,314,144,188,97,182,138,182,66,99,1,59,272,230,234,212,150,93,99,256,160,160,138,263,5,1,258,272,1
1642937,Kobe Johnson,Kobe,1610612737,ATL,23.0,1,0,1,0.0,7.8,0.0,0.0,0.0,0.0,0.0,0.0,0.0,0.0,0.0,0.0,0.0,0.0,1.0,0.0,1.0,0.0,0.0,1.0,0.0,0.0,-1.0,4.5,0,0,3.0,5.0,60,203,1,203,294,287,319,287,182,269,182,195,211,195,157,272,292,135,212,48,93,99,167,262,304,174,290,5,1,301,291,1
1627739,Kris Dunn,Kris,1610612746,LAC,32.0,1,1,0,1.0,6.1,1.0,2.0,0.5,1.0,2.0,0.5,0.0,0.0,0.0,0.0,1.0,1.0,0.0,0.0,0.0,1.0,0.0,1.0,0.0,3.0,2.0,7.2,0,0,7.0,7.0,60,1,186,1,311,222,272,97,71,138,53,195,211,195,157,184,230,234,212,150,21,99,167,262,246,138,263,5,1,258,272,1
1631200,Kris Murray,Kris,1610612763,MEM,26.0,1,1,0,1.0,12.6,1.0,3.0,0.333,0.0,2.0,0.0,1.0,2.0,0.5,0.0,1.0,1.0,0.0,0.0,0.0,0.0,0.0,1.0,1.0,3.0,-4.0,4.2,0,0,4.0,4.0,60,1,186,1,223,222,233,197,182,138,182,128,99,129,157,184,230,234,212,150,93,99,167,160,246,214,294,5,1,291,298,1
1628398,Kyle Kuzma,Kyle,1610612749,MIL,31.0,1,0,1,0.0,20.0,0.0,6.0,0.0,0.0,2.0,0.0,1.0,2.0,0.5,0.0,5.0,5.0,1.0,0.0,0.0,0.0,1.0,2.0,3.0,1.0,-13.0,8.5,0,0,7.0,8.0,60,203,1,203,39,287,100,287,182,138,182,128,99,129,157,16,40,135,212,150,93,17,83,39,293,292,252,5,1,258,258,1
1643018,LJ Cryer,LJ,1610612744,GSW,24.0,2,1,1,0.5,5.8,0.5,4.0,0.125,0.0,2.5,0.0,0.5,1.0,0.5,0.0,0.0,0.0,0.5,1.0,0.5,0.0,0.0,0.0,0.5,1.5,-3.5,2.8,0,0,3.0,4.0,1,1,1,144,315,283,188,286,182,133,182,189,185,129,157,272,292,221,107,133,93,99,256,254,292,213,304,5,1,301,298,1
1630163,LaMelo Ball,LaMelo,1610612750,MIN,25.0,1,1,0,1.0,16.8,3.0,6.0,0.5,2.0,5.0,0.4,3.0,3.0,1.0,0.0,4.0,4.0,3.0,1.0,1.0,0.0,0.0,1.0,4.0,11.0,2.0,22.3,0,0,22.0,24.0,60,1,186,1,112,75,100,97,26,26,99,43,67,1,157,33,64,39,107,48,93,99,167,11,54,138,46,5,1,36,49,1
1642889,Labaron Philon,Labaron,1610612755,PHI,20.0,1,1,0,1.0,24.7,2.0,9.0,0.222,0.0,4.0,0.0,2.0,2.0,1.0,0.0,2.0,2.0,4.0,0.0,0.0,0.0,0.0,1.0,1.0,6.0,-2.0,14.4,0,0,12.0,16.0,60,1,186,1,17,144,30,265,182,45,182,66,99,1,157,117,151,22,212,150,93,99,167,160,160,189,142,5,1,183,131,1
1629013,Landry Shamet,Landry,1610612752,NYK,29.0,1,0,1,0.0,11.3,4.0,8.0,0.5,2.0,5.0,0.4,0.0,0.0,0.0,0.0,0.0,0.0,0.0,0.0,0.0,0.0,0.0,0.0,1.0,10.0,7.0,10.0,0,0,12.0,10.0,60,203,1,203,242,32,54,97,26,26,99,195,211,195,157,272,292,234,212,150,93,99,256,160,78,72,234,5,1,183,238,1
1628374,Lauri Markkanen,Lauri,1610612762,UTA,29.0,1,1,0,1.0,9.5,3.0,9.0,0.333,2.0,5.0,0.4,0.0,0.0,0.0,1.0,1.0,2.0,0.0,0.0,0.0,0.0,2.0,0.0,0.0,8.0,7.0,10.4,0,0,12.0,10.0,60,1,186,1,271,75,30,197,26,26,99,195,211,195,59,184,151,234,212,150,93,2,256,262,111,72,227,5,1,183,238,1
1631311,Lester Quinones,Lester,1610612748,MIA,25.0,1,1,0,1.0,9.2,0.0,2.0,0.0,0.0,1.0,0.0,0.0,0.0,0.0,1.0,1.0,2.0,0.0,0.0,0.0,0.0,1.0,0.0,1.0,0.0,5.0,2.4,0,0,2.0,2.0,60,1,186,1,275,287,272,287,182,202,182,195,211,195,59,184,151,234,212,150,93,17,256,160,304,93,306,5,1,308,309,1
1642862,Liam McNeeley,Liam,1610612766,CHA,20.0,1,0,1,0.0,19.3,5.0,8.0,0.625,4.0,6.0,0.667,0.0,0.0,0.0,1.0,0.0,1.0,0.0,6.0,0.0,0.0,0.0,4.0,2.0,14.0,-13.0,9.2,0,0,19.0,15.0,60,203,1,203,51,11,54,65,1,12,32,195,211,195,59,272,230,234,1,150,93,99,13,78,16,292,238,5,1,70,153,1
1629022,Lonnie Walker IV,Lonnie,1610612743,DEN,27.0,2,1,1,0.5,8.6,0.5,2.5,0.2,0.5,2.5,0.2,0.5,1.0,0.5,0.0,1.5,1.5,1.0,0.0,0.5,0.5,0.0,0.5,1.0,2.0,-2.0,8.3,0,0,7.0,8.5,1,1,1,144,283,283,270,267,161,133,168,189,185,129,157,175,217,135,212,133,74,99,249,160,272,189,255,5,1,258,255,1
1629029,Luka Dončić,Luka,1610612747,LAL,27.0,1,1,0,1.0,16.0,5.0,12.0,0.417,3.0,9.0,0.333,8.0,9.0,0.889,0.0,2.0,2.0,3.0,5.0,2.0,0.0,1.0,1.0,7.0,21.0,12.0,28.9,0,0,33.0,35.0,60,1,186,1,137,11,6,171,9,2,110,1,2,78,157,117,151,39,2,11,93,17,167,3,3,34,13,5,1,3,7,1
1628379,Luke Kennard,Luke,1610612756,PHX,30.0,1,0,1,0.0,15.2,3.0,5.0,0.6,1.0,3.0,0.333,2.0,2.0,1.0,1.0,1.0,2.0,2.0,2.0,0.0,0.0,0.0,2.0,1.0,9.0,-7.0,12.4,0,0,14.0,15.0,60,203,1,203,163,75,140,73,71,85,110,66,99,1,59,184,151,74,37,150,93,99,83,160,92,246,187,5,1,146,153,1
1641869,Malachi Smith,Malachi,1610612761,TOR,26.0,1,0,1,0.0,30.6,3.0,11.0,0.273,0.0,4.0,0.0,1.0,2.0,0.5,2.0,2.0,4.0,2.0,2.0,2.0,0.0,0.0,1.0,1.0,7.0,-31.0,18.8,0,0,17.0,21.0,60,203,1,203,2,75,11,243,182,45,182,128,99,129,24,117,64,74,37,11,93,99,167,160,136,328,83,5,1,95,78,1
1642502,Malevy Leons,Malevy,1610612744,GSW,27.0,2,1,1,0.5,10.1,2.5,4.0,0.625,0.5,1.0,0.5,1.0,1.5,0.667,1.0,0.5,1.5,1.0,1.0,0.5,0.0,0.0,0.5,1.5,6.5,0.0,10.3,0,0,10.5,11.5,1,1,1,144,261,137,188,65,161,202,53,128,182,109,59,266,217,135,107,133,93,99,249,150,158,165,230,5,1,217,221,1
1628963,Marvin Bagley III,Marvin,1610612743,DEN,27.0,2,1,1,0.5,14.6,3.0,6.0,0.5,0.0,0.5,0.0,1.5,2.0,0.75,1.5,4.5,6.0,0.0,1.5,0.5,0.5,1.0,0.5,3.0,7.5,9.5,16.2,0,0,15.5,16.5,1,1,1,144,176,75,100,97,182,265,182,123,99,100,53,32,24,234,94,133,74,17,249,39,134,47,112,5,1,127,129,1
1629680,Matisse Thybulle,Matisse,1610612747,LAL,29.0,1,1,0,1.0,18.4,2.0,6.0,0.333,2.0,4.0,0.5,0.0,0.0,0.0,0.0,0.0,0.0,1.0,0.0,2.0,0.0,0.0,0.0,0.0,6.0,3.0,13.5,0,0,13.0,14.0,60,1,186,1,70,144,100,197,26,45,53,195,211,195,157,272,292,135,212,11,93,99,256,262,160,125,160,5,1,162,173,1
1629622,Max Strus,Max,1610612746,LAC,30.0,1,1,0,1.0,4.8,0.0,1.0,0.0,0.0,1.0,0.0,0.0,0.0,0.0,0.0,1.0,1.0,0.0,0.0,0.0,0.0,0.0,0.0,0.0,0.0,-2.0,1.2,0,0,1.0,1.0,60,1,186,1,319,287,292,287,182,202,182,195,211,195,157,184,230,234,212,150,93,99,256,262,304,189,315,5,1,317,319,1
1642875,Maxime Raynaud,Maxime,1610612758,SAC,23.0,1,0,1,0.0,24.4,5.0,11.0,0.455,0.0,2.0,0.0,2.0,2.0,1.0,3.0,5.0,8.0,2.0,5.0,0.0,0.0,1.0,3.0,2.0,12.0,-16.0,19.6,0,0,22.0,24.0,60,203,1,203,20,11,11,154,182,138,182,66,99,1,6,16,12,74,2,150,93,17,35,78,33,303,71,5,1,36,49,1
1642369,Michael Ajayi,Michael,1610612766,CHA,23.0,1,0,1,0.0,19.0,1.0,5.0,0.2,1.0,2.0,0.5,0.0,0.0,0.0,1.0,3.0,4.0,3.0,2.0,0.0,1.0,0.0,4.0,2.0,3.0,-17.0,13.3,0,0,13.0,16.0,60,203,1,203,55,222,140,267,71,138,53,195,211,195,59,71,64,39,37,150,21,99,13,78,246,309,165,5,1,162,131,1
1629008,Michael Porter Jr.,Michael,1610612751,BKN,28.0,1,1,0,1.0,17.0,6.0,9.0,0.667,4.0,6.0,0.667,0.0,0.0,0.0,1.0,4.0,5.0,2.0,1.0,1.0,0.0,0.0,1.0,1.0,16.0,5.0,27.0,0,0,29.0,28.0,60,1,186,1,107,6,30,41,1,12,32,195,211,195,59,33,40,74,107,48,93,99,167,160,7,93,24,5,1,14,24,1
1628969,Mikal Bridges,Mikal,1610612752,NYK,30.0,1,0,1,0.0,15.1,1.0,5.0,0.2,0.0,0.0,0.0,1.0,2.0,0.5,2.0,1.0,3.0,3.0,0.0,0.0,0.0,0.0,0.0,1.0,3.0,-8.0,11.1,0,0,9.0,12.0,60,203,1,203,166,222,140,267,182,269,182,128,99,129,24,184,106,39,212,150,93,99,256,160,246,260,214,5,1,236,205,1
1628970,Miles Bridges,Miles,1610612756,PHX,28.0,1,0,1,0.0,14.2,3.0,8.0,0.375,1.0,3.0,0.333,1.0,1.0,1.0,2.0,3.0,5.0,4.0,1.0,1.0,0.0,1.0,0.0,2.0,8.0,9.0,22.0,0,0,20.0,24.0,60,203,1,203,188,75,54,190,71,85,110,128,185,1,24,71,40,22,107,48,93,17,256,78,111,50,50,5,1,60,49,1
1642939,Miles Kelly,Miles,1610612744,GSW,23.0,2,1,1,0.5,6.5,1.5,3.0,0.5,1.0,2.0,0.5,0.0,0.0,0.0,0.0,0.0,0.0,0.5,1.0,0.0,0.5,0.5,2.0,0.0,4.0,-5.0,5.3,0,0,6.5,6.5,1,1,1,144,305,211,233,97,71,138,53,195,211,195,157,272,292,221,107,150,74,75,83,262,222,222,285,5,1,276,283,1
1630540,Miles McBride,Miles,1610612752,NYK,26.0,1,0,1,0.0,11.8,0.0,4.0,0.0,0.0,4.0,0.0,0.0,0.0,0.0,0.0,1.0,1.0,3.0,0.0,0.0,0.0,0.0,1.0,0.0,0.0,7.0,5.7,0,0,4.0,7.0,60,203,1,203,241,287,188,287,182,45,182,195,211,195,157,184,230,39,212,150,93,99,167,262,304,72,281,5,1,291,272,1
1628964,Mo Bamba,Mo,1610612762,UTA,28.0,2,1,1,0.5,15.8,3.0,5.0,0.6,0.0,0.0,0.0,1.0,1.0,1.0,3.0,5.5,8.5,1.0,1.0,0.0,0.0,0.5,1.0,1.0,7.0,-6.0,17.7,0,0,16.5,17.5,1,1,1,144,138,75,140,73,182,269,182,128,185,1,6,15,11,135,107,150,93,75,167,160,136,237,97,5,1,115,117,1
1642885,Mohamed Diawara,Mohamed,1610612752,NYK,21.0,1,0,1,0.0,17.5,4.0,8.0,0.5,0.0,3.0,0.0,0.0,0.0,0.0,1.0,4.0,5.0,0.0,2.0,1.0,1.0,1.0,1.0,0.0,8.0,-7.0,18.0,0,0,17.0,19.0,60,203,1,203,94,32,54,97,182,85,182,195,211,195,59,33,40,234,37,48,21,17,167,262,111,246,92,5,1,95,98,1
1629021,Moritz Wagner,Moritz,1610612751,BKN,29.0,1,1,0,1.0,17.8,1.0,4.0,0.25,1.0,3.0,0.333,2.0,2.0,1.0,0.0,4.0,4.0,5.0,2.0,1.0,0.0,0.0,4.0,2.0,5.0,0.0,18.3,0,0,17.0,22.0,60,1,186,1,86,222,188,246,71,85,110,66,99,1,157,33,64,9,37,48,93,99,13,78,196,165,88,5,1,95,64,1
1631217,Moussa Diabaté,Moussa,1610612766,CHA,24.0,1,0,1,0.0,19.6,1.0,1.0,1.0,0.0,0.0,0.0,2.0,4.0,0.5,3.0,1.0,4.0,1.0,3.0,3.0,2.0,0.0,3.0,4.0,4.0,-8.0,22.3,0,0,19.0,25.0,60,203,1,203,44,222,292,1,182,269,182,66,39,129,6,184,64,135,14,3,3,99,35,11,222,260,46,5,1,70,41,1
1626167,Myles Turner,Myles,1610612749,MIL,30.0,1,0,1,0.0,19.1,1.0,5.0,0.2,1.0,4.0,0.25,4.0,4.0,1.0,0.0,5.0,5.0,1.0,1.0,1.0,1.0,0.0,1.0,2.0,7.0,-6.0,19.5,0,0,18.0,20.0,60,203,1,203,53,222,140,267,71,45,146,21,39,1,157,16,40,135,107,48,21,99,167,78,136,237,72,5,1,79,90,1
1642066,Myron Gardner,Myron,1610612748,MIA,25.0,1,1,0,1.0,13.8,2.0,5.0,0.4,1.0,4.0,0.25,2.0,2.0,1.0,0.0,4.0,4.0,2.0,3.0,1.0,1.0,0.0,5.0,1.0,7.0,4.0,17.8,0,0,18.0,21.0,60,1,186,1,199,144,140,173,71,45,146,66,99,1,157,33,64,74,14,48,21,99,4,160,136,109,94,5,1,79,78,1
1643417,Nate Ament,Nate,1610612749,MIL,19.0,1,0,1,0.0,13.8,2.0,4.0,0.5,1.0,1.0,1.0,3.0,3.0,1.0,1.0,1.0,2.0,0.0,0.0,0.0,0.0,0.0,2.0,2.0,8.0,-5.0,10.4,0,0,11.0,10.0,60,203,1,203,201,144,188,97,71,202,1,43,67,1,59,184,151,234,212,150,93,99,83,78,111,222,227,5,1,204,238,1
1629675,Naz Reid,Naz,1610612766,CHA,27.0,1,0,1,0.0,16.0,3.0,9.0,0.333,1.0,5.0,0.2,6.0,7.0,0.857,1.0,3.0,4.0,0.0,4.0,0.0,0.0,0.0,2.0,5.0,13.0,-7.0,13.8,0,0,18.0,17.0,60,203,1,203,136,75,30,197,71,26,168,5,7,84,59,71,64,234,7,150,93,99,83,5,24,246,156,5,1,79,119,1
1643568,Nick Martinelli,Nick,1610612746,LAC,22.0,1,1,0,1.0,24.1,2.0,6.0,0.333,1.0,3.0,0.333,0.0,0.0,0.0,2.0,0.0,2.0,1.0,2.0,0.0,0.0,0.0,1.0,2.0,5.0,-3.0,6.9,0,0,9.0,9.0,60,1,186,1,22,144,100,197,71,85,110,195,211,195,24,272,151,135,37,150,93,99,167,78,196,201,267,5,1,236,248,1
1630208,Nick Richards,Nick,1610612748,MIA,28.0,1,1,0,1.0,10.4,0.0,0.0,0.0,0.0,0.0,0.0,0.0,0.0,0.0,2.0,5.0,7.0,0.0,2.0,0.0,2.0,0.0,2.0,1.0,0.0,-7.0,12.4,0,0,11.0,13.0,60,1,186,1,257,287,319,287,182,269,182,195,211,195,24,16,15,234,37,150,3,99,83,160,304,246,187,5,1,204,187,1
1629638,Nickeil Alexander-Walker,Nickeil,1610612737,ATL,28.0,1,0,1,0.0,15.7,6.0,9.0,0.667,1.0,4.0,0.25,1.0,1.0,1.0,0.0,1.0,1.0,0.0,0.0,1.0,0.0,0.0,1.0,1.0,14.0,-11.0,18.2,0,0,18.0,18.0,60,203,1,203,142,6,30,41,71,45,146,128,185,1,157,184,230,234,212,48,93,99,167,160,16,285,90,5,1,79,106,1
203999,Nikola Jokić,Nikola,1610612743,DEN,31.0,2,1,1,0.5,13.8,1.0,2.0,0.5,0.0,0.0,0.0,1.0,2.0,0.5,0.0,3.5,3.5,5.5,1.0,1.0,0.5,0.5,2.0,4.0,3.0,-4.5,19.0,0,0,15.0,22.0,1,1,1,144,199,222,272,97,182,269,182,128,99,129,157,67,98,8,107,48,74,75,83,11,246,220,82,5,1,128,64,1
1631107,Nikola Jović,Nikola,1610612748,MIA,23.0,1,1,0,1.0,17.4,3.0,9.0,0.333,1.0,4.0,0.25,4.0,4.0,1.0,0.0,7.0,7.0,4.0,2.0,0.0,2.0,0.0,2.0,2.0,11.0,11.0,29.4,0,0,27.0,32.0,60,1,186,1,96,75,30,197,71,45,146,21,39,1,157,5,15,22,37,150,3,99,83,78,54,40,11,5,1,17,11,1
1643718,Nimari Burnett,Nimari,1610612761,TOR,24.0,1,0,1,0.0,24.2,2.0,10.0,0.2,1.0,8.0,0.125,1.0,2.0,0.5,0.0,3.0,3.0,3.0,4.0,1.0,0.0,1.0,6.0,1.0,6.0,-20.0,13.1,0,0,15.0,18.0,60,203,1,203,21,144,22,267,71,3,178,128,99,129,157,71,106,39,7,48,93,17,1,160,160,319,170,5,1,128,106,1
1642363,Nique Clifford,Nique,1610612758,SAC,24.0,1,0,1,0.0,28.4,8.0,13.0,0.615,1.0,2.0,0.5,6.0,10.0,0.6,3.0,6.0,9.0,2.0,1.0,0.0,0.0,1.0,3.0,8.0,23.0,4.0,35.8,0,0,35.0,36.0,60,203,1,203,7,1,3,70,71,138,53,5,1,124,6,10,6,74,107,150,93,17,35,2,1,109,2,5,1,1,3,1
1641730,Noah Clowney,Noah,1610612751,BKN,22.0,1,1,0,1.0,18.9,2.0,6.0,0.333,1.0,3.0,0.333,2.0,2.0,1.0,0.0,1.0,1.0,1.0,1.0,2.0,0.0,1.0,1.0,4.0,7.0,15.0,14.7,0,0,14.0,16.0,60,1,186,1,58,144,100,197,71,85,110,66,99,1,157,184,230,135,107,11,93,17,167,11,136,18,137,5,1,146,131,1
1642849,Nolan Traore,Nolan,1610612751,BKN,20.0,1,1,0,1.0,10.4,3.0,4.0,0.75,0.0,0.0,0.0,4.0,4.0,1.0,0.0,1.0,1.0,2.0,1.0,1.0,0.0,0.0,2.0,4.0,10.0,15.0,16.2,0,0,15.0,18.0,60,1,186,1,256,75,188,28,182,269,182,21,39,1,157,184,230,74,107,48,93,99,83,11,78,18,112,5,1,128,106,1
1641807,Norchad Omier,Norchad,1610612750,MIN,25.0,1,1,0,1.0,9.1,1.0,2.0,0.5,0.0,1.0,0.0,0.0,0.0,0.0,1.0,1.0,2.0,1.0,2.0,1.0,0.0,0.0,1.0,0.0,2.0,7.0,6.9,0,0,7.0,9.0,60,1,186,1,277,222,272,97,182,202,182,195,211,195,59,184,151,135,37,48,93,99,167,262,272,72,267,5,1,258,248,1
1628384,OG Anunoby,OG,1610612752,NYK,29.0,1,0,1,0.0,14.5,3.0,7.0,0.429,0.0,3.0,0.0,6.0,6.0,1.0,3.0,3.0,6.0,0.0,0.0,0.0,0.0,0.0,1.0,3.0,12.0,1.0,19.2,0,0,18.0,18.0,60,203,1,203,181,75,74,164,182,85,182,5,10,1,6,71,24,234,212,150,93,99,167,39,33,153,77,5,1,79,106,1
1630534,Ochai Agbaji,Ochai,1610612752,NYK,26.0,1,0,1,0.0,8.1,0.0,3.0,0.0,0.0,3.0,0.0,1.0,2.0,0.5,0.0,1.0,1.0,0.0,0.0,0.0,0.0,0.0,0.0,2.0,1.0,-11.0,2.2,0,0,2.0,2.0,60,203,1,203,290,287,233,287,182,85,182,128,99,129,157,184,230,234,212,150,93,99,256,78,293,285,308,5,1,308,309,1
1641765,Olivier-Maxence Prosper,Olivier-Maxence,1610612763,MEM,24.0,1,1,0,1.0,10.9,0.0,1.0,0.0,0.0,0.0,0.0,1.0,2.0,0.5,0.0,1.0,1.0,1.0,1.0,2.0,0.0,0.0,1.0,1.0,1.0,-3.0,8.7,0,0,7.0,10.0,60,1,186,1,250,287,292,287,182,269,182,128,99,129,157,184,230,135,107,11,93,99,167,160,293,201,246,5,1,258,238,1
1630168,Onyeka Okongwu,Onyeka,1610612737,ATL,25.0,1,0,1,0.0,14.5,3.0,4.0,0.75,1.0,2.0,0.5,1.0,2.0,0.5,1.0,3.0,4.0,2.0,1.0,0.0,1.0,0.0,2.0,2.0,8.0,-8.0,17.8,0,0,17.0,19.0,60,203,1,203,180,75,188,28,71,138,53,128,99,129,59,71,64,74,107,150,21,99,83,78,111,260,94,5,1,95,98,1
1642345,Oso Ighodaro,Oso,1610612756,PHX,24.0,1,0,1,0.0,14.2,1.0,1.0,1.0,0.0,0.0,0.0,1.0,2.0,0.5,1.0,4.0,5.0,2.0,1.0,1.0,0.0,0.0,2.0,2.0,3.0,9.0,14.0,0,0,12.0,15.0,60,203,1,203,188,222,292,1,182,269,182,128,99,129,59,33,40,74,107,48,93,99,83,78,246,50,152,5,1,183,153,1
1642923,Otega Oweh,Otega,1610612760,OKC,23.0,1,0,1,0.0,27.6,3.0,9.0,0.333,0.0,2.0,0.0,0.0,4.0,0.0,1.0,5.0,6.0,1.0,2.0,2.0,1.0,1.0,1.0,2.0,6.0,-7.0,21.7,0,0,19.0,23.0,60,203,1,203,11,75,30,197,182,138,182,195,39,195,59,16,24,135,37,11,21,17,167,78,160,246,54,5,1,70,59,1
1641790,PJ Hall,PJ,1610612766,CHA,24.0,1,0,1,0.0,8.4,1.0,3.0,0.333,1.0,3.0,0.333,1.0,2.0,0.5,0.0,3.0,3.0,0.0,3.0,0.0,0.0,0.0,1.0,1.0,4.0,-11.0,4.6,0,0,8.0,7.0,60,203,1,203,285,222,233,197,71,85,110,128,99,129,157,71,106,234,14,150,93,99,167,160,222,285,288,5,1,251,272,1
1642359,Pacôme Dadiet,Pacôme,1610612752,NYK,21.0,1,0,1,0.0,17.9,2.0,6.0,0.333,1.0,2.0,0.5,0.0,0.0,0.0,0.0,3.0,3.0,0.0,0.0,0.0,0.0,1.0,4.0,1.0,5.0,-18.0,8.6,0,0,9.0,8.0,60,203,1,203,82,144,100,197,71,138,53,195,211,195,157,71,106,234,212,150,93,17,13,160,196,313,248,5,1,236,258,1
1626192,Pat Connaughton,Pat,1610612766,CHA,33.0,1,0,1,0.0,9.5,0.0,3.0,0.0,0.0,3.0,0.0,1.0,2.0,0.5,0.0,0.0,0.0,3.0,1.0,0.0,0.0,0.0,1.0,1.0,1.0,-17.0,4.5,0,0,4.0,7.0,60,203,1,203,273,287,233,287,182,85,182,128,99,129,157,272,292,39,107,150,93,99,167,160,293,309,290,5,1,291,272,1
1630311,Pat Spencer,Pat,1610612756,PHX,30.0,1,0,1,0.0,7.3,0.0,2.0,0.0,0.0,0.0,0.0,1.0,2.0,0.5,0.0,0.0,0.0,1.0,2.0,1.0,0.0,1.0,0.0,1.0,1.0,-8.0,3.5,0,0,4.0,6.0,60,203,1,203,297,287,272,287,182,269,182,128,99,129,157,272,292,135,37,48,93,17,256,160,293,260,302,5,1,291,284,1
1630194,Paul Reed,Paul,1610612765,DET,27.0,1,1,0,1.0,20.7,2.0,6.0,0.333,0.0,0.0,0.0,6.0,6.0,1.0,3.0,4.0,7.0,3.0,1.0,1.0,1.0,0.0,2.0,4.0,10.0,-3.0,27.9,0,0,24.0,29.0,60,1,186,1,33,144,100,197,182,269,182,5,10,1,6,33,15,39,107,48,21,99,83,11,78,201,18,5,1,27,21,1
1641796,Pelle Larsson,Pelle,1610612748,MIA,25.0,1,1,0,1.0,11.2,3.0,3.0,1.0,0.0,0.0,0.0,7.0,7.0,1.0,0.0,2.0,2.0,2.0,1.0,2.0,0.0,0.0,0.0,5.0,13.0,16.0,23.4,0,0,21.0,25.0,60,1,186,1,244,75,233,1,182,269,182,3,7,1,157,117,151,74,107,11,93,99,256,5,24,14,38,5,1,49,41,1
1631250,Pete Nance,Pete,1610612749,MIL,26.0,1,0,1,0.0,6.7,1.0,1.0,1.0,1.0,1.0,1.0,0.0,0.0,0.0,0.0,1.0,1.0,0.0,0.0,0.0,0.0,0.0,0.0,0.0,3.0,-4.0,4.2,0,0,5.0,4.0,60,203,1,203,304,222,292,1,71,202,1,195,211,195,157,184,230,234,212,150,93,99,256,262,246,214,294,5,1,288,298,1
1630173,Precious Achiuwa,Precious,1610612758,SAC,27.0,1,0,1,0.0,13.0,1.0,2.0,0.5,0.0,0.0,0.0,0.0,2.0,0.0,0.0,1.0,1.0,1.0,0.0,1.0,0.0,0.0,1.0,1.0,2.0,-18.0,7.7,0,0,6.0,8.0,60,203,1,203,215,222,272,97,182,269,182,195,99,195,157,184,230,135,212,48,93,99,167,160,272,313,257,5,1,278,258,1
1629656,Quentin Grimes,Quentin,1610612747,LAL,26.0,2,1,1,0.5,21.2,4.0,7.5,0.533,2.0,4.5,0.444,4.0,4.5,0.889,0.0,0.5,0.5,2.0,1.5,0.5,0.0,0.0,2.5,2.0,14.0,-7.5,17.6,0,0,19.5,20.0,1,1,1,144,32,32,72,96,26,42,97,21,37,78,157,266,290,74,94,133,93,99,75,78,16,258,99,5,1,68,90,1
1642366,Quinten Post,Quinten,1610612763,MEM,26.0,1,1,0,1.0,12.3,3.0,6.0,0.5,2.0,3.0,0.667,0.0,0.0,0.0,1.0,3.0,4.0,0.0,0.0,0.0,0.0,1.0,0.0,0.0,8.0,9.0,12.8,0,0,14.0,12.0,60,1,186,1,228,75,100,97,26,85,32,195,211,195,59,71,64,234,212,150,93,17,256,262,111,50,176,5,1,146,205,1
1629628,RJ Barrett,RJ,1610612761,TOR,26.0,1,0,1,0.0,17.4,3.0,9.0,0.333,2.0,4.0,0.5,7.0,8.0,0.875,0.0,3.0,3.0,1.0,1.0,1.0,0.0,1.0,1.0,6.0,15.0,7.0,22.1,0,0,23.0,23.0,60,203,1,203,95,75,30,197,26,45,53,3,5,81,157,71,106,135,107,48,93,17,167,4,8,72,49,5,1,32,59,1
1642853,Rasheer Fleming,Rasheer,1610612756,PHX,22.0,1,0,1,0.0,18.9,1.0,4.0,0.25,1.0,2.0,0.5,0.0,2.0,0.0,2.0,3.0,5.0,1.0,1.0,2.0,0.0,1.0,5.0,2.0,3.0,-9.0,15.5,0,0,14.0,16.0,60,203,1,203,57,222,188,246,71,138,53,195,99,195,24,71,40,135,107,11,93,17,4,78,246,273,124,5,1,146,131,1
1642484,RayJ Dennis,RayJ,1610612737,ATL,25.0,1,0,1,0.0,17.7,5.0,10.0,0.5,2.0,5.0,0.4,0.0,0.0,0.0,0.0,3.0,3.0,3.0,3.0,2.0,0.0,0.0,2.0,1.0,12.0,12.0,23.1,0,0,24.0,27.0,60,203,1,203,89,11,22,97,26,26,99,195,211,195,157,71,106,39,14,11,93,99,83,160,33,34,40,5,1,27,29,1
1641712,Rayan Rupert,Rayan,1610612755,PHI,22.0,1,1,0,1.0,24.7,2.0,8.0,0.25,2.0,5.0,0.4,0.0,0.0,0.0,0.0,4.0,4.0,1.0,1.0,0.0,0.0,2.0,4.0,4.0,6.0,12.0,11.3,0,0,13.0,12.0,60,1,186,1,16,144,54,246,26,26,99,195,211,195,157,33,64,135,107,150,93,2,13,11,160,34,211,5,1,162,205,1
1642911,Rocco Zikarsky,Rocco,1610612750,MIN,20.0,1,1,0,1.0,8.1,0.0,1.0,0.0,0.0,1.0,0.0,0.0,0.0,0.0,0.0,1.0,1.0,0.0,0.0,0.0,1.0,0.0,2.0,0.0,0.0,-1.0,4.2,0,0,3.0,4.0,60,1,186,1,291,287,292,287,182,202,182,195,211,195,157,184,230,234,212,150,21,99,83,262,304,174,294,5,1,301,298,1
1641842,Ronald Holland II,Ronald,1610612765,DET,21.0,1,1,0,1.0,23.7,4.0,12.0,0.333,1.0,4.0,0.25,5.0,8.0,0.625,3.0,1.0,4.0,1.0,3.0,5.0,2.0,1.0,3.0,5.0,14.0,-1.0,38.3,0,0,34.0,41.0,60,1,186,1,24,32,6,197,71,45,146,11,5,123,6,184,64,135,14,1,3,17,35,5,16,174,1,5,1,2,1,1
1626220,Royce O'Neale,Royce,1610612766,CHA,33.0,1,0,1,0.0,17.0,1.0,4.0,0.25,1.0,4.0,0.25,0.0,0.0,0.0,0.0,2.0,2.0,5.0,1.0,1.0,2.0,0.0,1.0,1.0,3.0,-6.0,20.9,0,0,17.0,24.0,60,203,1,203,106,222,188,246,71,45,146,195,211,195,157,117,151,9,107,48,3,99,167,160,246,237,64,5,1,95,49,1
203497,Rudy Gobert,Rudy,1610612750,MIN,34.0,1,1,0,1.0,16.6,3.0,4.0,0.75,0.0,0.0,0.0,0.0,0.0,0.0,1.0,6.0,7.0,0.0,1.0,0.0,0.0,0.0,1.0,1.0,6.0,6.0,13.4,0,0,13.0,13.0,60,1,186,1,119,75,188,28,182,269,182,195,211,195,59,10,15,234,107,150,93,99,167,160,160,86,161,5,1,162,187,1
1629060,Rui Hachimura,Rui,1610612746,LAC,28.0,1,1,0,1.0,15.2,8.0,11.0,0.727,4.0,5.0,0.8,1.0,2.0,0.5,0.0,5.0,5.0,0.0,2.0,0.0,1.0,0.0,2.0,1.0,21.0,7.0,28.0,0,0,32.0,29.0,60,1,186,1,162,1,11,37,1,26,28,128,99,129,157,16,40,234,37,150,21,99,83,160,3,72,16,5,1,4,21,1
1643553,Ryan Conwell,Ryan,1610612748,MIA,22.0,1,1,0,1.0,18.4,3.0,8.0,0.375,0.0,3.0,0.0,0.0,0.0,0.0,0.0,1.0,1.0,2.0,1.0,0.0,0.0,0.0,2.0,3.0,6.0,1.0,9.2,0,0,9.0,11.0,60,1,186,1,68,75,54,190,182,85,182,195,211,195,157,184,230,74,107,150,93,99,83,39,160,153,238,5,1,236,222,1
1642346,Ryan Dunn,Ryan,1610612756,PHX,23.0,1,0,1,0.0,16.2,1.0,3.0,0.333,0.0,2.0,0.0,0.0,0.0,0.0,1.0,1.0,2.0,1.0,3.0,1.0,0.0,0.0,2.0,1.0,2.0,-10.0,5.9,0,0,7.0,9.0,60,203,1,203,131,222,233,197,182,138,182,195,211,195,59,184,151,135,14,48,93,99,83,160,272,277,280,5,1,258,248,1
1641750,Ryan Kalkbrenner,Ryan,1610612766,CHA,24.0,1,0,1,0.0,15.3,0.0,1.0,0.0,0.0,0.0,0.0,2.0,2.0,1.0,1.0,1.0,2.0,0.0,0.0,0.0,1.0,0.0,0.0,2.0,2.0,-8.0,7.4,0,0,6.0,7.0,60,203,1,203,156,287,292,287,182,269,182,66,99,1,59,184,151,234,212,150,21,99,256,78,272,260,261,5,1,278,272,1
1642948,Ryan Nembhard,Ryan,1610612743,DEN,23.0,2,1,1,0.5,16.4,1.5,4.5,0.333,0.5,1.5,0.333,0.0,0.0,0.0,1.0,0.5,1.5,4.5,1.0,0.5,0.0,0.0,1.5,0.5,3.5,2.0,12.6,0,0,11.0,15.5,1,1,1,144,124,211,182,197,161,190,110,195,211,195,59,266,217,20,107,133,93,99,158,254,241,138,183,5,1,204,152,1
1631157,Ryan Rollins,Ryan,1610612749,MIL,24.0,1,0,1,0.0,14.2,6.0,12.0,0.5,2.0,7.0,0.286,1.0,1.0,1.0,2.0,2.0,4.0,1.0,0.0,1.0,1.0,0.0,6.0,0.0,15.0,9.0,27.3,0,0,26.0,27.0,60,203,1,203,184,6,6,97,26,8,143,128,185,1,24,117,64,135,212,48,21,99,1,262,8,50,21,5,1,21,29,1
1630180,Saddiq Bey,Saddiq,1610612740,NOP,27.0,1,1,0,1.0,19.8,1.0,6.0,0.167,0.0,2.0,0.0,3.0,3.0,1.0,0.0,2.0,2.0,0.0,1.0,1.0,0.0,0.0,0.0,2.0,5.0,20.0,9.4,0,0,9.0,10.0,60,1,186,1,41,222,100,281,182,138,182,43,67,1,157,117,151,234,107,48,93,99,256,78,196,2,237,5,1,236,238,1
1643148,Saint Thomas,Saint,1610612755,PHI,23.0,1,1,0,1.0,15.1,5.0,8.0,0.625,0.0,2.0,0.0,1.0,1.0,1.0,3.0,7.0,10.0,1.0,1.0,1.0,0.0,1.0,4.0,2.0,11.0,17.0,26.5,1,0,24.0,26.0,60,1,186,1,165,11,54,65,182,138,182,128,185,1,6,5,4,135,107,48,93,17,13,78,54,9,28,1,1,27,37,1
1630572,Sandro Mamukelashvili,Sandro,1610612747,LAL,27.0,2,1,1,0.5,18.6,4.5,9.0,0.5,2.5,4.0,0.625,0.0,0.0,0.0,0.5,1.0,1.5,3.5,2.0,1.0,0.5,0.5,1.5,0.5,11.5,-5.5,21.1,0,0,22.0,24.5,1,1,1,144,62,29,30,97,23,45,45,195,211,195,140,184,217,36,37,48,74,75,158,254,51,234,63,5,1,36,47,1
1630567,Scottie Barnes,Scottie,1610612761,TOR,25.0,1,0,1,0.0,12.2,5.0,11.0,0.455,0.0,1.0,0.0,1.0,2.0,0.5,2.0,0.0,2.0,2.0,3.0,3.0,0.0,0.0,3.0,2.0,11.0,-16.0,22.4,0,0,21.0,26.0,60,203,1,203,229,11,11,154,182,202,182,128,99,129,24,272,151,74,14,3,93,99,35,78,54,303,45,5,1,49,37,1
1630590,Scotty Pippen Jr.,Scotty,1610612763,MEM,25.0,1,1,0,1.0,15.6,3.0,5.0,0.6,2.0,3.0,0.667,2.0,2.0,1.0,0.0,0.0,0.0,4.0,2.0,1.0,0.0,0.0,3.0,1.0,10.0,9.0,17.0,0,0,18.0,21.0,60,1,186,1,147,75,140,73,26,85,32,66,99,1,157,272,292,22,37,48,93,99,35,160,78,50,108,5,1,79,78,1
1631323,Simone Fontecchio,Simone,1610612748,MIA,30.0,1,1,0,1.0,11.2,2.0,4.0,0.5,0.0,2.0,0.0,0.0,0.0,0.0,0.0,2.0,2.0,1.0,2.0,0.0,1.0,0.0,0.0,0.0,4.0,16.0,8.9,0,0,9.0,11.0,60,1,186,1,244,144,188,97,182,138,182,195,211,195,157,117,151,135,37,150,21,99,256,262,222,14,243,5,1,236,222,1
1642883,Sion James,Sion,1610612766,CHA,23.0,1,0,1,0.0,17.3,3.0,7.0,0.429,2.0,4.0,0.5,0.0,0.0,0.0,0.0,4.0,4.0,0.0,1.0,0.0,0.0,1.0,2.0,0.0,8.0,-16.0,11.8,0,0,14.0,12.0,60,203,1,203,102,75,74,164,26,45,53,195,211,195,157,33,64,234,107,150,93,17,83,262,111,303,202,5,1,146,205,1
201939,Stephen Curry,Stephen,1610612744,GSW,38.0,2,1,1,0.5,13.6,3.5,5.5,0.636,2.5,4.5,0.556,3.5,4.0,0.875,0.5,1.5,2.0,3.5,1.0,0.5,0.0,0.0,1.5,3.0,13.0,6.0,21.2,0,0,22.0,23.5,1,1,1,144,204,70,134,62,23,42,52,40,39,81,140,175,151,36,107,133,93,99,158,39,24,86,61,5,1,36,56,1
1629004,Svi Mykhailiuk,Svi,1610612762,UTA,29.0,2,1,1,0.5,18.6,3.0,11.5,0.261,2.5,8.0,0.313,0.5,1.0,0.5,0.5,1.0,1.5,1.5,0.5,1.0,0.5,1.0,0.0,1.0,9.0,3.0,17.1,0,0,17.5,18.0,1,1,1,144,64,75,9,245,23,3,142,189,185,129,140,184,217,128,202,48,74,17,256,160,92,125,107,5,1,93,106,1
1642926,Tamar Bates,Tamar,1610612762,UTA,23.0,2,1,1,0.5,13.4,0.0,2.0,0.0,0.0,1.5,0.0,0.0,0.0,0.0,0.5,0.5,1.0,0.5,1.0,0.0,0.0,0.5,2.0,1.0,0.0,4.0,1.0,0,0,1.5,2.0,1,1,1,144,207,287,272,287,182,190,182,195,211,195,140,266,230,221,107,150,93,75,83,160,304,109,321,5,1,316,309,1
1627752,Taurean Prince,Taurean,1610612765,DET,32.0,1,1,0,1.0,10.8,1.0,3.0,0.333,1.0,3.0,0.333,0.0,0.0,0.0,1.0,0.0,1.0,0.0,1.0,1.0,0.0,0.0,2.0,1.0,3.0,14.0,6.2,0,0,7.0,7.0,60,1,186,1,251,222,233,197,71,85,110,195,211,195,59,272,230,234,107,48,93,99,83,160,246,25,276,5,1,258,272,1
1641707,Taylor Hendricks,Taylor,1610612763,MEM,22.0,1,1,0,1.0,19.0,3.0,5.0,0.6,0.0,1.0,0.0,1.0,2.0,0.5,0.0,6.0,6.0,1.0,2.0,3.0,1.0,0.0,5.0,1.0,7.0,-1.0,25.7,0,0,22.0,27.0,60,1,186,1,54,75,140,73,182,202,182,128,99,129,157,10,24,135,37,3,21,99,4,160,136,174,35,5,1,36,29,1
1629611,Terance Mann,Terance,1610612751,BKN,29.0,1,1,0,1.0,19.7,2.0,4.0,0.5,2.0,3.0,0.667,0.0,0.0,0.0,0.0,2.0,2.0,1.0,1.0,2.0,0.0,0.0,3.0,0.0,6.0,-7.0,14.9,0,0,15.0,16.0,60,1,186,1,43,144,188,97,26,85,32,195,211,195,157,117,151,135,107,11,93,99,35,262,160,246,134,5,1,128,131,1
1630545,Terrence Shannon Jr,Terrence,1610612750,MIN,26.0,1,1,0,1.0,15.7,1.0,5.0,0.2,0.0,1.0,0.0,4.0,6.0,0.667,0.0,1.0,1.0,4.0,0.0,1.0,1.0,0.0,2.0,3.0,6.0,-5.0,19.2,0,0,15.0,21.0,60,1,186,1,142,222,140,267,182,202,182,21,10,109,157,184,230,22,212,48,21,99,83,39,160,222,77,5,1,128,78,1
1642275,Tidjane Salaün,Tidjane,1610612766,CHA,21.0,1,0,1,0.0,28.1,2.0,7.0,0.286,1.0,3.0,0.333,1.0,3.0,0.333,0.0,2.0,2.0,1.0,3.0,1.0,0.0,1.0,3.0,4.0,6.0,-24.0,9.9,0,0,12.0,13.0,60,203,1,203,8,144,74,237,71,85,110,128,67,184,157,117,151,135,14,48,93,17,35,11,160,326,235,5,1,183,187,1
203501,Tim Hardaway Jr.,Tim,1610612748,MIA,34.0,1,1,0,1.0,11.2,4.0,4.0,1.0,3.0,3.0,1.0,3.0,3.0,1.0,0.0,0.0,0.0,0.0,1.0,0.0,0.0,0.0,0.0,1.0,14.0,16.0,13.0,0,0,17.0,14.0,60,1,186,1,244,32,188,1,9,85,1,43,67,1,157,272,292,234,107,150,93,99,256,160,16,14,171,5,1,95,173,1
1642449,Tolu Smith,Tolu,1610612765,DET,26.0,1,1,0,1.0,15.7,0.0,0.0,0.0,0.0,0.0,0.0,1.0,6.0,0.167,1.0,4.0,5.0,1.0,0.0,0.0,0.0,0.0,4.0,3.0,1.0,13.0,8.5,0,0,7.0,8.0,60,1,186,1,144,287,319,287,182,269,182,128,10,194,59,33,40,135,212,150,93,99,13,39,293,30,252,5,1,258,258,1
1628396,Tony Bradley,Tony,1610612752,NYK,28.0,1,0,1,0.0,6.1,1.0,1.0,1.0,0.0,0.0,0.0,0.0,0.0,0.0,0.0,0.0,0.0,0.0,0.0,0.0,0.0,0.0,0.0,1.0,2.0,-2.0,2.0,0,0,2.0,2.0,60,203,1,203,312,222,292,1,182,269,182,195,211,195,157,272,292,234,212,150,93,99,256,160,272,189,311,5,1,308,309,1
1643621,Tre Donaldson,Tre,1610612748,MIA,22.0,1,1,0,1.0,16.4,1.0,5.0,0.2,0.0,3.0,0.0,4.0,6.0,0.667,0.0,0.0,0.0,5.0,2.0,1.0,1.0,0.0,2.0,3.0,6.0,-1.0,17.5,0,0,15.0,22.0,60,1,186,1,122,222,140,267,182,85,182,21,10,109,157,272,292,9,37,48,21,99,83,39,160,174,101,5,1,128,64,1
1630570,Trendon Watford,Trendon,1610612740,NOP,25.0,1,1,0,1.0,12.0,3.0,5.0,0.6,0.0,0.0,0.0,1.0,2.0,0.5,2.0,4.0,6.0,1.0,1.0,2.0,0.0,0.0,0.0,2.0,7.0,9.0,20.7,0,0,18.0,21.0,60,1,186,1,232,75,140,73,182,269,182,128,99,129,24,33,24,135,107,11,93,99,256,78,136,50,66,5,1,79,78,1
1642350,Trevon Brazile,Trevon,1610612743,DEN,23.0,2,1,1,0.5,18.6,2.5,3.0,0.833,0.5,1.0,0.5,0.0,1.0,0.0,0.5,2.0,2.5,0.0,0.5,0.0,1.5,0.0,3.0,1.0,5.5,3.0,12.5,0,0,11.5,12.5,1,1,1,144,63,137,233,24,161,202,53,195,185,195,140,117,147,234,202,150,17,99,35,160,190,125,185,5,1,198,200,1
1641725,Trey Alexander,Trey,1610612762,UTA,23.0,2,1,1,0.5,9.8,1.0,4.0,0.25,0.5,2.0,0.25,1.0,1.0,1.0,0.0,1.0,1.0,1.5,0.5,0.0,0.0,0.0,1.0,1.5,3.5,3.0,6.5,0,0,6.5,7.5,1,1,1,144,267,222,188,246,161,138,146,128,185,1,157,184,230,128,202,150,93,99,167,150,241,125,274,5,1,276,270,1
1626168,Trey Lyles,Trey,1610612750,MIN,30.0,1,1,0,1.0,12.1,1.0,4.0,0.25,1.0,4.0,0.25,0.0,0.0,0.0,2.0,0.0,2.0,0.0,0.0,0.0,0.0,0.0,1.0,0.0,3.0,2.0,5.4,0,0,6.0,5.0,60,1,186,1,231,222,188,246,71,45,146,195,211,195,24,272,151,234,212,150,93,99,167,262,246,138,284,5,1,278,291,1
1630530,Trey Murphy III,Trey,1610612740,NOP,26.0,1,1,0,1.0,19.4,4.0,11.0,0.364,2.0,6.0,0.333,1.0,2.0,0.5,0.0,3.0,3.0,2.0,0.0,2.0,0.0,1.0,0.0,2.0,11.0,-20.0,23.6,0,0,22.0,24.0,60,1,186,1,48,32,11,194,26,12,110,128,99,129,157,71,106,74,212,11,93,17,256,78,54,319,37,5,1,36,49,1
1629660,Ty Jerome,Ty,1610612763,MEM,29.0,1,1,0,1.0,15.1,4.0,8.0,0.5,1.0,2.0,0.5,3.0,3.0,1.0,0.0,0.0,0.0,5.0,3.0,0.0,1.0,0.0,2.0,2.0,12.0,11.0,19.5,0,0,20.0,25.0,60,1,186,1,164,32,54,97,71,138,53,43,67,1,157,272,292,9,14,150,21,99,83,78,33,40,72,5,1,60,41,1
1643548,Tyler Bilodeau,Tyler,1610612751,BKN,22.0,1,1,0,1.0,7.8,1.0,1.0,1.0,1.0,1.0,1.0,2.0,3.0,0.667,0.0,3.0,3.0,0.0,0.0,0.0,0.0,0.0,0.0,2.0,5.0,8.0,8.6,0,0,9.0,8.0,60,1,186,1,294,222,292,1,71,202,1,66,67,109,157,71,106,234,212,150,93,99,256,78,196,65,248,5,1,236,258,1
1629639,Tyler Herro,Tyler,1610612749,MIL,26.0,1,0,1,0.0,19.4,3.0,9.0,0.333,2.0,4.0,0.5,3.0,3.0,1.0,0.0,3.0,3.0,3.0,4.0,0.0,0.0,1.0,0.0,1.0,11.0,-11.0,15.1,0,0,19.0,20.0,60,203,1,203,49,75,30,197,26,45,53,43,67,1,157,71,106,39,7,150,93,17,256,160,54,285,131,5,1,70,90,1
1642278,Tyler Kolek,Tyler,1610612752,NYK,25.0,1,0,1,0.0,16.8,2.0,5.0,0.4,1.0,3.0,0.333,0.0,1.0,0.0,1.0,1.0,2.0,5.0,0.0,0.0,1.0,0.0,0.0,1.0,5.0,3.0,17.9,0,0,15.0,20.0,60,203,1,203,116,144,140,173,71,85,110,195,185,195,59,184,151,9,212,150,21,99,256,160,196,125,93,5,1,128,90,1
1643589,Tyler Nickel,Tyler,1610612752,NYK,23.0,1,0,1,0.0,8.3,0.0,4.0,0.0,0.0,2.0,0.0,0.0,0.0,0.0,1.0,0.0,1.0,1.0,0.0,0.0,1.0,2.0,0.0,0.0,0.0,-5.0,5.7,0,0,4.0,6.0,60,203,1,203,286,287,188,287,182,138,182,195,211,195,59,272,230,135,212,150,21,2,256,262,304,222,281,5,1,291,284,1
1642615,Tyreke Key,Tyreke,1610612761,TOR,27.0,1,0,1,0.0,15.6,5.0,9.0,0.556,4.0,7.0,0.571,1.0,2.0,0.5,0.0,1.0,1.0,0.0,1.0,0.0,0.0,0.0,2.0,3.0,15.0,-11.0,15.2,0,0,20.0,16.0,60,203,1,203,150,11,30,92,1,8,50,128,99,129,157,184,230,234,107,150,93,99,83,39,8,285,127,5,1,60,131,1
1626145,Tyus Jones,Tyus,1610612743,DEN,30.0,2,1,1,0.5,14.6,1.5,3.5,0.429,0.5,1.5,0.333,0.0,0.0,0.0,0.0,2.0,2.0,4.5,1.5,1.0,0.0,0.0,1.0,0.5,3.5,4.0,14.2,0,0,12.5,17.5,1,1,1,144,177,211,231,164,161,190,110,195,211,195,157,117,151,20,94,48,93,99,167,254,241,109,150,5,1,181,117,1
1642845,VJ Edgecombe,VJ,1610612755,PHI,21.0,1,1,0,1.0,19.5,4.0,9.0,0.444,0.0,3.0,0.0,4.0,5.0,0.8,0.0,4.0,4.0,7.0,0.0,0.0,0.0,1.0,1.0,4.0,12.0,12.0,27.3,0,0,23.0,30.0,60,1,186,1,45,32,30,159,182,85,182,21,26,94,157,33,64,2,212,150,93,17,167,11,33,34,21,5,1,32,16,1
1642884,Vladislav Goldin,Vladislav,1610612748,MIA,25.0,1,1,0,1.0,7.0,3.0,4.0,0.75,0.0,0.0,0.0,0.0,0.0,0.0,0.0,1.0,1.0,0.0,1.0,0.0,0.0,0.0,1.0,1.0,6.0,1.0,6.2,0,0,7.0,7.0,60,1,186,1,302,75,188,28,182,269,182,195,211,195,157,184,230,234,107,150,93,99,167,160,160,153,276,5,1,258,272,1
1642383,Walter Clayton Jr.,Walter,1610612763,MEM,23.0,1,1,0,1.0,12.5,2.0,5.0,0.4,1.0,4.0,0.25,2.0,2.0,1.0,1.0,0.0,1.0,2.0,2.0,0.0,0.0,0.0,1.0,1.0,7.0,-1.0,9.2,0,0,11.0,12.0,60,1,186,1,225,144,140,173,71,45,146,66,99,1,59,272,230,74,37,150,93,99,167,160,136,174,238,5,1,204,205,1
1642954,Will Richard,Will,1610612744,GSW,23.0,2,1,1,0.5,16.3,1.5,3.0,0.5,0.5,1.5,0.333,0.0,0.0,0.0,0.0,1.5,1.5,0.5,0.0,0.0,0.5,0.0,2.5,0.5,3.5,2.5,7.6,0,0,7.0,7.5,1,1,1,144,127,211,233,97,161,190,110,195,211,195,157,175,217,221,212,150,74,99,75,254,241,136,259,5,1,258,270,1
1643759,William Kyle,William,1610612747,LAL,22.0,2,1,1,0.5,7.1,0.0,1.0,0.0,0.0,0.0,0.0,0.0,0.0,0.0,1.0,0.5,1.5,0.5,0.0,0.0,0.0,0.5,1.0,0.0,0.0,1.0,2.6,0,0,2.0,2.5,1,1,1,144,300,287,292,287,182,269,182,195,211,195,59,266,217,221,212,150,93,75,167,262,304,153,305,5,1,308,308,1
1643769,Wyatt Fricks,Wyatt,1610612766,CHA,23.0,1,0,1,0.0,13.1,1.0,3.0,0.333,0.0,1.0,0.0,0.0,0.0,0.0,1.0,2.0,3.0,0.0,0.0,0.0,1.0,0.0,3.0,0.0,2.0,-18.0,8.6,0,0,7.0,8.0,60,203,1,203,213,222,233,197,182,202,182,195,211,195,59,117,106,234,212,150,21,99,35,262,272,313,248,5,1,258,258,1
1642865,Yaxel Lendeborg,Yaxel,1610612744,GSW,24.0,2,1,1,0.5,20.1,4.0,8.5,0.471,1.5,3.0,0.5,1.0,2.0,0.5,1.5,7.5,9.0,2.5,1.0,0.0,1.0,2.0,2.0,2.0,10.5,12.0,27.1,0,0,25.5,27.5,1,1,1,144,36,32,52,149,66,85,53,128,99,129,53,4,6,69,107,150,21,2,83,78,73,34,23,5,1,23,28,1
1642530,Yuki Kawamura,Yuki,1610612746,LAC,25.0,1,1,0,1.0,3.6,0.0,0.0,0.0,0.0,0.0,0.0,1.0,2.0,0.5,0.0,0.0,0.0,0.0,2.0,0.0,0.0,0.0,1.0,1.0,1.0,-3.0,-1.0,0,0,1.0,1.0,60,1,186,1,320,287,319,287,182,269,182,128,99,129,157,272,292,234,37,150,93,99,167,160,293,201,326,5,1,317,319,1
1642274,Yves Missi,Yves,1610612740,NOP,22.0,1,1,0,1.0,18.7,1.0,7.0,0.143,0.0,0.0,0.0,4.0,4.0,1.0,3.0,4.0,7.0,1.0,0.0,1.0,1.0,1.0,2.0,3.0,6.0,-20.0,21.9,0,0,18.0,21.0,60,1,186,1,59,222,74,283,182,269,182,21,39,1,6,33,15,135,212,48,21,17,83,39,160,319,52,5,1,79,78,1
203897,Zach LaVine,Zach,1610612758,SAC,31.0,1,0,1,0.0,15.5,4.0,6.0,0.667,0.0,0.0,0.0,1.0,2.0,0.5,0.0,1.0,1.0,0.0,2.0,0.0,0.0,0.0,0.0,1.0,9.0,-25.0,8.2,0,0,10.0,10.0,60,203,1,203,152,32,100,41,182,269,182,128,99,129,157,184,230,234,37,150,93,99,256,160,92,327,256,5,1,221,238,1
1630192,Zeke Nnaji,Zeke,1610612743,DEN,25.0,2,1,1,0.5,11.9,1.0,4.0,0.25,0.0,2.0,0.0,2.5,3.0,0.833,0.5,3.0,3.5,0.5,2.0,0.0,1.0,1.0,2.5,2.0,4.5,-2.0,10.5,0,0,10.5,12.0,1,1,1,144,240,222,188,246,182,138,182,63,67,86,140,71,98,221,37,150,21,17,75,78,219,189,225,5,1,217,205,1
1629015,Zhaire Smith,Zhaire,1610612760,OKC,27.0,1,0,1,0.0,13.9,1.0,4.0,0.25,0.0,2.0,0.0,0.0,0.0,0.0,1.0,0.0,1.0,0.0,1.0,0.0,1.0,0.0,3.0,0.0,2.0,-19.0,5.2,0,0,5.0,6.0,60,203,1,203,198,222,188,246,182,138,182,195,211,195,59,272,230,234,107,150,21,99,35,262,272,316,286,5,1,288,284,1
1630533,Ziaire Williams,Ziaire,1610612747,LAL,25.0,1,1,0,1.0,20.6,4.0,6.0,0.667,3.0,3.0,1.0,2.0,2.0,1.0,1.0,0.0,1.0,1.0,0.0,1.0,0.0,0.0,3.0,3.0,13.0,4.0,18.7,0,0,20.0,19.0,60,1,186,1,34,32,100,41,9,85,1,66,99,1,59,272,230,135,212,48,93,99,35,39,24,109,86,5,1,60,98,1
1629627,Zion Williamson,Zion,1610612740,NOP,26.0,1,1,0,1.0,16.2,4.0,6.0,0.667,1.0,2.0,0.5,2.0,3.0,0.667,3.0,1.0,4.0,1.0,1.0,0.0,0.0,0.0,1.0,2.0,11.0,-23.0,16.3,0,0,17.0,17.0,60,1,186,1,129,32,100,41,71,138,53,66,67,109,6,184,64,135,107,150,93,99,167,78,54,325,111,5,1,95,119,1
1643544,Zuby Ejiofor,Zuby,1610612737,ATL,22.0,1,0,1,0.0,14.2,2.0,5.0,0.4,0.0,1.0,0.0,1.0,2.0,0.5,0.0,3.0,3.0,2.0,0.0,0.0,0.0,1.0,2.0,1.0,5.0,7.0,11.6,0,0,10.0,12.0,60,203,1,203,188,144,140,173,182,202,182,128,99,129,157,71,106,74,212,150,93,17,83,160,196,72,205,5,1,221,205,1
1642389,Zyon Pullin,Zyon,1610612750,MIN,25.0,1,1,0,1.0,16.3,4.0,5.0,0.8,0.0,0.0,0.0,2.0,4.0,0.5,0.0,2.0,2.0,1.0,1.0,0.0,0.0,0.0,1.0,3.0,10.0,3.0,12.9,0,0,13.0,14.0,60,1,186,1,128,32,140,25,182,269,182,66,39,129,157,117,151,135,107,150,93,99,167,39,78,125,174,5,1,162,173,1
