SEASON_YEAR,PLAYER_ID,PLAYER_NAME,TEAM_ID,TEAM_ABBREVIATION,GAME_ID,GAME_DATE,MATCHUP,WL,MIN,FGM,FGA,FG3M,FG3A,FTM,FTA,OREB,DREB,REB,AST,TOV,STL,BLK,PF,PTS,PLUS_MINUS
2026-27,203952,Andrew Wiggins,1610612748,MIA,0012600009,2026-10-03,MIA @ TOR,W,12.783333333333333,4,6,4,6,0,0,0,1,1,0,0,1,0,2,12,5
2026-27,1628389,Bam Adebayo,1610612748,MIA,0012600009,2026-10-03,MIA @ TOR,W,12.783333333333333,2,7,1,4,5,6,2,4,6,0,2,0,0,3,10,5
2026-27,1643016,Bez Mbeng,1610612748,MIA,0012600009,2026-10-03,MIA @ TOR,W,17.583333333333332,5,10,1,2,0,0,0,3,3,3,2,2,0,1,11,11
2026-27,1626171,Bobby Portis Jr.,1610612748,MIA,0012600009,2026-10-03,MIA @ TOR,W,11.216666666666667,1,4,1,3,1,2,1,2,3,2,1,0,0,2,4,16
2026-27,1630558,Davion Mitchell,1610612748,MIA,0012600009,2026-10-03,MIA @ TOR,W,12.783333333333333,1,5,1,3,0,0,1,0,1,4,2,1,0,0,3,5
2026-27,203507,Giannis Antetokounmpo,1610612748,MIA,0012600009,2026-10-03,MIA @ TOR,W,14.116666666666667,3,3,0,0,3,4,0,4,4,7,2,0,0,1,9,4
2026-27,1643867,Ian Schieffelin,1610612748,MIA,0012600009,2026-10-03,MIA @ TOR,W,9.5,4,4,1,1,2,2,1,2,3,1,0,0,0,0,11,8
2026-27,1643727,J'Vonne Hadley,1610612748,MIA,0012600009,2026-10-03,MIA @ TOR,W,10.233333333333333,1,1,0,0,0,0,1,5,6,0,0,1,0,1,2,-1
2026-27,202691,Klay Thompson,1610612748,MIA,0012600009,2026-10-03,MIA @ TOR,W,12.783333333333333,0,2,0,1,0,0,1,1,2,0,1,0,0,0,0,5
2026-27,1631311,Lester Quinones,1610612748,MIA,0012600009,2026-10-03,MIA @ TOR,W,9.2,0,2,0,1,0,0,1,1,2,0,0,0,0,0,0,5
2026-27,1642066,Myron Gardner,1610612748,MIA,0012600009,2026-10-03,MIA @ TOR,W,13.766666666666667,2,5,1,4,2,2,0,4,4,2,3,1,1,5,7,4
2026-27,1630208,Nick Richards,1610612748,MIA,0012600009,2026-10-03,MIA @ TOR,W,10.366666666666667,0,0,0,0,0,0,2,5,7,0,2,0,2,2,0,-7
2026-27,1631107,Nikola Jović,1610612748,MIA,0012600009,2026-10-03,MIA @ TOR,W,17.4,3,9,1,4,4,4,0,7,7,4,2,0,2,2,11,11
2026-27,1641796,Pelle Larsson,1610612748,MIA,0012600009,2026-10-03,MIA @ TOR,W,11.216666666666667,3,3,0,0,7,7,0,2,2,2,1,2,0,0,13,16
2026-27,1643553,Ryan Conwell,1610612748,MIA,0012600009,2026-10-03,MIA @ TOR,W,18.416666666666668,3,8,0,3,0,0,0,1,1,2,1,0,0,2,6,1
2026-27,1631323,Simone Fontecchio,1610612748,MIA,0012600009,2026-10-03,MIA @ TOR,W,11.216666666666667,2,4,0,2,0,0,0,2,2,1,2,0,1,0,4,16
2026-27,203501,Tim Hardaway Jr.,1610612748,MIA,0012600009,2026-10-03,MIA @ TOR,W,11.216666666666667,4,4,3,3,3,3,0,0,0,0,1,0,0,0,14,16
2026-27,1643621,Tre Donaldson,1610612748,MIA,0012600009,2026-10-03,MIA @ TOR,W,16.433333333333334,1,5,0,3,4,6,0,0,0,5,2,1,1,2,6,-1
2026-27,1642884,Vladislav Goldin,1610612748,MIA,0012600009,2026-10-03,MIA @ TOR,W,6.983333333333333,3,4,0,0,0,0,0,1,1,0,1,0,0,1,6,1
2026-27,1642935,Chucky Hepburn,1610612761,TOR,0012600009,2026-10-03,TOR vs. MIA,L,25.366666666666667,4,6,1,2,2,3,1,4,5,2,2,4,0,3,11,-13
2026-27,1642867,Collin Murray-Boyles,1610612761,TOR,0012600009,2026-10-03,TOR vs. MIA,L,20.083333333333332,3,10,0,1,0,1,4,5,9,1,0,0,0,2,6,-7
2026-27,1630193,Immanuel Quickley,1610612761,TOR,0012600009,2026-10-03,TOR vs. MIA,L,11.966666666666667,2,6,1,4,0,0,1,1,2,3,1,1,0,2,5,-8
2026-27,1642266,Ja'Kobe Walter,1610612761,TOR,0012600009,2026-10-03,TOR vs. MIA,L,17.566666666666666,3,8,2,6,0,0,0,5,5,1,1,0,0,2,8,8
2026-27,1643558,Jaden Bradley,1610612761,TOR,0012600009,2026-10-03,TOR vs. MIA,L,19.516666666666666,3,4,1,1,2,4,1,2,3,2,0,1,0,5,9,-20
2026-27,1627751,Jakob Poeltl,1610612761,TOR,0012600009,2026-10-03,TOR vs. MIA,L,17.7,3,3,0,0,3,4,0,1,1,1,1,2,1,3,9,8
2026-27,1642347,Jamal Shead,1610612761,TOR,0012600009,2026-10-03,TOR vs. MIA,L,27.783333333333335,1,7,0,3,1,2,2,3,5,8,3,2,1,0,3,-17
2026-27,1641869,Malachi Smith,1610612761,TOR,0012600009,2026-10-03,TOR vs. MIA,L,30.583333333333332,3,11,0,4,1,2,2,2,4,2,2,2,0,1,7,-31
2026-27,1643718,Nimari Burnett,1610612761,TOR,0012600009,2026-10-03,TOR vs. MIA,L,24.2,2,10,1,8,1,2,0,3,3,3,4,1,0,6,6,-20
2026-27,1629628,RJ Barrett,1610612761,TOR,0012600009,2026-10-03,TOR vs. MIA,L,17.416666666666668,3,9,2,4,7,8,0,3,3,1,1,1,0,1,15,7
2026-27,1630567,Scottie Barnes,1610612761,TOR,0012600009,2026-10-03,TOR vs. MIA,L,12.216666666666667,5,11,0,1,1,2,2,0,2,2,3,3,0,3,11,-16
2026-27,1642615,Tyreke Key,1610612761,TOR,0012600009,2026-10-03,TOR vs. MIA,L,15.6,5,9,4,7,1,2,0,1,1,0,1,0,0,2,15,-11
2026-27,201143,Al Horford,1610612744,GSW,0012600066,2026-10-04,GSW @ LAC,L,15.7,1,5,1,4,0,0,0,3,3,1,2,1,0,1,3,2
2026-27,1642893,Alex Toohey,1610612744,GSW,0012600066,2026-10-04,GSW @ LAC,L,8.066666666666666,1,2,0,0,0,0,0,0,0,1,0,1,2,0,2,-1
2026-27,1641764,Brandin Podziemski,1610612744,GSW,0012600066,2026-10-04,GSW @ LAC,L,17.6,2,10,1,4,2,4,0,2,2,2,1,1,0,1,7,7
2026-27,1630314,Brandon Williams,1610612744,GSW,0012600066,2026-10-04,GSW @ LAC,L,15.5,4,9,0,2,3,3,0,2,2,3,1,1,0,1,11,16
2026-27,1629646,Charles Bassey,1610612744,GSW,0012600066,2026-10-04,GSW @ LAC,L,16.233333333333334,6,10,0,0,0,2,6,2,8,1,3,2,0,3,12,-6
2026-27,1631207,Dalen Terry,1610612744,GSW,0012600066,2026-10-04,GSW @ LAC,L,10.766666666666667,2,4,0,1,1,2,1,4,5,2,0,0,0,2,5,-9
2026-27,1629001,De'Anthony Melton,1610612744,GSW,0012600066,2026-10-04,GSW @ LAC,L,16.2,1,4,0,2,0,0,0,1,1,2,1,0,0,2,2,-1
2026-27,203110,Draymond Green,1610612744,GSW,0012600066,2026-10-04,GSW @ LAC,L,13.866666666666667,0,1,0,1,2,2,0,2,2,2,0,3,0,1,2,-6
2026-27,1627780,Gary Payton II,1610612744,GSW,0012600066,2026-10-04,GSW @ LAC,L,11.783333333333333,3,5,0,1,0,2,0,0,0,1,0,2,0,1,6,14
2026-27,1627777,Georges Niang,1610612744,GSW,0012600066,2026-10-04,GSW @ LAC,L,12.3,2,6,0,3,0,0,0,2,2,0,0,0,0,3,4,2
2026-27,1643633,Graham Ike,1610612744,GSW,0012600066,2026-10-04,GSW @ LAC,L,16.066666666666666,3,7,0,2,5,5,1,4,5,1,2,2,1,3,11,1
2026-27,1630611,Gui Santos,1610612744,GSW,0012600066,2026-10-04,GSW @ LAC,L,17.266666666666666,3,7,1,2,2,2,1,3,4,0,2,0,0,2,9,-11
2026-27,1643018,LJ Cryer,1610612744,GSW,0012600066,2026-10-04,GSW @ LAC,L,2.55,0,3,0,1,1,2,0,0,0,0,0,0,0,0,1,-1
2026-27,1642502,Malevy Leons,1610612744,GSW,0012600066,2026-10-04,GSW @ LAC,L,9.933333333333334,3,5,0,1,2,3,2,0,2,1,1,1,0,1,8,-2
2026-27,1642939,Miles Kelly,1610612744,GSW,0012600066,2026-10-04,GSW @ LAC,L,7.116666666666666,1,4,0,2,0,0,0,0,0,1,1,0,0,2,2,-9
2026-27,201939,Stephen Curry,1610612744,GSW,0012600066,2026-10-04,GSW @ LAC,L,12.966666666666667,3,4,2,3,2,2,1,1,2,2,2,1,0,1,10,-14
2026-27,1642954,Will Richard,1610612744,GSW,0012600066,2026-10-04,GSW @ LAC,L,17.35,1,3,0,1,0,0,0,2,2,0,0,0,0,3,2,0
2026-27,1642865,Yaxel Lendeborg,1610612744,GSW,0012600066,2026-10-04,GSW @ LAC,L,18.733333333333334,1,6,1,3,1,2,1,8,9,3,0,0,1,3,4,3
2026-27,1642394,Baba Miller,1610612746,LAC,0012600066,2026-10-04,LAC vs. GSW,W,20.066666666666666,2,5,0,1,5,6,2,4,6,0,1,0,0,5,9,-4
2026-27,1631104,Blake Wesley,1610612746,LAC,0012600066,2026-10-04,LAC vs. GSW,W,17.583333333333332,3,5,0,0,2,3,0,3,3,1,1,1,1,1,8,1
2026-27,201572,Brook Lopez,1610612746,LAC,0012600066,2026-10-04,LAC vs. GSW,W,7.066666666666666,0,4,0,1,1,2,1,2,3,0,1,0,0,2,1,5
2026-27,1642353,Cam Christie,1610612746,LAC,0012600066,2026-10-04,LAC vs. GSW,W,28.066666666666666,2,8,0,3,4,4,1,7,8,3,5,0,0,1,8,7
2026-27,1629636,Darius Garland,1610612746,LAC,0012600066,2026-10-04,LAC vs. GSW,W,15.35,4,4,3,3,4,5,1,2,3,6,1,0,0,0,15,9
2026-27,1627884,Derrick Jones Jr.,1610612746,LAC,0012600066,2026-10-04,LAC vs. GSW,W,14.5,2,6,1,4,1,3,0,1,1,0,0,0,1,2,6,5
2026-27,1643630,Fletcher Loyer,1610612746,LAC,0012600066,2026-10-04,LAC vs. GSW,W,6.75,0,1,0,1,0,0,0,1,1,0,0,0,0,1,0,-10
2026-27,1641711,Gradey Dick,1610612746,LAC,0012600066,2026-10-04,LAC vs. GSW,W,16.066666666666666,1,5,0,1,2,2,2,4,6,1,1,0,0,3,4,0
2026-27,1630543,Isaiah Jackson,1610612746,LAC,0012600066,2026-10-04,LAC vs. GSW,W,16.933333333333334,2,3,0,0,0,0,0,4,4,3,3,1,2,0,4,7
2026-27,1629618,Jalen Pickett,1610612746,LAC,0012600066,2026-10-04,LAC vs. GSW,W,13.716666666666667,2,4,0,0,0,0,0,2,2,0,2,0,0,2,4,-8
2026-27,1643413,Keaton Wagler,1610612746,LAC,0012600066,2026-10-04,LAC vs. GSW,W,30.083333333333332,3,15,1,11,8,9,1,5,6,3,0,2,1,2,15,2
2026-27,1627739,Kris Dunn,1610612746,LAC,0012600066,2026-10-04,LAC vs. GSW,W,6.1,1,2,1,2,0,0,0,1,1,0,0,0,1,1,3,2
2026-27,1629622,Max Strus,1610612746,LAC,0012600066,2026-10-04,LAC vs. GSW,W,4.833333333333333,0,1,0,1,0,0,0,1,1,0,0,0,0,0,0,-2
2026-27,1643568,Nick Martinelli,1610612746,LAC,0012600066,2026-10-04,LAC vs. GSW,W,24.083333333333332,2,6,1,3,0,0,2,0,2,1,2,0,0,1,5,-3
2026-27,1629060,Rui Hachimura,1610612746,LAC,0012600066,2026-10-04,LAC vs. GSW,W,15.2,8,11,4,5,1,2,0,5,5,0,2,0,1,2,21,7
2026-27,1642530,Yuki Kawamura,1610612746,LAC,0012600066,2026-10-04,LAC vs. GSW,W,3.6,0,0,0,0,1,2,0,0,0,0,2,0,0,1,1,-3
2026-27,203932,Aaron Gordon,1610612743,DEN,0012600067,2026-10-04,DEN vs. UTA,L,6.466666666666667,2,3,0,1,1,1,0,2,2,0,0,0,0,0,5,-3
2026-27,1643813,Alpha Diallo,1610612743,DEN,0012600067,2026-10-04,DEN vs. UTA,L,13.45,0,2,0,0,2,2,1,2,3,2,1,0,0,2,2,-1
2026-27,1643624,Bryce Hopkins,1610612743,DEN,0012600067,2026-10-04,DEN vs. UTA,L,11.516666666666667,0,2,0,0,1,2,0,2,2,0,0,1,0,0,1,-10
2026-27,1641715,Cam Whitmore,1610612743,DEN,0012600067,2026-10-04,DEN vs. UTA,L,14.916666666666666,2,7,2,3,0,0,1,1,2,1,0,0,0,2,6,-3
2026-27,1629661,Cameron Johnson,1610612743,DEN,0012600067,2026-10-04,DEN vs. UTA,L,11.416666666666666,2,6,2,6,0,0,0,2,2,0,0,0,1,2,6,-5
2026-27,1631128,Christian Braun,1610612743,DEN,0012600067,2026-10-04,DEN vs. UTA,L,11.2,3,4,0,1,0,2,1,1,2,1,0,0,0,0,6,-11
2026-27,1641746,Coleman Hawkins,1610612743,DEN,0012600067,2026-10-04,DEN vs. UTA,L,3.033333333333333,0,1,0,0,0,0,0,0,0,0,0,0,0,0,0,1
2026-27,1641747,DaRon Holmes II,1610612743,DEN,0012600067,2026-10-04,DEN vs. UTA,L,11.75,2,6,0,3,0,0,0,1,1,1,0,0,1,1,4,-6
2026-27,1641863,Dane Goodwin,1610612743,DEN,0012600067,2026-10-04,DEN vs. UTA,L,3.033333333333333,0,0,0,0,0,0,0,1,1,0,0,0,0,0,0,1
2026-27,201942,DeMar DeRozan,1610612743,DEN,0012600067,2026-10-04,DEN vs. UTA,L,9.883333333333333,2,5,0,1,1,1,0,1,1,1,0,0,1,0,5,-8
2026-27,1641801,Emanuel Miller,1610612743,DEN,0012600067,2026-10-04,DEN vs. UTA,L,3.033333333333333,2,3,0,1,1,1,1,0,1,0,0,0,0,0,5,1
2026-27,1631124,Julian Strawther,1610612743,DEN,0012600067,2026-10-04,DEN vs. UTA,L,19.683333333333334,6,13,1,6,1,2,1,2,3,1,1,0,0,2,14,3
2026-27,1629022,Lonnie Walker IV,1610612743,DEN,0012600067,2026-10-04,DEN vs. UTA,L,9.2,1,4,1,4,0,0,0,3,3,2,0,1,1,0,3,1
2026-27,1628963,Marvin Bagley III,1610612743,DEN,0012600067,2026-10-04,DEN vs. UTA,L,14.283333333333333,2,7,0,1,1,2,2,5,7,0,2,0,0,0,5,4
2026-27,203999,Nikola Jokić,1610612743,DEN,0012600067,2026-10-04,DEN vs. UTA,L,11.2,0,0,0,0,0,0,0,3,3,6,0,1,1,0,0,-11
2026-27,1642948,Ryan Nembhard,1610612743,DEN,0012600067,2026-10-04,DEN vs. UTA,L,16.816666666666666,2,4,1,2,0,0,2,1,3,4,1,0,0,3,5,3
2026-27,1642350,Trevon Brazile,1610612743,DEN,0012600067,2026-10-04,DEN vs. UTA,L,20.133333333333333,3,4,1,2,0,0,1,2,3,0,0,0,2,4,7,-1
2026-27,1626145,Tyus Jones,1610612743,DEN,0012600067,2026-10-04,DEN vs. UTA,L,14.716666666666667,2,5,1,2,0,0,0,2,2,3,2,0,0,1,5,-4
2026-27,1630192,Zeke Nnaji,1610612743,DEN,0012600067,2026-10-04,DEN vs. UTA,L,14.683333333333334,0,4,0,2,3,4,1,2,3,1,2,0,1,3,3,-1
2026-27,1642846,Ace Bailey,1610612762,UTA,0012600067,2026-10-04,UTA @ DEN,W,15.966666666666667,5,10,0,2,0,0,2,2,4,0,1,1,1,2,10,7
2026-27,1642396,Blake Hinson,1610612762,UTA,0012600067,2026-10-04,UTA @ DEN,W,16.783333333333335,5,8,4,5,0,0,4,2,6,0,0,0,0,2,14,4
2026-27,1643408,Darryn Peterson,1610612762,UTA,0012600067,2026-10-04,UTA @ DEN,W,18.05,1,5,0,2,0,0,1,5,6,2,1,1,0,3,2,-4
2026-27,1631127,Harrison Ingram,1610612762,UTA,0012600067,2026-10-04,UTA @ DEN,W,12.0,3,7,0,2,0,0,0,1,1,0,1,0,0,2,6,1
2026-27,1642268,Isaiah Collier,1610612762,UTA,0012600067,2026-10-04,UTA @ DEN,W,13.766666666666667,2,3,1,2,1,1,0,4,4,2,0,0,0,1,6,1
2026-27,1628991,Jaren Jackson Jr.,1610612762,UTA,0012600067,2026-10-04,UTA @ DEN,W,15.533333333333333,2,5,1,3,1,2,1,2,3,2,1,0,0,3,6,-3
2026-27,1629637,Jaxson Hayes,1610612762,UTA,0012600067,2026-10-04,UTA @ DEN,W,19.1,1,2,0,0,0,1,0,3,3,4,1,0,3,0,2,-1
2026-27,1643265,Jonas Aidoo,1610612762,UTA,0012600067,2026-10-04,UTA @ DEN,W,3.033333333333333,0,1,0,1,0,0,0,2,2,0,0,0,0,0,0,-1
2026-27,1629006,Josh Okogie,1610612762,UTA,0012600067,2026-10-04,UTA @ DEN,W,14.616666666666667,1,3,1,3,0,0,1,0,1,1,0,0,0,1,3,-2
2026-27,203994,Jusuf Nurkić,1610612762,UTA,0012600067,2026-10-04,UTA @ DEN,W,10.2,0,4,0,2,2,2,0,4,4,4,0,1,1,2,2,6
2026-27,1641718,Keyonte George,1610612762,UTA,0012600067,2026-10-04,UTA @ DEN,W,18.316666666666666,5,7,1,2,4,5,0,4,4,2,1,0,0,4,15,8
2026-27,1628374,Lauri Markkanen,1610612762,UTA,0012600067,2026-10-04,UTA @ DEN,W,9.5,3,9,2,5,0,0,1,1,2,0,0,0,0,0,8,7
2026-27,1628964,Mo Bamba,1610612762,UTA,0012600067,2026-10-04,UTA @ DEN,W,11.75,2,4,0,0,2,2,2,5,7,2,0,0,0,0,6,6
2026-27,1629004,Svi Mykhailiuk,1610612762,UTA,0012600067,2026-10-04,UTA @ DEN,W,15.016666666666667,3,9,3,8,0,0,0,0,0,3,0,0,0,0,9,15
2026-27,1642926,Tamar Bates,1610612762,UTA,0012600067,2026-10-04,UTA @ DEN,W,14.783333333333333,0,3,0,2,0,0,1,1,2,1,1,0,0,3,0,5
2026-27,1641725,Trey Alexander,1610612762,UTA,0012600067,2026-10-04,UTA @ DEN,W,12.0,0,5,0,2,0,0,0,2,2,2,1,0,0,1,0,1
2026-27,1630598,Aaron Wiggins,1610612737,ATL,0012600004,2026-10-05,ATL vs. MEM,L,10.65,2,4,1,2,2,2,0,0,0,0,0,0,0,2,7,-13
2026-27,1642854,Asa Newell,1610612737,ATL,0012600004,2026-10-05,ATL vs. MEM,L,22.266666666666666,5,9,0,1,2,2,5,7,12,2,2,2,0,1,12,-5
2026-27,1643723,Cameron Corhen,1610612737,ATL,0012600004,2026-10-05,ATL vs. MEM,L,2.716666666666667,0,1,0,0,0,0,1,1,2,0,0,0,0,0,0,-1
2026-27,1630557,Corey Kispert,1610612737,ATL,0012600004,2026-10-05,ATL vs. MEM,L,20.266666666666666,7,11,4,7,1,2,1,3,4,2,1,1,0,4,19,-9
2026-27,1627827,Dorian Finney-Smith,1610612737,ATL,0012600004,2026-10-05,ATL vs. MEM,L,8.183333333333334,1,3,1,3,0,0,0,0,0,1,1,1,0,1,3,6
2026-27,1630700,Dyson Daniels,1610612737,ATL,0012600004,2026-10-05,ATL vs. MEM,L,17.85,2,6,0,4,2,5,1,3,4,2,1,0,0,0,6,-8
2026-27,1630552,Jalen Johnson,1610612737,ATL,0012600004,2026-10-05,ATL vs. MEM,L,17.85,1,7,0,3,6,6,1,4,5,3,2,1,0,1,8,-8
2026-27,1630592,Jalen Wilson,1610612737,ATL,0012600004,2026-10-05,ATL vs. MEM,L,14.566666666666666,3,6,2,3,4,5,0,0,0,0,0,1,0,3,12,8
2026-27,1629111,Jock Landale,1610612737,ATL,0012600004,2026-10-05,ATL vs. MEM,L,16.35,1,5,0,2,2,2,4,2,6,3,0,0,0,0,4,-9
2026-27,1642933,Keshon Gilbert,1610612737,ATL,0012600004,2026-10-05,ATL vs. MEM,L,14.916666666666666,1,3,0,0,0,0,0,1,1,2,3,1,0,0,2,7
2026-27,1643412,Kingston Flemings,1610612737,ATL,0012600004,2026-10-05,ATL vs. MEM,L,24.6,4,11,2,6,1,4,0,0,0,2,3,0,0,3,11,-12
2026-27,1642937,Kobe Johnson,1610612737,ATL,0012600004,2026-10-05,ATL vs. MEM,L,7.75,0,0,0,0,0,0,0,0,0,1,0,1,0,1,0,-1
2026-27,1629638,Nickeil Alexander-Walker,1610612737,ATL,0012600004,2026-10-05,ATL vs. MEM,L,15.733333333333333,6,9,1,4,1,1,0,1,1,0,0,1,0,1,14,-11
2026-27,1630168,Onyeka Okongwu,1610612737,ATL,0012600004,2026-10-05,ATL vs. MEM,L,14.483333333333333,3,4,1,2,1,2,1,3,4,2,1,0,1,2,8,-8
2026-27,1642484,RayJ Dennis,1610612737,ATL,0012600004,2026-10-05,ATL vs. MEM,L,17.666666666666668,5,10,2,5,0,0,0,3,3,3,3,2,0,2,12,12
2026-27,1643544,Zuby Ejiofor,1610612737,ATL,0012600004,2026-10-05,ATL vs. MEM,L,14.15,2,5,0,1,1,2,0,3,3,2,0,0,0,2,5,7
2026-27,1642285,Cam Spencer,1610612763,MEM,0012600004,2026-10-05,MEM @ ATL,W,14.05,2,3,2,3,2,2,1,3,4,2,3,0,0,2,8,4
2026-27,1643409,Cameron Boozer,1610612763,MEM,0012600004,2026-10-05,MEM @ ATL,W,18.25,5,9,0,3,1,3,3,2,5,4,1,2,0,2,11,5
2026-27,1643721,Carson Cooper,1610612763,MEM,0012600004,2026-10-05,MEM @ ATL,W,14.65,2,3,1,1,3,4,1,3,4,1,0,0,0,1,8,-3
2026-27,1642907,Cedric Coward,1610612763,MEM,0012600004,2026-10-05,MEM @ ATL,W,18.25,3,6,1,3,2,2,1,4,5,4,2,1,0,2,9,5
2026-27,1641713,GG Jackson,1610612763,MEM,0012600004,2026-10-05,MEM @ ATL,W,15.616666666666667,5,7,2,4,2,3,0,2,2,1,0,1,0,2,14,9
2026-27,1630191,Isaiah Stewart,1610612763,MEM,0012600004,2026-10-05,MEM @ ATL,W,2.1166666666666667,0,0,0,0,0,0,0,1,1,0,0,0,0,0,0,4
2026-27,1642942,Jahmai Mashack,1610612763,MEM,0012600004,2026-10-05,MEM @ ATL,W,7.883333333333334,1,1,0,0,0,0,0,1,1,1,1,0,0,0,2,-6
2026-27,1642914,Javon Small,1610612763,MEM,0012600004,2026-10-05,MEM @ ATL,W,12.55,2,9,1,6,3,4,0,1,1,4,1,0,0,1,8,-4
2026-27,1642377,Jaylen Wells,1610612763,MEM,0012600004,2026-10-05,MEM @ ATL,W,16.8,4,7,4,6,0,0,0,0,0,0,0,1,0,0,12,3
2026-27,203924,Jerami Grant,1610612763,MEM,0012600004,2026-10-05,MEM @ ATL,W,14.033333333333333,2,3,1,2,5,6,0,4,4,2,0,0,0,2,10,14
2026-27,1643510,Karim Lopez,1610612763,MEM,0012600004,2026-10-05,MEM @ ATL,W,7.883333333333334,1,2,0,0,0,0,1,0,1,0,0,2,1,1,2,-6
2026-27,1631200,Kris Murray,1610612763,MEM,0012600004,2026-10-05,MEM @ ATL,W,12.55,1,3,0,2,1,2,0,1,1,0,0,0,0,1,3,-4
2026-27,1641765,Olivier-Maxence Prosper,1610612763,MEM,0012600004,2026-10-05,MEM @ ATL,W,10.866666666666667,0,1,0,0,1,2,0,1,1,1,1,2,0,1,1,-3
2026-27,1642366,Quinten Post,1610612763,MEM,0012600004,2026-10-05,MEM @ ATL,W,12.25,3,6,2,3,0,0,1,3,4,0,0,0,0,0,8,9
2026-27,1630590,Scotty Pippen Jr.,1610612763,MEM,0012600004,2026-10-05,MEM @ ATL,W,15.616666666666667,3,5,2,3,2,2,0,0,0,4,2,1,0,3,10,9
2026-27,1641707,Taylor Hendricks,1610612763,MEM,0012600004,2026-10-05,MEM @ ATL,W,18.983333333333334,3,5,0,1,1,2,0,6,6,1,2,3,1,5,7,-1
2026-27,1629660,Ty Jerome,1610612763,MEM,0012600004,2026-10-05,MEM @ ATL,W,15.116666666666667,4,8,1,2,3,3,0,0,0,5,3,0,1,2,12,11
2026-27,1642383,Walter Clayton Jr.,1610612763,MEM,0012600004,2026-10-05,MEM @ ATL,W,12.533333333333333,2,5,1,4,2,2,1,0,1,2,2,0,0,1,7,-1
2026-27,1641709,Ausar Thompson,1610612765,DET,0012600022,2026-10-05,DET vs. PHX,W,18.3,5,8,0,0,0,1,1,1,2,2,1,3,1,1,10,2
2026-27,1642924,Brice Williams,1610612765,DET,0012600022,2026-10-05,DET vs. PHX,W,6.183333333333334,0,1,0,1,3,3,0,0,0,1,0,0,0,0,3,-1
2026-27,1630595,Cade Cunningham,1610612765,DET,0012600022,2026-10-05,DET vs. PHX,W,16.366666666666667,3,8,2,4,2,3,0,2,2,1,1,1,0,0,10,-14
2026-27,1642404,Chaz Lanier,1610612765,DET,0012600022,2026-10-05,DET vs. PHX,W,14.15,1,4,1,4,2,4,1,2,3,0,2,2,0,1,5,2
2026-27,1642450,Daniss Jenkins,1610612765,DET,0012600022,2026-10-05,DET vs. PHX,W,18.183333333333334,2,7,1,4,0,0,0,2,2,4,1,0,0,1,5,15
2026-27,1629130,Duncan Robinson,1610612765,DET,0012600022,2026-10-05,DET vs. PHX,W,13.166666666666666,3,4,3,3,0,0,0,0,0,1,3,0,0,3,9,-8
2026-27,1643536,Ebuka Okorie,1610612765,DET,0012600022,2026-10-05,DET vs. PHX,W,10.083333333333334,3,4,1,2,0,0,0,1,1,1,0,1,0,1,7,7
2026-27,1642403,Isaac Jones,1610612765,DET,0012600022,2026-10-05,DET vs. PHX,W,7.166666666666667,2,2,0,0,1,2,0,2,2,0,2,1,2,2,5,-4
2026-27,1630198,Isaiah Joe,1610612765,DET,0012600022,2026-10-05,DET vs. PHX,W,17.766666666666666,2,8,1,6,2,3,0,2,2,1,1,1,0,2,7,-3
2026-27,1629750,Javonte Green,1610612765,DET,0012600022,2026-10-05,DET vs. PHX,W,13.183333333333334,2,3,2,3,0,0,0,1,1,1,1,1,1,1,6,-4
2026-27,1628381,John Collins,1610612765,DET,0012600022,2026-10-05,DET vs. PHX,W,16.7,5,7,0,1,0,0,3,0,3,0,2,2,0,4,10,-2
2026-27,1628989,Kevin Huerter,1610612765,DET,0012600022,2026-10-05,DET vs. PHX,W,17.866666666666667,0,2,0,1,4,5,0,0,0,0,1,2,1,1,4,-3
2026-27,1630194,Paul Reed,1610612765,DET,0012600022,2026-10-05,DET vs. PHX,W,20.666666666666668,2,6,0,0,6,6,3,4,7,3,1,1,1,2,10,-3
2026-27,1641842,Ronald Holland II,1610612765,DET,0012600022,2026-10-05,DET vs. PHX,W,23.716666666666665,4,12,1,4,5,8,3,1,4,1,3,5,2,3,14,-1
2026-27,1627752,Taurean Prince,1610612765,DET,0012600022,2026-10-05,DET vs. PHX,W,10.783333333333333,1,3,1,3,0,0,1,0,1,0,1,1,0,2,3,14
2026-27,1642449,Tolu Smith,1610612765,DET,0012600022,2026-10-05,DET vs. PHX,W,15.716666666666667,0,0,0,0,1,6,1,4,5,1,0,0,0,4,1,13
2026-27,1631221,Collin Gillespie,1610612756,PHX,0012600022,2026-10-05,PHX @ DET,L,16.716666666666665,3,3,2,2,0,0,0,1,1,1,3,1,1,0,8,6
2026-27,1626164,Devin Booker,1610612756,PHX,0012600022,2026-10-05,PHX @ DET,L,15.75,4,7,1,4,4,4,0,3,3,3,2,0,0,0,13,18
2026-27,1628415,Dillon Brooks,1610612756,PHX,0012600022,2026-10-05,PHX @ DET,L,15.75,4,7,2,4,1,2,1,1,2,0,0,0,0,4,11,18
2026-27,1641871,Duop Reath,1610612756,PHX,0012600022,2026-10-05,PHX @ DET,L,8.5,0,1,0,1,2,2,0,1,1,0,1,0,0,3,2,-10
2026-27,1629312,Haywood Highsmith,1610612756,PHX,0012600022,2026-10-05,PHX @ DET,L,15.716666666666667,1,1,0,0,0,0,2,2,4,0,5,0,0,1,2,-16
2026-27,1630224,Jalen Green,1610612756,PHX,0012600022,2026-10-05,PHX @ DET,L,15.316666666666666,3,6,1,4,4,6,0,2,2,1,1,0,0,0,11,10
2026-27,1631123,Jamaree Bouyea,1610612756,PHX,0012600022,2026-10-05,PHX @ DET,L,17.333333333333332,3,9,2,5,1,3,0,2,2,2,4,1,0,1,9,-19
2026-27,1630692,Jordan Goodwin,1610612756,PHX,0012600022,2026-10-05,PHX @ DET,L,11.266666666666667,3,6,1,2,0,1,3,3,6,1,1,3,0,1,7,5
2026-27,1631113,Kennedy Chandler,1610612756,PHX,0012600022,2026-10-05,PHX @ DET,L,8.85,3,5,2,2,0,0,0,1,1,0,0,1,0,1,8,1
2026-27,1642863,Khaman Maluach,1610612756,PHX,0012600022,2026-10-05,PHX @ DET,L,16.783333333333335,3,5,0,1,0,3,0,2,2,0,0,0,1,3,6,2
2026-27,1643520,Koa Peat,1610612756,PHX,0012600022,2026-10-05,PHX @ DET,L,12.2,2,5,0,0,0,3,1,3,4,0,2,0,0,4,4,-9
2026-27,1628379,Luke Kennard,1610612756,PHX,0012600022,2026-10-05,PHX @ DET,L,15.183333333333334,3,5,1,3,2,2,1,1,2,2,2,0,0,2,9,-7
2026-27,1628970,Miles Bridges,1610612756,PHX,0012600022,2026-10-05,PHX @ DET,L,14.15,3,8,1,3,1,1,2,3,5,4,1,1,0,0,8,9
2026-27,1642345,Oso Ighodaro,1610612756,PHX,0012600022,2026-10-05,PHX @ DET,L,14.15,1,1,0,0,1,2,1,4,5,2,1,1,0,2,3,9
2026-27,1630311,Pat Spencer,1610612756,PHX,0012600022,2026-10-05,PHX @ DET,L,7.25,0,2,0,0,1,2,0,0,0,1,2,1,0,0,1,-8
2026-27,1642853,Rasheer Fleming,1610612756,PHX,0012600022,2026-10-05,PHX @ DET,L,18.933333333333334,1,4,1,2,0,2,2,3,5,1,1,2,0,5,3,-9
2026-27,1642346,Ryan Dunn,1610612756,PHX,0012600022,2026-10-05,PHX @ DET,L,16.15,1,3,0,2,0,0,1,1,2,1,3,1,0,2,2,-10
2026-27,203083,Andre Drummond,1610612752,NYK,0012600023,2026-10-05,NYK @ PHI,L,11.966666666666667,2,5,0,1,2,5,1,4,5,1,0,0,3,3,6,9
2026-27,1628971,Bruce Brown,1610612752,NYK,0012600023,2026-10-05,NYK @ PHI,L,10.316666666666666,1,3,0,1,0,0,0,0,0,0,1,0,0,4,2,-14
2026-27,1629234,Drew Eubanks,1610612752,NYK,0012600023,2026-10-05,NYK @ PHI,L,5.916666666666667,0,0,0,0,1,2,0,1,1,0,1,0,0,2,1,-7
2026-27,1643022,Jaden Akins,1610612752,NYK,0012600023,2026-10-05,NYK @ PHI,L,8.283333333333333,1,2,1,1,0,0,0,0,0,3,1,0,0,2,3,-5
2026-27,1628973,Jalen Brunson,1610612752,NYK,0012600023,2026-10-05,NYK @ PHI,L,14.85,4,8,2,5,2,2,0,4,4,3,0,0,0,1,12,-10
2026-27,1630164,James Wiseman,1610612752,NYK,0012600023,2026-10-05,NYK @ PHI,L,9.183333333333334,3,4,0,0,2,6,2,3,5,0,1,0,1,2,8,-13
2026-27,203903,Jordan Clarkson,1610612752,NYK,0012600023,2026-10-05,NYK @ PHI,L,14.066666666666666,2,8,0,2,2,4,3,1,4,1,2,0,0,1,6,-19
2026-27,1628404,Josh Hart,1610612752,NYK,0012600023,2026-10-05,NYK @ PHI,L,13.483333333333333,1,1,0,0,0,0,0,1,1,0,1,0,0,2,2,-7
2026-27,1626157,Karl-Anthony Towns,1610612752,NYK,0012600023,2026-10-05,NYK @ PHI,L,14.85,2,4,1,3,0,0,0,5,5,2,2,0,0,2,5,-10
2026-27,1641755,Kevin McCullar Jr.,1610612752,NYK,0012600023,2026-10-05,NYK @ PHI,L,9.8,2,5,0,3,2,2,1,3,4,1,2,0,1,1,6,-6
2026-27,1629013,Landry Shamet,1610612752,NYK,0012600023,2026-10-05,NYK @ PHI,L,11.333333333333334,4,8,2,5,0,0,0,0,0,0,0,0,0,0,10,7
2026-27,1628969,Mikal Bridges,1610612752,NYK,0012600023,2026-10-05,NYK @ PHI,L,15.066666666666666,1,5,0,0,1,2,2,1,3,3,0,0,0,0,3,-8
2026-27,1630540,Miles McBride,1610612752,NYK,0012600023,2026-10-05,NYK @ PHI,L,11.816666666666666,0,4,0,4,0,0,0,1,1,3,0,0,0,1,0,7
2026-27,1642885,Mohamed Diawara,1610612752,NYK,0012600023,2026-10-05,NYK @ PHI,L,17.483333333333334,4,8,0,3,0,0,1,4,5,0,2,1,1,1,8,-7
2026-27,1628384,OG Anunoby,1610612752,NYK,0012600023,2026-10-05,NYK @ PHI,L,14.466666666666667,3,7,0,3,6,6,3,3,6,0,0,0,0,1,12,1
2026-27,1630534,Ochai Agbaji,1610612752,NYK,0012600023,2026-10-05,NYK @ PHI,L,8.116666666666667,0,3,0,3,1,2,0,1,1,0,0,0,0,0,1,-11
2026-27,1642359,Pacôme Dadiet,1610612752,NYK,0012600023,2026-10-05,NYK @ PHI,L,17.883333333333333,2,6,1,2,0,0,0,3,3,0,0,0,0,4,5,-18
2026-27,1628396,Tony Bradley,1610612752,NYK,0012600023,2026-10-05,NYK @ PHI,L,6.083333333333333,1,1,0,0,0,0,0,0,0,0,0,0,0,0,2,-2
2026-27,1642278,Tyler Kolek,1610612752,NYK,0012600023,2026-10-05,NYK @ PHI,L,16.75,2,5,1,3,0,1,1,1,2,5,0,0,1,0,5,3
2026-27,1643589,Tyler Nickel,1610612752,NYK,0012600023,2026-10-05,NYK @ PHI,L,8.283333333333333,0,4,0,2,0,0,1,0,1,1,0,0,1,0,0,-5
2026-27,1630574,Ariel Hukporti,1610612755,PHI,0012600023,2026-10-05,PHI vs. NYK,W,4.9,0,1,0,1,0,0,0,0,0,1,0,0,0,0,0,-2
2026-27,1631126,Caleb Love,1610612755,PHI,0012600023,2026-10-05,PHI vs. NYK,W,23.55,4,10,3,6,4,6,0,3,3,6,0,0,2,0,15,18
2026-27,1629731,Dean Wade,1610612755,PHI,0012600023,2026-10-05,PHI vs. NYK,W,13.116666666666667,1,3,0,2,0,0,1,4,5,0,0,1,0,2,2,6
2026-27,1641794,Dillon Jones,1610612755,PHI,0012600023,2026-10-05,PHI vs. NYK,W,18.116666666666667,3,6,1,2,4,4,2,4,6,2,1,0,0,3,11,21
2026-27,1643575,Duke Miles,1610612755,PHI,0012600023,2026-10-05,PHI vs. NYK,W,8.6,1,5,1,3,1,2,0,1,1,1,0,0,0,0,4,5
2026-27,1631133,Jabari Walker,1610612755,PHI,0012600023,2026-10-05,PHI vs. NYK,W,19.315,4,9,3,5,0,0,2,9,11,1,1,1,0,3,11,3
2026-27,1642392,Jameer Nelson Jr.,1610612755,PHI,0012600023,2026-10-05,PHI vs. NYK,W,15.033333333333333,2,5,0,1,3,3,1,1,2,0,2,1,2,3,7,15
2026-27,1627759,Jaylen Brown,1610612755,PHI,0012600023,2026-10-05,PHI vs. NYK,W,16.85,8,13,3,5,3,5,1,1,2,2,0,0,1,2,22,7
2026-27,1642348,Justin Edwards,1610612755,PHI,0012600023,2026-10-05,PHI vs. NYK,W,23.685,2,5,2,5,0,0,0,1,1,1,2,1,2,1,6,0
2026-27,203484,Kentavious Caldwell-Pope,1610612755,PHI,0012600023,2026-10-05,PHI vs. NYK,W,12.85,3,6,1,2,0,0,0,2,2,2,0,1,0,1,7,3
2026-27,1642889,Labaron Philon,1610612755,PHI,0012600023,2026-10-05,PHI vs. NYK,W,24.666666666666668,2,9,0,4,2,2,0,2,2,4,0,0,0,1,6,-2
2026-27,1641712,Rayan Rupert,1610612755,PHI,0012600023,2026-10-05,PHI vs. NYK,W,24.7,2,8,2,5,0,0,0,4,4,1,1,0,0,4,6,12
2026-27,1643148,Saint Thomas,1610612755,PHI,0012600023,2026-10-05,PHI vs. NYK,W,15.1,5,8,0,2,1,1,3,7,10,1,1,1,0,4,11,17
2026-27,1642845,VJ Edgecombe,1610612755,PHI,0012600023,2026-10-05,PHI vs. NYK,W,19.516666666666666,4,9,0,3,4,5,0,4,4,7,0,0,0,1,12,12
2026-27,1631260,AJ Green,1610612749,MIL,0012600024,2026-10-05,MIL vs. MIN,L,21.8,2,8,2,6,0,0,1,4,5,2,2,0,0,1,6,-2
2026-27,1643415,Brayden Burries,1610612749,MIL,0012600024,2026-10-05,MIL vs. MIN,L,16.15,3,10,1,3,0,0,2,0,2,5,3,2,0,4,7,-12
2026-27,1627747,Caris LeVert,1610612749,MIL,0012600024,2026-10-05,MIL vs. MIN,L,10.683333333333334,0,2,0,0,0,0,0,0,0,1,4,0,0,1,0,-16
2026-27,1629018,Gary Trent Jr.,1610612749,MIL,0012600024,2026-10-05,MIL vs. MIN,L,18.116666666666667,3,9,3,8,2,2,0,1,1,1,0,0,0,0,11,-8
2026-27,1631170,Jaime Jaquez Jr.,1610612749,MIL,0012600024,2026-10-05,MIL vs. MIN,L,18.35,2,7,1,4,0,0,1,0,1,1,2,0,0,2,5,-7
2026-27,1630579,Jericho Sims,1610612749,MIL,0012600024,2026-10-05,MIL vs. MIN,L,19.483333333333334,1,1,0,0,0,2,2,1,3,1,0,0,0,3,2,0
2026-27,1642276,Kel'el Ware,1610612749,MIL,0012600024,2026-10-05,MIL vs. MIN,L,23.55,5,11,2,6,2,2,3,9,12,0,0,1,1,3,14,-10
2026-27,1629645,Kevin Porter Jr.,1610612749,MIL,0012600024,2026-10-05,MIL vs. MIN,L,18.683333333333334,1,6,0,1,5,9,2,1,3,2,1,0,0,3,7,-10
2026-27,1628398,Kyle Kuzma,1610612749,MIL,0012600024,2026-10-05,MIL vs. MIN,L,20.033333333333335,0,6,0,2,1,2,0,5,5,1,0,0,0,2,1,-13
2026-27,1626167,Myles Turner,1610612749,MIL,0012600024,2026-10-05,MIL vs. MIN,L,19.116666666666667,1,5,1,4,4,4,0,5,5,1,1,1,1,1,7,-6
2026-27,1643417,Nate Ament,1610612749,MIL,0012600024,2026-10-05,MIL vs. MIN,L,13.75,2,4,1,1,3,3,1,1,2,0,0,0,0,2,8,-5
2026-27,1631250,Pete Nance,1610612749,MIL,0012600024,2026-10-05,MIL vs. MIN,L,6.7,1,1,1,1,0,0,0,1,1,0,0,0,0,0,3,-4
2026-27,1631157,Ryan Rollins,1610612749,MIL,0012600024,2026-10-05,MIL vs. MIN,L,14.233333333333333,6,12,2,7,1,1,2,2,4,1,0,1,1,6,15,9
2026-27,1629639,Tyler Herro,1610612749,MIL,0012600024,2026-10-05,MIL vs. MIN,L,19.35,3,9,2,4,3,3,0,3,3,3,4,0,0,0,11,-11
2026-27,1630162,Anthony Edwards,1610612750,MIN,0012600024,2026-10-05,MIN @ MIL,W,18.083333333333332,4,13,1,7,5,5,0,4,4,2,2,0,2,3,14,13
2026-27,1641810,Antonio Reeves,1610612750,MIN,0012600024,2026-10-05,MIN @ MIL,W,12.0,5,5,2,2,0,0,2,1,3,2,0,1,0,0,12,14
2026-27,1630245,Ayo Dosunmu,1610612750,MIN,0012600024,2026-10-05,MIN @ MIL,W,12.85,2,5,1,2,0,0,0,3,3,0,0,0,0,0,5,-5
2026-27,1630538,Bones Hyland,1610612750,MIN,0012600024,2026-10-05,MIN @ MIL,W,8.983333333333333,0,2,0,1,0,0,0,2,2,2,1,1,0,0,0,5
2026-27,1642262,Cody Williams,1610612750,MIN,0012600024,2026-10-05,MIN @ MIL,W,9.983333333333333,1,3,0,2,3,4,0,2,2,4,0,0,0,1,5,9
2026-27,1631166,Drew Timme,1610612750,MIN,0012600024,2026-10-05,MIN @ MIL,W,6.45,1,1,1,1,0,0,0,0,0,1,0,2,0,0,3,6
2026-27,1642402,Enrique Freeman,1610612750,MIN,0012600024,2026-10-05,MIN @ MIL,W,6.15,1,3,0,1,2,2,1,1,2,0,0,0,0,1,4,-2
2026-27,1642912,Isaiah Evans,1610612750,MIN,0012600024,2026-10-05,MIN @ MIL,W,8.166666666666666,0,6,0,4,2,2,0,3,3,0,1,1,0,0,2,3
2026-27,1630183,Jaden McDaniels,1610612750,MIN,0012600024,2026-10-05,MIN @ MIL,W,14.733333333333333,4,5,1,1,0,0,0,3,3,1,0,0,0,0,9,10
2026-27,1641740,Jaylen Clark,1610612750,MIN,0012600024,2026-10-05,MIN @ MIL,W,9.9,0,2,0,1,0,0,0,0,0,2,0,1,2,1,0,4
2026-27,1642866,Joan Beringer,1610612750,MIN,0012600024,2026-10-05,MIN @ MIL,W,15.268333333333333,5,8,0,0,2,4,2,5,7,0,2,0,1,4,12,7
2026-27,1630228,Jonathan Kuminga,1610612750,MIN,0012600024,2026-10-05,MIN @ MIL,W,14.116666666666667,2,4,0,1,4,4,0,2,2,0,0,0,0,2,8,12
2026-27,1630231,KJ Martin,1610612750,MIN,0012600024,2026-10-05,MIN @ MIL,W,8.633333333333333,2,3,0,0,0,0,0,1,1,0,0,0,0,2,4,5
2026-27,1630163,LaMelo Ball,1610612750,MIN,0012600024,2026-10-05,MIN @ MIL,W,16.833333333333332,3,6,2,5,3,3,0,4,4,3,1,1,0,1,11,2
2026-27,1641807,Norchad Omier,1610612750,MIN,0012600024,2026-10-05,MIN @ MIL,W,9.05,1,2,0,1,0,0,1,1,2,1,2,1,0,1,2,7
2026-27,1642911,Rocco Zikarsky,1610612750,MIN,0012600024,2026-10-05,MIN @ MIL,W,8.066666666666666,0,1,0,1,0,0,0,1,1,0,0,0,1,2,0,-1
2026-27,203497,Rudy Gobert,1610612750,MIN,0012600024,2026-10-05,MIN @ MIL,W,16.631666666666668,3,4,0,0,0,0,1,6,7,0,1,0,0,1,6,6
2026-27,1630545,Terrence Shannon Jr,1610612750,MIN,0012600024,2026-10-05,MIN @ MIL,W,15.733333333333333,1,5,0,1,4,6,0,1,1,4,0,1,1,2,6,-5
2026-27,1626168,Trey Lyles,1610612750,MIN,0012600024,2026-10-05,MIN @ MIL,W,12.1,1,4,1,4,0,0,2,0,2,0,0,0,0,1,3,2
2026-27,1642389,Zyon Pullin,1610612750,MIN,0012600024,2026-10-05,MIN @ MIL,W,16.266666666666666,4,5,0,0,2,4,0,2,2,1,1,0,0,1,10,3
2026-27,1642876,Adou Thiero,1610612747,LAL,0012600028,2026-10-05,LAL @ SAC,W,17.116666666666667,1,2,0,1,1,2,0,4,4,4,1,2,0,2,3,21
2026-27,1642355,Bronny James,1610612747,LAL,0012600028,2026-10-05,LAL @ SAC,W,15.883333333333333,1,5,1,2,0,0,0,5,5,2,1,0,1,4,3,7
2026-27,1643418,Cameron Carr,1610612747,LAL,0012600028,2026-10-05,LAL @ SAC,W,22.533333333333335,7,13,3,7,2,2,0,3,3,2,0,2,0,3,19,6
2026-27,1643024,Chris Mañon,1610612747,LAL,0012600028,2026-10-05,LAL @ SAC,W,12.0,2,3,0,0,8,10,2,3,5,1,3,1,1,4,12,2
2026-27,1642261,Dalton Knecht,1610612747,LAL,0012600028,2026-10-05,LAL @ SAC,W,12.0,0,1,0,1,0,0,0,2,2,1,1,0,0,0,0,2
2026-27,1630702,Jaden Hardy,1610612747,LAL,0012600028,2026-10-05,LAL @ SAC,W,13.85,3,6,2,5,0,1,0,1,1,1,3,0,0,3,8,3
2026-27,1631222,Jake LaRavia,1610612747,LAL,0012600028,2026-10-05,LAL @ SAC,W,20.55,5,6,2,3,0,3,2,1,3,2,1,2,2,3,12,27
2026-27,1629020,Jarred Vanderbilt,1610612747,LAL,0012600028,2026-10-05,LAL @ SAC,W,10.6,2,4,0,2,0,0,0,2,2,1,2,0,0,3,4,-3
2026-27,1626172,Kevon Looney,1610612747,LAL,0012600028,2026-10-05,LAL @ SAC,W,17.6,1,3,0,0,0,0,4,5,9,3,1,1,0,1,2,13
2026-27,1629029,Luka Dončić,1610612747,LAL,0012600028,2026-10-05,LAL @ SAC,W,15.966666666666667,5,12,3,9,8,9,0,2,2,3,5,2,0,1,21,12
2026-27,1629680,Matisse Thybulle,1610612747,LAL,0012600028,2026-10-05,LAL @ SAC,W,18.366666666666667,2,6,2,4,0,0,0,0,0,1,0,2,0,0,6,3
2026-27,1629656,Quentin Grimes,1610612747,LAL,0012600028,2026-10-05,LAL @ SAC,W,19.283333333333335,5,7,2,3,4,4,0,0,0,1,0,0,0,2,16,9
2026-27,1630572,Sandro Mamukelashvili,1610612747,LAL,0012600028,2026-10-05,LAL @ SAC,W,19.133333333333333,3,8,2,4,0,0,0,1,1,5,3,2,0,2,8,9
2026-27,1643759,William Kyle,1610612747,LAL,0012600028,2026-10-05,LAL @ SAC,W,4.5,0,0,0,0,0,0,0,1,1,1,0,0,0,0,0,5
2026-27,1630533,Ziaire Williams,1610612747,LAL,0012600028,2026-10-05,LAL @ SAC,W,20.616666666666667,4,6,3,3,2,2,1,0,1,1,0,1,0,3,13,4
2026-27,1641745,Adam Flagler,1610612758,SAC,0012600028,2026-10-05,SAC vs. LAL,L,0.8566666666666667,0,0,0,0,0,0,0,0,0,0,0,0,0,0,0,0
2026-27,1642284,Alex Karaban,1610612758,SAC,0012600028,2026-10-05,SAC vs. LAL,L,16.15,1,3,0,1,1,1,0,3,3,2,1,2,0,1,3,-5
2026-27,1631342,Daeqwon Plowden,1610612758,SAC,0012600028,2026-10-05,SAC vs. LAL,L,24.55,3,9,1,5,5,6,0,5,5,1,3,1,0,3,12,-6
2026-27,1643411,Darius Acuff Jr.,1610612758,SAC,0012600028,2026-10-05,SAC vs. LAL,L,27.416666666666668,8,17,1,4,2,2,0,2,2,4,5,1,1,2,19,-13
2026-27,1629631,De'Andre Hunter,1610612758,SAC,0012600028,2026-10-05,SAC vs. LAL,L,13.45,0,0,0,0,3,3,0,0,0,0,0,0,0,2,3,-16
2026-27,1627734,Domantas Sabonis,1610612758,SAC,0012600028,2026-10-05,SAC vs. LAL,L,10.133333333333333,1,2,0,1,2,2,1,2,3,3,3,0,0,5,4,-13
2026-27,1642928,Dylan Cardwell,1610612758,SAC,0012600028,2026-10-05,SAC vs. LAL,L,28.783333333333335,4,7,0,0,1,2,4,6,10,3,3,3,1,5,9,-6
2026-27,203901,Elfrid Payton,1610612758,SAC,0012600028,2026-10-05,SAC vs. LAL,L,7.45,0,1,0,0,0,0,1,2,3,0,0,0,0,1,0,-5
2026-27,1643567,Emanuel Sharp,1610612758,SAC,0012600028,2026-10-05,SAC vs. LAL,L,29.976666666666667,2,11,1,8,2,2,1,0,1,2,3,2,0,6,7,-1
2026-27,1642875,Maxime Raynaud,1610612758,SAC,0012600028,2026-10-05,SAC vs. LAL,L,24.366666666666667,5,11,0,2,2,2,3,5,8,2,5,0,0,3,12,-16
2026-27,1642363,Nique Clifford,1610612758,SAC,0012600028,2026-10-05,SAC vs. LAL,L,28.4,8,13,1,2,6,10,3,6,9,2,1,0,0,3,23,4
2026-27,1630173,Precious Achiuwa,1610612758,SAC,0012600028,2026-10-05,SAC vs. LAL,L,13.016666666666667,1,2,0,0,0,2,0,1,1,1,0,1,0,1,2,-18
2026-27,203897,Zach LaVine,1610612758,SAC,0012600028,2026-10-05,SAC vs. LAL,L,15.45,4,6,0,0,1,2,0,1,1,0,2,0,0,0,9,-25
2026-27,1642893,Alex Toohey,1610612744,GSW,0012600010,2026-10-06,GSW vs. LAL,W,3.1,1,1,1,1,0,0,1,0,1,0,0,0,0,0,3,9
2026-27,1641764,Brandin Podziemski,1610612744,GSW,0012600010,2026-10-06,GSW vs. LAL,W,19.45,7,11,1,3,1,2,0,2,2,1,2,1,1,1,16,12
2026-27,1630314,Brandon Williams,1610612744,GSW,0012600010,2026-10-06,GSW vs. LAL,W,18.116666666666667,3,6,0,1,4,4,0,2,2,1,5,1,1,2,10,1
2026-27,1629646,Charles Bassey,1610612744,GSW,0012600010,2026-10-06,GSW vs. LAL,W,14.25,2,4,0,0,0,0,1,5,6,2,0,1,3,1,4,15
2026-27,1631207,Dalen Terry,1610612744,GSW,0012600010,2026-10-06,GSW vs. LAL,W,8.05,1,2,0,1,2,2,0,1,1,1,1,1,0,2,4,6
2026-27,1629001,De'Anthony Melton,1610612744,GSW,0012600010,2026-10-06,GSW vs. LAL,W,17.7,2,7,1,4,4,4,1,0,1,3,2,1,0,1,9,-5
2026-27,203110,Draymond Green,1610612744,GSW,0012600010,2026-10-06,GSW vs. LAL,W,14.866666666666667,1,1,1,1,0,0,0,2,2,8,2,1,0,3,3,25
2026-27,1627780,Gary Payton II,1610612744,GSW,0012600010,2026-10-06,GSW vs. LAL,W,15.933333333333334,1,2,1,1,1,2,3,2,5,1,2,1,0,2,4,14
2026-27,1627777,Georges Niang,1610612744,GSW,0012600010,2026-10-06,GSW vs. LAL,W,18.533333333333335,2,8,1,3,2,2,0,1,1,0,0,1,0,2,7,5
2026-27,1643633,Graham Ike,1610612744,GSW,0012600010,2026-10-06,GSW vs. LAL,W,12.333333333333334,1,4,0,1,4,4,3,4,7,3,2,0,0,3,6,-12
2026-27,1630611,Gui Santos,1610612744,GSW,0012600010,2026-10-06,GSW vs. LAL,W,21.333333333333332,2,3,0,1,3,4,0,3,3,2,1,1,1,0,7,13
2026-27,1643018,LJ Cryer,1610612744,GSW,0012600010,2026-10-06,GSW vs. LAL,W,9.116666666666667,1,5,0,4,0,0,0,0,0,1,2,1,0,0,2,-6
2026-27,1642502,Malevy Leons,1610612744,GSW,0012600010,2026-10-06,GSW vs. LAL,W,10.333333333333334,2,3,1,1,0,0,0,1,1,1,1,0,0,0,5,2
2026-27,1642939,Miles Kelly,1610612744,GSW,0012600010,2026-10-06,GSW vs. LAL,W,5.916666666666667,2,2,2,2,0,0,0,0,0,0,1,0,1,2,6,-1
2026-27,201939,Stephen Curry,1610612744,GSW,0012600010,2026-10-06,GSW vs. LAL,W,14.316666666666666,4,7,3,6,5,6,0,2,2,5,0,0,0,2,16,26
2026-27,1642954,Will Richard,1610612744,GSW,0012600010,2026-10-06,GSW vs. LAL,W,15.2,2,3,1,2,0,0,0,1,1,1,0,0,1,2,5,5
2026-27,1642865,Yaxel Lendeborg,1610612744,GSW,0012600010,2026-10-06,GSW vs. LAL,W,21.45,7,11,2,3,1,2,2,7,9,2,2,0,1,1,17,21
2026-27,1643758,AK Okereke,1610612747,LAL,0012600010,2026-10-06,LAL @ GSW,L,13.266666666666667,1,3,0,1,2,2,1,2,3,2,0,0,0,2,4,-1
2026-27,1642876,Adou Thiero,1610612747,LAL,0012600010,2026-10-06,LAL @ GSW,L,16.95,3,6,0,2,1,3,0,4,4,0,2,0,0,2,7,-12
2026-27,1642355,Bronny James,1610612747,LAL,0012600010,2026-10-06,LAL @ GSW,L,20.966666666666665,2,5,0,2,0,0,0,1,1,5,3,0,0,4,4,-13
2026-27,1643418,Cameron Carr,1610612747,LAL,0012600010,2026-10-06,LAL @ GSW,L,12.166666666666666,1,4,1,3,2,2,0,0,0,0,2,2,0,2,5,-12
2026-27,1643024,Chris Mañon,1610612747,LAL,0012600010,2026-10-06,LAL @ GSW,L,22.3,3,8,1,3,0,0,1,3,4,0,1,2,1,2,7,-2
2026-27,1631306,Cole Swider,1610612747,LAL,0012600010,2026-10-06,LAL @ GSW,L,12.0,3,7,3,4,0,0,1,1,2,0,0,0,0,1,9,-5
2026-27,1642261,Dalton Knecht,1610612747,LAL,0012600010,2026-10-06,LAL @ GSW,L,21.866666666666667,3,8,1,4,4,4,1,0,1,1,3,0,0,2,11,3
2026-27,1630702,Jaden Hardy,1610612747,LAL,0012600010,2026-10-06,LAL @ GSW,L,18.766666666666666,4,12,1,6,4,4,0,4,4,3,5,2,0,3,13,-9
2026-27,1631222,Jake LaRavia,1610612747,LAL,0012600010,2026-10-06,LAL @ GSW,L,22.3,3,7,1,2,2,3,0,3,3,1,1,3,1,2,9,-24
2026-27,1629020,Jarred Vanderbilt,1610612747,LAL,0012600010,2026-10-06,LAL @ GSW,L,15.5,1,2,0,0,0,0,2,3,5,1,1,3,1,0,2,-2
2026-27,1626172,Kevon Looney,1610612747,LAL,0012600010,2026-10-06,LAL @ GSW,L,13.033333333333333,0,1,0,0,0,0,1,2,3,2,0,0,1,3,0,-6
2026-27,1629656,Quentin Grimes,1610612747,LAL,0012600010,2026-10-06,LAL @ GSW,L,23.083333333333332,3,8,2,6,4,5,0,1,1,3,3,1,0,3,12,-24
2026-27,1630572,Sandro Mamukelashvili,1610612747,LAL,0012600010,2026-10-06,LAL @ GSW,L,18.133333333333333,6,10,3,4,0,0,1,1,2,2,1,0,1,1,15,-20
2026-27,1643759,William Kyle,1610612747,LAL,0012600010,2026-10-06,LAL @ GSW,L,9.666666666666666,0,2,0,0,0,0,2,0,2,0,0,0,0,2,0,-3
2026-27,1643750,Ben Humrichous,1610612751,BKN,0012600025,2026-10-06,BKN @ CHA,W,3.5,0,1,0,1,0,0,0,0,0,0,0,0,0,0,0,-1
2026-27,1642879,Ben Saraf,1610612751,BKN,0012600025,2026-10-06,BKN @ CHA,W,14.65,3,7,2,4,0,0,0,2,2,2,1,0,0,0,8,15
2026-27,1643052,Chaney Johnson,1610612751,BKN,0012600025,2026-10-06,BKN @ CHA,W,17.35,3,3,0,0,0,0,2,0,2,0,0,1,0,2,6,11
2026-27,1643120,Dain Dainja,1610612751,BKN,0012600025,2026-10-06,BKN @ CHA,W,3.5,0,0,0,0,0,0,0,0,0,0,0,0,0,2,0,-1
2026-27,1642874,Danny Wolf,1610612751,BKN,0012600025,2026-10-06,BKN @ CHA,W,14.883333333333333,3,4,1,1,2,4,0,3,3,5,1,0,0,3,9,18
2026-27,1630549,Day'Ron Sharpe,1610612751,BKN,0012600025,2026-10-06,BKN @ CHA,W,17.933333333333334,4,9,0,2,0,0,2,5,7,3,1,0,2,1,8,19
2026-27,1642962,Drake Powell,1610612751,BKN,0012600025,2026-10-06,BKN @ CHA,W,12.533333333333333,4,6,1,1,0,0,0,2,2,1,0,1,0,0,9,20
2026-27,1642856,Egor Dëmin,1610612751,BKN,0012600025,2026-10-06,BKN @ CHA,W,18.433333333333334,2,5,2,3,0,0,0,1,1,5,2,0,0,4,6,4
2026-27,1641761,Grant Nelson,1610612751,BKN,0012600025,2026-10-06,BKN @ CHA,W,6.25,2,4,1,2,0,1,0,2,2,1,0,0,0,0,5,10
2026-27,1631169,Josh Minott,1610612751,BKN,0012600025,2026-10-06,BKN @ CHA,W,8.933333333333334,2,3,1,2,1,2,0,1,1,0,0,2,0,1,6,15
2026-27,203944,Julius Randle,1610612751,BKN,0012600025,2026-10-06,BKN @ CHA,W,18.216666666666665,4,7,2,3,3,4,0,2,2,3,0,1,0,3,13,9
2026-27,1631165,Keon Ellis,1610612751,BKN,0012600025,2026-10-06,BKN @ CHA,W,12.383333333333333,2,3,1,2,0,0,0,0,0,0,1,0,0,1,5,15
2026-27,1629008,Michael Porter Jr.,1610612751,BKN,0012600025,2026-10-06,BKN @ CHA,W,16.95,6,9,4,6,0,0,1,4,5,2,1,1,0,1,16,5
2026-27,1629021,Moritz Wagner,1610612751,BKN,0012600025,2026-10-06,BKN @ CHA,W,17.781666666666666,1,4,1,3,2,2,0,4,4,5,2,1,0,4,5,0
2026-27,1641730,Noah Clowney,1610612751,BKN,0012600025,2026-10-06,BKN @ CHA,W,18.901666666666667,2,6,1,3,2,2,0,1,1,1,1,2,0,1,7,15
2026-27,1642849,Nolan Traore,1610612751,BKN,0012600025,2026-10-06,BKN @ CHA,W,10.383333333333333,3,4,0,0,4,4,0,1,1,2,1,1,0,2,10,15
2026-27,1629611,Terance Mann,1610612751,BKN,0012600025,2026-10-06,BKN @ CHA,W,19.666666666666668,2,4,2,3,0,0,0,2,2,1,1,2,0,3,6,-7
2026-27,1643548,Tyler Bilodeau,1610612751,BKN,0012600025,2026-10-06,BKN @ CHA,W,7.75,1,1,1,1,2,3,0,3,3,0,0,0,0,0,5,8
2026-27,203471,Dennis Schröder,1610612766,CHA,0012600025,2026-10-06,CHA vs. BKN,L,15.383333333333333,2,5,1,1,0,0,0,0,0,2,0,1,0,0,5,-2
2026-27,1628960,Grayson Allen,1610612766,CHA,0012600025,2026-10-06,CHA vs. BKN,L,14.23,4,6,3,3,2,2,0,1,1,1,1,0,0,0,13,2
2026-27,1643419,Hannes Steinbach,1610612766,CHA,0012600025,2026-10-06,CHA vs. BKN,L,13.65,2,4,0,0,3,4,1,3,4,0,0,0,0,0,7,-15
2026-27,1641935,Jarkel Joiner,1610612766,CHA,0012600025,2026-10-06,CHA vs. BKN,L,14.23,2,4,1,1,0,0,0,0,0,3,0,1,0,3,5,-10
2026-27,1642862,Liam McNeeley,1610612766,CHA,0012600025,2026-10-06,CHA vs. BKN,L,19.3,5,8,4,6,0,0,1,0,1,0,6,0,0,4,14,-13
2026-27,1642369,Michael Ajayi,1610612766,CHA,0012600025,2026-10-06,CHA vs. BKN,L,18.98,1,5,1,2,0,0,1,3,4,3,2,0,1,4,3,-17
2026-27,1631217,Moussa Diabaté,1610612766,CHA,0012600025,2026-10-06,CHA vs. BKN,L,19.566666666666666,1,1,0,0,2,4,3,1,4,1,3,3,2,3,4,-8
2026-27,1629675,Naz Reid,1610612766,CHA,0012600025,2026-10-06,CHA vs. BKN,L,16.016666666666666,3,9,1,5,6,7,1,3,4,0,4,0,0,2,13,-7
2026-27,1641790,PJ Hall,1610612766,CHA,0012600025,2026-10-06,CHA vs. BKN,L,8.403333333333334,1,3,1,3,1,2,0,3,3,0,3,0,0,1,4,-11
2026-27,1626192,Pat Connaughton,1610612766,CHA,0012600025,2026-10-06,CHA vs. BKN,L,9.45,0,3,0,3,1,2,0,0,0,3,1,0,0,1,1,-17
2026-27,1626220,Royce O'Neale,1610612766,CHA,0012600025,2026-10-06,CHA vs. BKN,L,17.0,1,4,1,4,0,0,0,2,2,5,1,1,2,1,3,-6
2026-27,1641750,Ryan Kalkbrenner,1610612766,CHA,0012600025,2026-10-06,CHA vs. BKN,L,15.316666666666666,0,1,0,0,2,2,1,1,2,0,0,0,1,0,2,-8
2026-27,1642883,Sion James,1610612766,CHA,0012600025,2026-10-06,CHA vs. BKN,L,17.29,3,7,2,4,0,0,0,4,4,0,1,0,0,2,8,-16
2026-27,1642275,Tidjane Salaün,1610612766,CHA,0012600025,2026-10-06,CHA vs. BKN,L,28.083333333333332,2,7,1,3,1,3,0,2,2,1,3,1,0,3,6,-24
2026-27,1643769,Wyatt Fricks,1610612766,CHA,0012600025,2026-10-06,CHA vs. BKN,L,13.1,1,3,0,1,0,0,1,2,3,0,0,0,1,3,2,-18
2026-27,1631097,Bennedict Mathurin,1610612740,NOP,0012600026,2026-10-06,NOP @ OKC,W,16.6,3,5,2,4,5,5,1,1,2,5,1,0,0,0,13,17
2026-27,1631121,Bryce McGowens,1610612740,NOP,0012600026,2026-10-06,NOP @ OKC,W,12.0,2,6,1,1,2,2,0,1,1,1,1,2,1,0,7,9
2026-27,1631216,Caleb Houstan,1610612740,NOP,0012600026,2026-10-06,NOP @ OKC,W,6.116666666666666,0,1,0,1,0,0,0,0,0,0,1,0,0,0,0,7
2026-27,1627749,Dejounte Murray,1610612740,NOP,0012600026,2026-10-06,NOP @ OKC,W,18.7,2,8,1,3,1,2,2,2,4,6,1,0,0,0,6,-20
2026-27,1642852,Derik Queen,1610612740,NOP,0012600026,2026-10-06,NOP @ OKC,W,17.3,3,6,1,1,3,7,3,6,9,1,2,3,0,4,10,17
2026-27,1630529,Herbert Jones,1610612740,NOP,0012600026,2026-10-06,NOP @ OKC,W,19.916666666666668,3,6,1,4,0,1,1,1,2,1,0,0,0,2,7,-20
2026-27,1643555,Jaron Pierre Jr.,1610612740,NOP,0012600026,2026-10-06,NOP @ OKC,W,12.0,1,4,1,2,0,0,0,4,4,3,1,0,1,2,3,9
2026-27,1642847,Jeremiah Fears,1610612740,NOP,0012600026,2026-10-06,NOP @ OKC,W,17.3,3,6,2,3,4,6,0,2,2,1,1,0,0,1,12,17
2026-27,1629673,Jordan Poole,1610612740,NOP,0012600026,2026-10-06,NOP @ OKC,W,16.083333333333332,2,3,0,1,5,6,1,0,1,0,0,1,0,3,9,17
2026-27,1631255,Karlo Matković,1610612740,NOP,0012600026,2026-10-06,NOP @ OKC,W,12.0,1,3,0,1,1,2,1,2,3,1,0,2,1,2,3,9
2026-27,1641723,Kobe Bufkin,1610612740,NOP,0012600026,2026-10-06,NOP @ OKC,W,5.883333333333334,2,4,0,2,2,2,1,0,1,0,0,0,0,0,6,2
2026-27,1630180,Saddiq Bey,1610612740,NOP,0012600026,2026-10-06,NOP @ OKC,W,19.766666666666666,1,6,0,2,3,3,0,2,2,0,1,1,0,0,5,20
2026-27,1630570,Trendon Watford,1610612740,NOP,0012600026,2026-10-06,NOP @ OKC,W,12.0,3,5,0,0,1,2,2,4,6,1,1,2,0,0,7,9
2026-27,1630530,Trey Murphy III,1610612740,NOP,0012600026,2026-10-06,NOP @ OKC,W,19.4,4,11,2,6,1,2,0,3,3,2,0,2,0,0,11,-20
2026-27,1642274,Yves Missi,1610612740,NOP,0012600026,2026-10-06,NOP @ OKC,W,18.7,1,7,0,0,4,4,3,4,7,1,0,1,1,2,6,-20
2026-27,1629627,Zion Williamson,1610612740,NOP,0012600026,2026-10-06,NOP @ OKC,W,16.233333333333334,4,6,1,2,2,3,3,1,4,1,1,0,0,1,11,-23
2026-27,1643530,Aday Mara,1610612760,OKC,0012600026,2026-10-06,OKC vs. NOP,L,18.383333333333333,5,5,0,0,2,2,1,8,9,3,2,0,3,4,12,13
2026-27,1642349,Ajay Mitchell,1610612760,OKC,0012600026,2026-10-06,OKC vs. NOP,L,17.566666666666666,2,7,1,2,6,6,0,1,1,4,2,0,0,3,11,13
2026-27,1643808,Andrew Holifield,1610612760,OKC,0012600026,2026-10-06,OKC vs. NOP,L,7.166666666666667,1,4,0,2,2,2,0,0,0,0,0,0,0,0,4,-17
2026-27,1643208,Anthony Pritchard,1610612760,OKC,0012600026,2026-10-06,OKC vs. NOP,L,9.783333333333333,3,3,1,1,0,0,0,2,2,1,2,2,0,2,7,-13
2026-27,1642892,Bennett Stirtz,1610612760,OKC,0012600026,2026-10-06,OKC vs. NOP,L,30.751666666666665,6,9,3,6,0,0,0,5,5,6,4,0,0,4,15,-7
2026-27,1642964,Brooks Barnhizer,1610612760,OKC,0012600026,2026-10-06,OKC vs. NOP,L,25.656666666666666,4,5,1,1,3,5,2,5,7,3,2,0,1,5,12,-8
2026-27,1643754,Christoph Tilly,1610612760,OKC,0012600026,2026-10-06,OKC vs. NOP,L,25.0,4,7,0,0,1,2,0,4,4,2,3,0,1,4,9,-5
2026-27,1642272,Jared McCain,1610612760,OKC,0012600026,2026-10-06,OKC vs. NOP,L,16.17,4,10,4,8,0,0,0,1,1,5,1,1,0,2,12,8
2026-27,1643717,Josh Dix,1610612760,OKC,0012600026,2026-10-06,OKC vs. NOP,L,30.155,4,7,3,5,0,0,0,2,2,2,2,0,0,1,11,-2
2026-27,1629026,Kenrich Williams,1610612760,OKC,0012600026,2026-10-06,OKC vs. NOP,L,17.95,3,6,3,4,0,0,1,7,8,2,1,1,1,1,9,14
2026-27,1642923,Otega Oweh,1610612760,OKC,0012600026,2026-10-06,OKC vs. NOP,L,27.566666666666666,3,9,0,2,0,4,1,5,6,1,2,2,1,1,6,-7
2026-27,1629015,Zhaire Smith,1610612760,OKC,0012600026,2026-10-06,OKC vs. NOP,L,13.85,1,4,0,2,0,0,1,0,1,0,1,0,1,3,2,-19
2026-27,203932,Aaron Gordon,1610612743,DEN,0012600027,2026-10-06,DEN @ UTA,W,15.333333333333334,5,7,2,3,6,7,0,5,5,0,0,0,0,1,18,6
2026-27,1643813,Alpha Diallo,1610612743,DEN,0012600027,2026-10-06,DEN @ UTA,W,20.933333333333334,3,3,2,2,0,4,0,2,2,0,3,2,0,4,8,8
2026-27,1643624,Bryce Hopkins,1610612743,DEN,0012600027,2026-10-06,DEN @ UTA,W,10.5,0,0,0,0,1,2,0,1,1,1,1,0,0,3,1,-7
2026-27,1641715,Cam Whitmore,1610612743,DEN,0012600027,2026-10-06,DEN @ UTA,W,14.7,4,7,0,3,6,7,0,1,1,0,0,0,0,2,14,-7
2026-27,1629661,Cameron Johnson,1610612743,DEN,0012600027,2026-10-06,DEN @ UTA,W,15.333333333333334,4,7,2,3,0,0,0,1,1,1,0,0,0,2,10,6
2026-27,1631128,Christian Braun,1610612743,DEN,0012600027,2026-10-06,DEN @ UTA,W,14.283333333333333,2,6,1,4,0,0,1,3,4,0,1,0,1,1,5,-2
2026-27,1641747,DaRon Holmes II,1610612743,DEN,0012600027,2026-10-06,DEN @ UTA,W,7.583333333333333,1,3,0,1,2,2,2,1,3,1,0,0,2,0,4,-3
2026-27,201942,DeMar DeRozan,1610612743,DEN,0012600027,2026-10-06,DEN @ UTA,W,11.45,2,5,1,2,2,2,0,1,1,1,0,0,0,0,7,8
2026-27,1627750,Jamal Murray,1610612743,DEN,0012600027,2026-10-06,DEN @ UTA,W,15.816666666666666,1,4,0,1,2,2,1,1,2,3,0,0,1,1,4,4
2026-27,1631124,Julian Strawther,1610612743,DEN,0012600027,2026-10-06,DEN @ UTA,W,18.216666666666665,4,7,3,4,4,4,2,2,4,3,2,1,0,3,15,13
2026-27,1629022,Lonnie Walker IV,1610612743,DEN,0012600027,2026-10-06,DEN @ UTA,W,7.95,0,1,0,1,1,2,0,0,0,0,0,0,0,1,1,-5
2026-27,1628963,Marvin Bagley III,1610612743,DEN,0012600027,2026-10-06,DEN @ UTA,W,15.0,4,5,0,0,2,2,1,4,5,0,1,1,1,1,10,15
2026-27,203999,Nikola Jokić,1610612743,DEN,0012600027,2026-10-06,DEN @ UTA,W,16.333333333333332,2,4,0,0,2,4,0,4,4,5,2,1,0,4,6,2
2026-27,1642948,Ryan Nembhard,1610612743,DEN,0012600027,2026-10-06,DEN @ UTA,W,15.9,1,5,0,1,0,0,0,0,0,5,1,1,0,0,2,1
2026-27,1642350,Trevon Brazile,1610612743,DEN,0012600027,2026-10-06,DEN @ UTA,W,17.083333333333332,2,2,0,0,0,2,0,2,2,0,1,0,1,2,4,7
2026-27,1626145,Tyus Jones,1610612743,DEN,0012600027,2026-10-06,DEN @ UTA,W,14.5,1,2,0,1,0,0,0,2,2,6,1,2,0,1,2,12
2026-27,1630192,Zeke Nnaji,1610612743,DEN,0012600027,2026-10-06,DEN @ UTA,W,9.083333333333334,2,4,0,2,2,2,0,4,4,0,2,0,1,2,6,-3
2026-27,1642846,Ace Bailey,1610612762,UTA,0012600027,2026-10-06,UTA vs. DEN,L,27.016666666666666,4,12,2,6,0,0,3,4,7,3,2,1,1,2,10,-5
2026-27,1642396,Blake Hinson,1610612762,UTA,0012600027,2026-10-06,UTA vs. DEN,L,12.0,0,3,0,3,0,0,0,0,0,1,1,0,0,0,0,3
2026-27,1643408,Darryn Peterson,1610612762,UTA,0012600027,2026-10-06,UTA vs. DEN,L,29.616666666666667,10,18,1,6,2,4,0,3,3,3,2,0,0,5,23,-11
2026-27,1631127,Harrison Ingram,1610612762,UTA,0012600027,2026-10-06,UTA vs. DEN,L,7.583333333333333,3,5,1,1,2,2,3,2,5,2,0,0,0,2,9,5
2026-27,1642268,Isaiah Collier,1610612762,UTA,0012600027,2026-10-06,UTA vs. DEN,L,16.816666666666666,3,6,0,1,0,1,0,0,0,3,2,0,0,3,6,-12
2026-27,1628991,Jaren Jackson Jr.,1610612762,UTA,0012600027,2026-10-06,UTA vs. DEN,L,15.683333333333334,2,3,1,1,2,3,0,1,1,0,1,0,1,4,7,-3
2026-27,1629637,Jaxson Hayes,1610612762,UTA,0012600027,2026-10-06,UTA vs. DEN,L,13.8,3,7,0,1,1,2,1,3,4,0,0,0,1,1,7,-1
2026-27,1643265,Jonas Aidoo,1610612762,UTA,0012600027,2026-10-06,UTA vs. DEN,L,7.583333333333333,2,3,0,0,2,4,1,4,5,0,0,0,1,3,6,5
2026-27,1630182,Josh Green,1610612762,UTA,0012600027,2026-10-06,UTA vs. DEN,L,10.6,0,2,0,2,0,0,1,1,2,2,0,2,0,3,0,0
2026-27,1629006,Josh Okogie,1610612762,UTA,0012600027,2026-10-06,UTA vs. DEN,L,24.866666666666667,3,6,2,3,0,1,1,2,3,3,0,1,0,4,8,-12
2026-27,1641718,Keyonte George,1610612762,UTA,0012600027,2026-10-06,UTA vs. DEN,L,12.783333333333333,2,4,2,2,0,1,0,0,0,4,2,0,0,5,6,-5
2026-27,1628964,Mo Bamba,1610612762,UTA,0012600027,2026-10-06,UTA vs. DEN,L,19.933333333333334,4,6,0,0,0,0,4,6,10,0,2,0,0,2,8,-18
2026-27,1629004,Svi Mykhailiuk,1610612762,UTA,0012600027,2026-10-06,UTA vs. DEN,L,22.133333333333333,3,14,2,8,1,2,1,2,3,0,1,2,1,0,9,-9
2026-27,1642926,Tamar Bates,1610612762,UTA,0012600027,2026-10-06,UTA vs. DEN,L,12.0,0,1,0,1,0,0,0,0,0,0,1,0,0,1,0,3
2026-27,1641725,Trey Alexander,1610612762,UTA,0012600027,2026-10-06,UTA vs. DEN,L,7.583333333333333,2,3,1,2,2,2,0,0,0,1,0,0,0,1,7,5
2026-27,1630174,Aaron Nesmith,1610612754,IND,0012600029,2026-10-07,IND vs. MIN,W,15.833333333333334,7,9,4,6,1,1,0,0,0,0,0,0,0,2,19,-13
2026-27,1629614,Andrew Nembhard,1610612754,IND,0012600029,2026-10-07,IND vs. MIN,W,16.316666666666666,2,5,0,1,0,0,0,1,1,2,1,1,0,3,4,1
2026-27,1641767,Ben Sheppard,1610612754,IND,0012600029,2026-10-07,IND vs. MIN,W,22.066666666666666,4,9,3,5,2,2,2,3,5,0,1,2,0,0,13,6
2026-27,1643552,Braden Smith,1610612754,IND,0012600029,2026-10-07,IND vs. MIN,W,14.116666666666667,1,4,1,1,0,0,0,5,5,5,1,0,0,1,3,11
2026-27,1627826,Ivica Zubac,1610612754,IND,0012600029,2026-10-07,IND vs. MIN,W,17.6,3,7,0,0,0,0,0,3,3,2,3,1,0,2,6,-13
2026-27,1641771,Jalen Slawson,1610612754,IND,0012600029,2026-10-07,IND vs. MIN,W,18.116666666666667,1,4,0,0,2,2,2,3,5,1,2,2,2,5,4,16
2026-27,1641716,Jarace Walker,1610612754,IND,0012600029,2026-10-07,IND vs. MIN,W,28.133333333333333,3,6,1,2,0,1,1,4,5,10,1,0,0,1,7,18
2026-27,1630643,Jay Huff,1610612754,IND,0012600029,2026-10-07,IND vs. MIN,W,16.766666666666666,6,11,2,4,2,2,1,3,4,4,2,1,1,1,16,9
2026-27,1643627,Keba Keita,1610612754,IND,0012600029,2026-10-07,IND vs. MIN,W,2.25,2,2,0,0,0,0,1,0,1,0,0,0,0,0,4,2
2026-27,1626162,Kelly Oubre Jr.,1610612754,IND,0012600029,2026-10-07,IND vs. MIN,W,10.05,1,1,1,1,2,2,1,0,1,2,2,2,0,1,5,10
2026-27,1641738,Kobe Brown,1610612754,IND,0012600029,2026-10-07,IND vs. MIN,W,16.966666666666665,2,5,1,3,0,0,3,2,5,1,2,0,0,0,5,5
2026-27,1630167,Obi Toppin,1610612754,IND,0012600029,2026-10-07,IND vs. MIN,W,10.983333333333333,4,5,1,2,1,1,0,2,2,1,2,1,1,1,10,9
2026-27,1627783,Pascal Siakam,1610612754,IND,0012600029,2026-10-07,IND vs. MIN,W,19.416666666666668,5,8,0,2,0,0,0,2,2,3,1,1,2,0,10,-4
2026-27,1631245,Quenton Jackson,1610612754,IND,0012600029,2026-10-07,IND vs. MIN,W,9.883333333333333,2,2,1,1,0,0,0,1,1,1,1,0,0,2,5,4
2026-27,1643792,Rienk Mast,1610612754,IND,0012600029,2026-10-07,IND vs. MIN,W,5.383333333333334,2,4,1,1,0,0,2,1,3,1,0,0,0,1,5,6
2026-27,1630169,Tyrese Haliburton,1610612754,IND,0012600029,2026-10-07,IND vs. MIN,W,16.116666666666667,3,8,1,3,0,0,0,0,0,6,1,1,2,0,7,-12
2026-27,1630162,Anthony Edwards,1610612750,MIN,0012600029,2026-10-07,MIN @ IND,L,19.716666666666665,5,10,4,5,5,6,0,1,1,1,0,0,0,1,19,1
2026-27,1630245,Ayo Dosunmu,1610612750,MIN,0012600029,2026-10-07,MIN @ IND,L,17.233333333333334,3,7,1,4,3,4,1,0,1,3,1,1,0,0,10,-11
2026-27,1630538,Bones Hyland,1610612750,MIN,0012600029,2026-10-07,MIN @ IND,L,10.916666666666666,3,7,3,6,1,1,0,0,0,1,1,1,1,0,10,2
2026-27,1642262,Cody Williams,1610612750,MIN,0012600029,2026-10-07,MIN @ IND,L,17.95,2,7,0,1,2,2,1,2,3,1,1,0,1,0,6,-4
2026-27,1642402,Enrique Freeman,1610612750,MIN,0012600029,2026-10-07,MIN @ IND,L,8.066666666666666,0,2,0,2,0,0,1,0,1,0,1,1,2,1,0,-6
2026-27,1642912,Isaiah Evans,1610612750,MIN,0012600029,2026-10-07,MIN @ IND,L,7.4,1,5,0,3,0,0,0,0,0,0,0,0,1,0,2,-4
2026-27,1630183,Jaden McDaniels,1610612750,MIN,0012600029,2026-10-07,MIN @ IND,L,21.166666666666668,6,10,4,6,0,0,1,2,3,0,1,1,1,0,16,6
2026-27,1641740,Jaylen Clark,1610612750,MIN,0012600029,2026-10-07,MIN @ IND,L,10.55,0,0,0,0,0,0,0,1,1,0,2,2,0,1,0,-16
2026-27,1642866,Joan Beringer,1610612750,MIN,0012600029,2026-10-07,MIN @ IND,L,19.316666666666666,1,3,0,0,0,0,3,5,8,0,2,0,1,2,2,-8
2026-27,1630228,Jonathan Kuminga,1610612750,MIN,0012600029,2026-10-07,MIN @ IND,L,18.866666666666667,1,9,0,3,0,0,1,0,1,3,0,1,0,0,2,-7
2026-27,1630163,LaMelo Ball,1610612750,MIN,0012600029,2026-10-07,MIN @ IND,L,20.35,5,9,4,6,0,0,1,3,4,7,5,0,0,3,14,7
2026-27,1641807,Norchad Omier,1610612750,MIN,0012600029,2026-10-07,MIN @ IND,L,6.216666666666667,0,0,0,0,0,0,0,0,0,0,0,1,0,0,0,-6
2026-27,203497,Rudy Gobert,1610612750,MIN,0012600029,2026-10-07,MIN @ IND,L,18.916666666666668,2,3,0,0,3,3,2,7,9,2,2,1,0,2,7,7
2026-27,1630545,Terrence Shannon Jr,1610612750,MIN,0012600029,2026-10-07,MIN @ IND,L,17.466666666666665,2,4,1,1,4,5,1,0,1,2,1,1,0,2,9,-7
2026-27,1626168,Trey Lyles,1610612750,MIN,0012600029,2026-10-07,MIN @ IND,L,11.916666666666666,3,4,2,3,0,0,1,3,4,2,0,0,0,0,8,-4
2026-27,1642389,Zyon Pullin,1610612750,MIN,0012600029,2026-10-07,MIN @ IND,L,13.95,3,5,0,1,1,2,1,2,3,0,2,0,0,2,7,-5
2026-27,1630527,Brandon Boston,1610612741,CHI,0012600030,2026-10-07,CHI vs. PHX,W,4.783333333333333,1,1,0,0,0,0,0,0,0,0,0,0,0,1,2,3
2026-27,1627741,Buddy Hield,1610612741,CHI,0012600030,2026-10-07,CHI vs. PHX,W,14.883333333333333,2,6,1,3,3,3,0,2,2,3,2,1,0,3,8,-1
2026-27,1643410,Caleb Wilson,1610612741,CHI,0012600030,2026-10-07,CHI vs. PHX,W,29.1,6,16,0,4,3,3,1,3,4,2,2,1,0,5,15,-3
2026-27,1643517,Dailyn Swain,1610612741,CHI,0012600030,2026-10-07,CHI vs. PHX,W,21.883333333333333,3,3,0,0,4,4,1,1,2,6,3,2,0,3,10,6
2026-27,1641809,Drew Peterson,1610612741,CHI,0012600030,2026-10-07,CHI vs. PHX,W,7.483333333333333,1,1,1,1,0,0,0,0,0,3,2,0,1,2,3,5
2026-27,1630171,Isaac Okoro,1610612741,CHI,0012600030,2026-10-07,CHI vs. PHX,W,16.966666666666665,1,2,0,1,0,0,0,1,1,2,0,0,0,2,2,-5
2026-27,1630188,Jalen Smith,1610612741,CHI,0012600030,2026-10-07,CHI vs. PHX,W,19.883333333333333,5,8,2,4,1,2,5,3,8,1,3,2,0,1,13,-1
2026-27,1630581,Josh Giddey,1610612741,CHI,0012600030,2026-10-07,CHI vs. PHX,W,23.333333333333332,1,6,1,3,4,4,0,3,3,7,2,0,1,2,7,5
2026-27,1631159,Leonard Miller,1610612741,CHI,0012600030,2026-10-07,CHI vs. PHX,W,14.433333333333334,5,7,1,2,3,3,0,1,1,2,0,2,0,0,14,4
2026-27,1641824,Matas Buzelis,1610612741,CHI,0012600030,2026-10-07,CHI vs. PHX,W,25.566666666666666,6,15,0,6,2,2,0,3,3,1,1,2,2,0,14,0
2026-27,1642855,Noa Essengue,1610612741,CHI,0012600030,2026-10-07,CHI vs. PHX,W,14.8,0,4,0,2,2,2,0,0,0,2,1,0,0,4,2,12
2026-27,1626181,Norman Powell,1610612741,CHI,0012600030,2026-10-07,CHI vs. PHX,W,14.416666666666666,3,4,3,4,5,6,0,0,0,1,2,1,0,1,14,4
2026-27,1630172,Patrick Williams,1610612741,CHI,0012600030,2026-10-07,CHI vs. PHX,W,11.116666666666667,2,3,2,2,0,0,0,1,1,0,0,1,0,0,6,8
2026-27,1643591,Tobe Awaka,1610612741,CHI,0012600030,2026-10-07,CHI vs. PHX,W,21.35,6,8,1,1,1,3,6,5,11,0,3,1,1,6,14,-2
2026-27,1631221,Collin Gillespie,1610612756,PHX,0012600030,2026-10-07,PHX @ CHI,L,13.983333333333333,4,8,3,6,1,2,1,2,3,2,2,0,0,2,12,5
2026-27,1626164,Devin Booker,1610612756,PHX,0012600030,2026-10-07,PHX @ CHI,L,22.7,3,14,0,8,5,6,0,0,0,1,2,0,0,3,11,-7
2026-27,1628415,Dillon Brooks,1610612756,PHX,0012600030,2026-10-07,PHX @ CHI,L,22.7,7,9,3,5,7,8,0,4,4,1,5,1,1,5,24,-7
2026-27,1629312,Haywood Highsmith,1610612756,PHX,0012600030,2026-10-07,PHX @ CHI,L,7.483333333333333,0,2,0,1,0,0,0,1,1,0,1,0,0,0,0,-5
2026-27,1630224,Jalen Green,1610612756,PHX,0012600030,2026-10-07,PHX @ CHI,L,22.016666666666666,4,10,1,4,3,4,1,3,4,3,4,2,1,3,12,-8
2026-27,1631123,Jamaree Bouyea,1610612756,PHX,0012600030,2026-10-07,PHX @ CHI,L,12.0,4,6,1,2,0,0,0,0,0,2,3,1,0,1,9,-4
2026-27,1630692,Jordan Goodwin,1610612756,PHX,0012600030,2026-10-07,PHX @ CHI,L,15.883333333333333,2,4,1,2,0,0,1,2,3,2,2,6,0,2,5,1
2026-27,1642863,Khaman Maluach,1610612756,PHX,0012600030,2026-10-07,PHX @ CHI,L,25.326666666666668,2,3,0,0,4,5,1,6,7,4,2,0,0,1,8,1
2026-27,1643520,Koa Peat,1610612756,PHX,0012600030,2026-10-07,PHX @ CHI,L,4.7,1,3,0,0,0,0,2,1,3,0,1,0,0,2,2,-9
2026-27,1628379,Luke Kennard,1610612756,PHX,0012600030,2026-10-07,PHX @ CHI,L,13.3,3,5,0,1,2,2,1,1,2,4,0,1,0,1,8,4
2026-27,1628970,Miles Bridges,1610612756,PHX,0012600030,2026-10-07,PHX @ CHI,L,7.783333333333333,1,1,0,0,1,1,0,1,1,1,0,0,0,0,3,-1
2026-27,1642345,Oso Ighodaro,1610612756,PHX,0012600030,2026-10-07,PHX @ CHI,L,17.533333333333335,4,6,0,0,0,2,1,1,2,2,2,1,0,4,8,3
2026-27,1630311,Pat Spencer,1610612756,PHX,0012600030,2026-10-07,PHX @ CHI,L,12.0,2,5,2,4,2,2,0,0,0,1,0,0,0,1,8,-4
2026-27,1642853,Rasheer Fleming,1610612756,PHX,0012600030,2026-10-07,PHX @ CHI,L,19.533333333333335,1,4,0,2,1,2,2,1,3,0,0,0,0,3,3,-3
2026-27,1642346,Ryan Dunn,1610612756,PHX,0012600030,2026-10-07,PHX @ CHI,L,23.05666666666667,2,4,0,1,0,0,2,3,5,2,2,2,1,4,4,-1
2026-27,1642285,Cam Spencer,1610612763,MEM,0012600031,2026-10-07,MEM vs. ORL,L,15.733333333333333,1,4,1,4,4,4,0,1,1,5,2,1,0,0,7,-6
2026-27,1643409,Cameron Boozer,1610612763,MEM,0012600031,2026-10-07,MEM vs. ORL,L,22.216666666666665,4,7,2,3,6,7,2,4,6,2,2,0,0,1,16,-13
2026-27,1643721,Carson Cooper,1610612763,MEM,0012600031,2026-10-07,MEM vs. ORL,L,4.966666666666667,0,1,0,0,0,0,0,2,2,0,0,0,0,0,0,-2
2026-27,1642907,Cedric Coward,1610612763,MEM,0012600031,2026-10-07,MEM vs. ORL,L,22.216666666666665,3,9,2,4,0,0,3,1,4,3,0,0,0,2,8,-13
2026-27,1641713,GG Jackson,1610612763,MEM,0012600031,2026-10-07,MEM vs. ORL,L,13.783333333333333,5,13,3,5,2,2,3,3,6,0,0,1,0,2,15,6
2026-27,1642914,Javon Small,1610612763,MEM,0012600031,2026-10-07,MEM vs. ORL,L,8.016666666666667,1,1,1,1,0,0,0,0,0,2,0,0,0,0,3,3
2026-27,1642377,Jaylen Wells,1610612763,MEM,0012600031,2026-10-07,MEM vs. ORL,L,22.216666666666665,2,10,1,6,1,2,2,3,5,0,0,0,0,1,6,-13
2026-27,203924,Jerami Grant,1610612763,MEM,0012600031,2026-10-07,MEM vs. ORL,L,19.7,1,4,1,3,0,0,1,2,3,1,0,0,0,1,3,6
2026-27,1643510,Karim Lopez,1610612763,MEM,0012600031,2026-10-07,MEM vs. ORL,L,6.383333333333334,0,0,0,0,0,0,0,0,0,1,0,0,1,1,0,0
2026-27,1631200,Kris Murray,1610612763,MEM,0012600031,2026-10-07,MEM vs. ORL,L,9.95,2,4,1,3,0,0,0,1,1,1,0,1,0,1,5,3
2026-27,1641765,Olivier-Maxence Prosper,1610612763,MEM,0012600031,2026-10-07,MEM vs. ORL,L,12.0,4,7,1,4,0,0,0,0,0,1,0,0,1,0,9,3
2026-27,1642366,Quinten Post,1610612763,MEM,0012600031,2026-10-07,MEM vs. ORL,L,15.35,2,4,0,1,1,3,0,1,1,4,0,0,0,2,5,1
2026-27,1630590,Scotty Pippen Jr.,1610612763,MEM,0012600031,2026-10-07,MEM vs. ORL,L,13.783333333333333,0,2,0,0,1,4,0,0,0,2,1,3,0,2,1,6
2026-27,1641707,Taylor Hendricks,1610612763,MEM,0012600031,2026-10-07,MEM vs. ORL,L,11.3,5,7,2,4,0,0,1,2,3,1,0,0,1,3,12,7
2026-27,1629660,Ty Jerome,1610612763,MEM,0012600031,2026-10-07,MEM vs. ORL,L,19.416666666666668,7,14,1,4,2,2,0,1,1,4,0,0,0,2,17,-2
2026-27,1642383,Walter Clayton Jr.,1610612763,MEM,0012600031,2026-10-07,MEM vs. ORL,L,12.85,3,8,1,3,2,4,0,3,3,3,2,0,1,2,9,4
2026-27,1641744,Zach Edey,1610612763,MEM,0012600031,2026-10-07,MEM vs. ORL,L,10.116666666666667,1,1,0,0,0,0,1,3,4,1,0,1,1,1,2,-10
2026-27,1631457,Alex Morales,1610612753,ORL,0012600031,2026-10-07,ORL @ MEM,W,24.45,2,5,0,2,0,2,5,5,10,2,1,1,1,4,4,-1
2026-27,1630658,Colin Castleton,1610612753,ORL,0012600031,2026-10-07,ORL @ MEM,W,7.783333333333333,2,2,0,0,0,0,0,2,2,0,2,0,1,1,4,-2
2026-27,1630217,Desmond Bane,1610612753,ORL,0012600031,2026-10-07,ORL @ MEM,W,13.116666666666667,3,3,3,3,0,0,0,1,1,1,1,0,0,2,9,11
2026-27,1630532,Franz Wagner,1610612753,ORL,0012600031,2026-10-07,ORL @ MEM,W,14.483333333333333,2,7,0,3,2,2,1,1,2,7,1,2,0,0,6,7
2026-27,1629048,Goga Bitadze,1610612753,ORL,0012600031,2026-10-07,ORL @ MEM,W,12.9,3,4,0,0,1,2,1,1,2,0,1,0,1,2,7,3
2026-27,1631120,JD Davison,1610612753,ORL,0012600031,2026-10-07,ORL @ MEM,W,9.65,0,4,0,2,1,2,1,1,2,5,0,1,0,1,1,-1
2026-27,1631288,Jamal Cain,1610612753,ORL,0012600031,2026-10-07,ORL @ MEM,W,22.216666666666665,6,9,3,6,0,0,0,2,2,1,1,0,0,1,15,4
2026-27,1642859,Jase Richardson,1610612753,ORL,0012600031,2026-10-07,ORL @ MEM,W,22.933333333333334,1,2,1,2,0,0,1,2,3,3,0,0,0,3,3,11
2026-27,1628975,Jevon Carter,1610612753,ORL,0012600031,2026-10-07,ORL @ MEM,W,18.683333333333334,1,3,1,3,2,2,0,4,4,6,2,0,0,2,5,-7
2026-27,1628995,Kevin Knox II,1610612753,ORL,0012600031,2026-10-07,ORL @ MEM,W,13.0,3,8,1,4,4,4,1,5,6,0,0,0,0,1,11,-4
2026-27,1631103,Malaki Branham,1610612753,ORL,0012600031,2026-10-07,ORL @ MEM,W,13.2,2,8,1,1,0,0,4,2,6,0,3,0,0,2,5,-4
2026-27,202696,Nikola Vučević,1610612753,ORL,0012600031,2026-10-07,ORL @ MEM,W,12.066666666666666,3,3,3,3,0,0,0,3,3,1,0,1,1,3,9,-14
2026-27,1631094,Paolo Banchero,1610612753,ORL,0012600031,2026-10-07,ORL @ MEM,W,15.066666666666666,2,7,0,2,7,10,0,1,1,5,2,0,0,2,11,8
2026-27,1641783,Tristan da Silva,1610612753,ORL,0012600031,2026-10-07,ORL @ MEM,W,25.2,6,16,4,10,3,4,1,4,5,2,0,1,0,1,19,-8
2026-27,1628976,Wendell Carter Jr.,1610612753,ORL,0012600031,2026-10-07,ORL @ MEM,W,15.25,5,7,3,4,0,0,1,3,4,2,0,0,0,1,13,17
2026-27,1642881,Bogoljub Marković,1610612749,MIL,0012600032,2026-10-07,MIL @ OKC,W,5.716666666666667,0,0,0,0,2,2,0,2,2,0,1,0,0,0,2,5
2026-27,1643415,Brayden Burries,1610612749,MIL,0012600032,2026-10-07,MIL @ OKC,W,21.433333333333334,5,13,0,4,6,8,2,3,5,1,1,2,0,2,16,-4
2026-27,1642504,Cormac Ryan,1610612749,MIL,0012600032,2026-10-07,MIL @ OKC,W,11.2,1,3,0,2,0,0,0,2,2,0,1,1,1,4,2,9
2026-27,1631170,Jaime Jaquez Jr.,1610612749,MIL,0012600032,2026-10-07,MIL @ OKC,W,21.65,4,12,3,7,2,2,1,0,1,3,2,2,0,4,13,-6
2026-27,1630579,Jericho Sims,1610612749,MIL,0012600032,2026-10-07,MIL @ OKC,W,17.816666666666666,3,3,0,0,0,0,4,2,6,2,2,0,0,1,6,-21
2026-27,1642880,Kam Jones,1610612749,MIL,0012600032,2026-10-07,MIL @ OKC,W,10.183333333333334,0,1,0,1,0,0,1,1,2,2,2,0,0,1,0,6
2026-27,1642857,Kasparas Jakučionis,1610612749,MIL,0012600032,2026-10-07,MIL @ OKC,W,17.65,3,7,2,6,2,2,1,3,4,4,1,0,1,3,10,-1
2026-27,1642276,Kel'el Ware,1610612749,MIL,0012600032,2026-10-07,MIL @ OKC,W,24.5,7,13,0,4,4,6,2,10,12,1,1,0,1,3,18,-9
2026-27,1626167,Myles Turner,1610612749,MIL,0012600032,2026-10-07,MIL @ OKC,W,21.7,5,8,2,4,7,8,3,2,5,0,1,1,2,2,19,16
2026-27,1643417,Nate Ament,1610612749,MIL,0012600032,2026-10-07,MIL @ OKC,W,9.533333333333333,1,7,0,1,1,4,3,1,4,1,0,1,0,0,3,-1
2026-27,1631172,Ousmane Dieng,1610612749,MIL,0012600032,2026-10-07,MIL @ OKC,W,22.516666666666666,3,7,0,2,2,2,1,4,5,7,1,0,0,1,8,2
2026-27,1631250,Pete Nance,1610612749,MIL,0012600032,2026-10-07,MIL @ OKC,W,12.583333333333334,2,5,2,4,0,0,0,5,5,0,1,0,0,2,6,4
2026-27,1631157,Ryan Rollins,1610612749,MIL,0012600032,2026-10-07,MIL @ OKC,W,20.9,5,7,2,3,0,1,1,2,3,7,1,1,1,2,12,2
2026-27,1629639,Tyler Herro,1610612749,MIL,0012600032,2026-10-07,MIL @ OKC,W,22.616666666666667,5,9,3,6,0,0,1,2,3,3,2,0,1,1,13,8
2026-27,1643530,Aday Mara,1610612760,OKC,0012600032,2026-10-07,OKC vs. MIL,L,25.016666666666666,10,10,0,0,2,3,0,6,6,2,0,0,1,1,22,17
2026-27,1642349,Ajay Mitchell,1610612760,OKC,0012600032,2026-10-07,OKC vs. MIL,L,17.483333333333334,1,5,0,3,1,1,0,2,2,5,4,0,1,1,3,-6
2026-27,1627936,Alex Caruso,1610612760,OKC,0012600032,2026-10-07,OKC vs. MIL,L,17.466666666666665,4,6,4,6,0,2,0,4,4,2,0,0,1,0,12,15
2026-27,1643808,Andrew Holifield,1610612760,OKC,0012600032,2026-10-07,OKC vs. MIL,L,5.916666666666667,0,0,0,0,2,2,0,1,1,1,0,0,0,0,2,2
2026-27,1643208,Anthony Pritchard,1610612760,OKC,0012600032,2026-10-07,OKC vs. MIL,L,9.583333333333334,0,2,0,0,2,4,1,0,1,2,1,1,0,0,2,-3
2026-27,1642892,Bennett Stirtz,1610612760,OKC,0012600032,2026-10-07,OKC vs. MIL,L,21.966666666666665,6,11,4,7,4,6,2,3,5,2,1,1,0,1,20,-20
2026-27,1642964,Brooks Barnhizer,1610612760,OKC,0012600032,2026-10-07,OKC vs. MIL,L,19.15,3,6,0,2,0,0,1,2,3,1,2,0,0,3,6,-9
2026-27,1641717,Cason Wallace,1610612760,OKC,0012600032,2026-10-07,OKC vs. MIL,L,18.383333333333333,2,8,1,4,2,2,2,1,3,6,0,1,1,1,7,11
2026-27,1643754,Christoph Tilly,1610612760,OKC,0012600032,2026-10-07,OKC vs. MIL,L,7.633333333333334,0,1,0,1,0,2,0,2,2,0,1,1,0,2,0,-14
2026-27,1631114,Jalen Williams,1610612760,OKC,0012600032,2026-10-07,OKC vs. MIL,L,18.983333333333334,8,11,0,3,0,0,0,3,3,6,1,2,0,2,16,9
2026-27,1642272,Jared McCain,1610612760,OKC,0012600032,2026-10-07,OKC vs. MIL,L,16.783333333333335,4,11,3,6,0,0,0,1,1,2,1,0,0,0,11,8
2026-27,1643717,Josh Dix,1610612760,OKC,0012600032,2026-10-07,OKC vs. MIL,L,13.916666666666666,1,5,1,5,0,0,0,0,0,0,1,0,0,4,3,-15
2026-27,1629026,Kenrich Williams,1610612760,OKC,0012600032,2026-10-07,OKC vs. MIL,L,13.7,1,9,1,6,0,0,2,2,4,0,1,2,0,3,3,-8
2026-27,1642923,Otega Oweh,1610612760,OKC,0012600032,2026-10-07,OKC vs. MIL,L,15.9,1,3,0,0,0,0,0,1,1,0,1,0,1,4,2,-6
2026-27,1628983,Shai Gilgeous-Alexander,1610612760,OKC,0012600032,2026-10-07,OKC vs. MIL,L,18.116666666666667,5,5,3,3,4,4,0,3,3,5,0,0,1,2,17,9
2026-27,1642893,Alex Toohey,1610612744,GSW,0012600033,2026-10-07,GSW @ POR,L,14.433333333333334,1,3,1,1,2,2,0,0,0,1,0,0,1,3,5,-15
2026-27,1630314,Brandon Williams,1610612744,GSW,0012600033,2026-10-07,GSW @ POR,L,17.916666666666668,7,11,1,3,2,4,0,3,3,4,3,1,0,1,17,1
2026-27,1629646,Charles Bassey,1610612744,GSW,0012600033,2026-10-07,GSW @ POR,L,21.456666666666667,5,6,0,0,1,2,1,3,4,1,3,3,3,3,11,-9
2026-27,1631207,Dalen Terry,1610612744,GSW,0012600033,2026-10-07,GSW @ POR,L,37.233333333333334,8,15,4,5,1,2,2,5,7,8,4,3,0,3,21,-3
2026-27,1643633,Graham Ike,1610612744,GSW,0012600033,2026-10-07,GSW @ POR,L,20.02166666666667,2,6,0,0,0,2,2,4,6,2,2,1,0,2,4,0
2026-27,1643018,LJ Cryer,1610612744,GSW,0012600033,2026-10-07,GSW @ POR,L,14.445,2,4,1,3,1,2,0,1,1,1,1,0,0,2,6,-15
2026-27,1642502,Malevy Leons,1610612744,GSW,0012600033,2026-10-07,GSW @ POR,L,29.45,2,8,1,3,0,0,1,1,2,0,2,0,1,1,5,-8
2026-27,1642939,Miles Kelly,1610612744,GSW,0012600033,2026-10-07,GSW @ POR,L,22.666666666666668,6,13,4,8,2,4,2,4,6,6,1,1,1,4,18,7
2026-27,1642954,Will Richard,1610612744,GSW,0012600033,2026-10-07,GSW @ POR,L,30.043333333333333,3,6,3,3,4,4,1,2,3,1,2,0,0,3,13,-3
2026-27,1642382,Branden Carlson,1610612757,POR,0012600033,2026-10-07,POR vs. GSW,W,6.466666666666667,2,3,0,0,0,0,2,0,2,0,0,0,0,0,4,9
2026-27,1642959,Chris Youngblood,1610612757,POR,0012600033,2026-10-07,POR vs. GSW,W,12.0,3,5,2,3,0,2,0,2,2,3,3,1,0,2,8,5
2026-27,203081,Damian Lillard,1610612757,POR,0012600033,2026-10-07,POR vs. GSW,W,19.266666666666666,5,11,3,8,2,2,0,1,1,1,1,2,0,1,15,-5
2026-27,1630166,Deni Avdija,1610612757,POR,0012600033,2026-10-07,POR vs. GSW,W,21.016666666666666,9,13,3,6,2,4,1,1,2,2,2,0,0,2,23,-2
2026-27,1642270,Donovan Clingan,1610612757,POR,0012600033,2026-10-07,POR vs. GSW,W,19.666666666666668,1,7,0,2,1,1,2,8,10,2,0,1,1,1,3,-9
2026-27,1629630,Ja Morant,1610612757,POR,0012600033,2026-10-07,POR vs. GSW,W,19.05,3,8,0,1,2,2,2,0,2,5,4,2,0,2,8,-4
2026-27,1643257,Jayson Kent,1610612757,POR,0012600033,2026-10-07,POR vs. GSW,W,3.466666666666667,1,2,1,2,0,0,0,1,1,1,0,1,0,1,3,-5
2026-27,1631110,Jeremy Sochan,1610612757,POR,0012600033,2026-10-07,POR vs. GSW,W,8.533333333333333,4,5,2,2,0,0,0,0,0,0,0,0,0,1,10,10
2026-27,1642910,John Tonje,1610612757,POR,0012600033,2026-10-07,POR vs. GSW,W,3.466666666666667,0,0,0,0,0,0,0,0,0,1,0,1,0,1,0,-5
2026-27,201950,Jrue Holiday,1610612757,POR,0012600033,2026-10-07,POR vs. GSW,W,12.733333333333333,0,3,0,1,0,0,0,3,3,5,2,1,0,0,0,9
2026-27,1630695,Micah Potter,1610612757,POR,0012600033,2026-10-07,POR vs. GSW,W,6.533333333333333,4,4,2,2,1,1,2,2,4,1,0,0,0,0,11,3
2026-27,1629057,Robert Williams III,1610612757,POR,0012600033,2026-10-07,POR vs. GSW,W,9.866666666666667,3,3,0,0,0,0,3,1,4,1,1,1,4,1,6,13
2026-27,1630703,Scoot Henderson,1610612757,POR,0012600033,2026-10-07,POR vs. GSW,W,10.483333333333333,3,4,1,2,0,0,0,1,1,3,1,0,1,1,7,8
2026-27,1631321,Sidy Cissoko,1610612757,POR,0012600033,2026-10-07,POR vs. GSW,W,10.266666666666667,0,1,0,0,0,1,0,1,1,0,2,0,0,2,0,9
2026-27,1641739,Toumani Camara,1610612757,POR,0012600033,2026-10-07,POR vs. GSW,W,19.35,1,3,1,3,2,2,0,1,1,1,0,1,0,1,5,-4
2026-27,1630249,Vít Krejčí,1610612757,POR,0012600033,2026-10-07,POR vs. GSW,W,13.5,1,5,1,5,0,0,0,4,4,3,0,0,0,3,3,8
2026-27,1642905,Yang Hansen,1610612757,POR,0012600033,2026-10-07,POR vs. GSW,W,12.0,2,3,0,0,2,2,0,2,2,4,2,1,0,0,6,5
