PLAYER_NAME,TEAM,STATUS,FANTASY_STATUS,INJURY,RETURN_DATE,COMMENT,UPDATED
Aaron Wiggins,Atlanta Hawks,Day-To-Day,GTD,Lips Laceration,2026-10-08,"Wiggins won't return to Monday's preseason game against the Grizzlies due to a cut to his inner lip. He'll end with seven points (2-4 FG, 1-2 3Pt, 2-2 FT) in 11 minutes.",2026-10-06T00:29Z
Luguentz Dort,Atlanta Hawks,Day-To-Day,GTD,Knee Bruise,2026-10-08,"Dort won't play in Monday's preseason game against the Grizzlies due to a right knee contusion, Kevin Chouinard of the Hawks' official site reports.",2026-10-05T21:17Z
CJ McCollum,Atlanta Hawks,Day-To-Day,GTD,Nose Bruise,2026-10-08,"McCollum is out for Monday's preseason opener against the Grizzlies due to a nose contusion, Brad Rowland of the Locked On Podcast Network reports.",2026-10-05T21:16Z
Henri Veesaar,Atlanta Hawks,Out,OFS,Knee,2027-07-01,"Veesaar was diagnosed with a torn right ACL and is expected to miss the 2026-27 season, the Hawks announced Monday.",2026-09-21T19:50Z
Mouhamed Gueye,Atlanta Hawks,Day-To-Day,GTD,Foot Fracture,2026-10-21,"Gueye underwent surgery Tuesday to repair a fractured left foot that he suffered during a workout last week, Brad Rowland of the Locked On Podcast Network reports.",2026-07-19T00:14Z
Joshua Jefferson,Brooklyn Nets,Day-To-Day,GTD,Back,2026-10-08,"Jefferson (lower back) is out for Tuesday's preseason game against Charlotte, Brian Lewis of the New York Post reports.",2026-10-05T16:55Z
Mikel Brown Jr.,Brooklyn Nets,Day-To-Day,GTD,Ankle,2026-10-08,"Brown (ankle) will miss Tuesday's preseason game against the Hornets, Brian Lewis of the New York Post reports.",2026-10-05T16:51Z
Brandon Miller,Charlotte Hornets,Day-To-Day,GTD,Leg Bruise,2026-10-11,Miller (leg) is listed as out for Tuesday's preseason game versus the Nets.,2026-10-06T21:21Z
Christian Anderson,Charlotte Hornets,Day-To-Day,GTD,Ankle Sprain,2026-10-11,Anderson (ankle) won't play in Tuesday's preseason game against the Nets.,2026-10-06T21:16Z
Kylan Boswell,Charlotte Hornets,Day-To-Day,GTD,Knee,2026-10-21,"Boswell is rehabbing a right knee injury, and he's hopeful to be cleared for basketball activities prior to the start of the G League season in late October.",2026-10-05T21:28Z
Coby White,Charlotte Hornets,Day-To-Day,GTD,Calf Strain,2026-10-21,The Hornets announced Monday that White suffered a left calf strain during training camp and will not play during the preseason.,2026-10-05T20:56Z
Kon Knueppel,Charlotte Hornets,Day-To-Day,GTD,Hamstring,2026-10-21,"Hornets general manager Jeff Peterson said Monday that he ""doesn't know"" whether Knueppel (hamstring) will be available for the team's regular-season opener against the Nets, Owen Watterson of SI.com reports.",2026-09-28T14:25Z
Grant Williams,Charlotte Hornets,Day-To-Day,GTD,Hamstring,2026-10-21,"Williams will miss the preseason after suffering a right hamstring injury, the Hornets announced Friday.",2026-09-25T23:03Z
Zach Collins,Chicago Bulls,Day-To-Day,GTD,Toe Surgery,2026-10-09,"Collins (toe) won't play in Wednesday's preseason game against the Suns, K.C. Johnson of Chicago Sports Network reports.",2026-10-07T22:53Z
Jaylin Sellers,Chicago Bulls,Day-To-Day,GTD,Back,2026-10-09,"Sellers (back) won't play in Wednesday's preseason game against the Suns, Duane Rankin of The Arizona Republic reports.",2026-10-07T22:33Z
Tre Jones,Chicago Bulls,Day-To-Day,GTD,Hip,2026-10-09,"Jones won't play in Wednesday's preseason game against the Suns, Duane Rankin of The Arizona Republic reports.",2026-10-07T22:32Z
Nic Claxton,Chicago Bulls,Day-To-Day,GTD,Hamstring,2026-10-21,"Claxton tweaked his hamstring and will be re-evaluated in two weeks, Chuck Swirsky of the Bulls Radio Network of the Bulls Radio Network reports.",2026-10-05T18:00Z
Peyton Watson,Cleveland Cavaliers,Day-To-Day,GTD,Hamstring Strain,2026-10-08,"Although head coach Kenny Atkinson said the starting lineup for the beginning of the 2026-27 season is not yet set, he praised Watson's (hamstring) fit in Cleveland and added that ""there's a lot of room for growth in his offensive game,"" Chris Fedor of Cleveland.com reports.",2026-09-25T22:58Z
Morez Johnson Jr.,Dallas Mavericks,Day-To-Day,GTD,Lower Leg Soreness,2026-10-09,"Johnson (lower leg) is expected to play in Friday's preseason opener against Houston, per Brad Townsend of The Dallas Morning News.",2026-10-07T20:58Z
Santi Aldama,Dallas Mavericks,Day-To-Day,GTD,Undisclosed,2026-10-09,"Aldama (undisclosed) was limited during Saturday's practice, Noah Weber of TheSmokingCuban.com reported.",2026-09-26T18:15Z
Dereck Lively II,Dallas Mavericks,Day-To-Day,GTD,Foot Surgery,2026-10-09,"Mavericks president Masai Ujiri said Friday that Lively (foot) is ""making good progress"" in his recovery, Mike Curtis of The Dallas Morning News reports.",2026-09-25T15:34Z
Spencer Jones,Denver Nuggets,Day-To-Day,GTD,Hamstring,2026-10-11,Jones (hamstring) did not play during Tuesday's 93-79 preseason win over the Jazz.,2026-10-07T04:17Z
Jalen Duren,Detroit Pistons,Day-To-Day,GTD,Rest,2026-10-10,"Duren (rest) is expected to play at some point this preseason, per Hunter Patterson of The Athletic.",2026-10-07T18:57Z
Al Horford,Golden State Warriors,Day-To-Day,GTD,Rest,2026-10-10,"Horford (rest) is out for Wednesday's preseason game against Portland, per Tomer Azarly of ClutchPoints.com.",2026-10-07T20:40Z
Gui Santos,Golden State Warriors,Day-To-Day,GTD,Rest,2026-10-10,"Santos (rest) won't travel with the Warriors for Wednesday's preseason game against the Trail Blazers, Dalton Johnson of NBC Sports Bay Area reports.",2026-10-07T14:45Z
Brandin Podziemski,Golden State Warriors,Day-To-Day,GTD,Rest,2026-10-10,"Podziemski (rest) won't travel with the Warriors for Wednesday's preseason game against the Trail Blazers, Dalton Johnson of NBC Sports Bay Area reports.",2026-10-07T14:43Z
Gary Payton II,Golden State Warriors,Day-To-Day,GTD,Rest,2026-10-10,"Payton (rest) is out for Wednesday's preseason game against the Trail Blazers, Dalton Johnson of NBC Sports Bay Area reports.",2026-10-07T14:42Z
Georges Niang,Golden State Warriors,Day-To-Day,GTD,Rest,2026-10-10,"Niang (rest) won't travel with the Warriors for Wednesday's preseason game against Portland, Dalton Johnson of NBC Sports Bay Area reports.",2026-10-07T14:40Z
De'Anthony Melton,Golden State Warriors,Day-To-Day,GTD,Rest,2026-10-10,"Melton (rest) won't travel with the Warriors for Wednesday's preseason game against the Trail Blazers, Dalton Johnson of NBC Sports Bay Area reports.",2026-10-07T14:38Z
Yaxel Lendeborg,Golden State Warriors,Day-To-Day,GTD,Rest,2026-10-10,"Lendeborg (rest) is out for Wednesday's preseason game against the Trail Blazers, Anthony Slater of ESPN.com reports.",2026-10-07T14:21Z
Stephen Curry,Golden State Warriors,Day-To-Day,GTD,Rest,2026-10-10,"Curry generated 16 points, 4-7 FG, 3-6 3Pt, 5-6 FT), five assists and two rebounds across 14 minutes in Tuesday's 124-98 preseason win over the Lakers.",2026-10-07T13:20Z
Draymond Green,Golden State Warriors,Day-To-Day,GTD,Rest,2026-10-10,"Green will be limited to around 20 minutes in Tuesday's preseason contest against the Lakers and won't travel to Portland for Wednesday's back-to-back against the Trail Blazers, Anthony Slater of ESPN.com reports.",2026-10-07T04:48Z
Kristaps Porzingis,Golden State Warriors,Day-To-Day,GTD,Undisclosed,2026-10-21,"Porzingis (undisclosed) remains out indefinitely, per Anthony Slater of ESPN.com.",2026-10-06T20:04Z
Jimmy Butler III,Golden State Warriors,Out,OUT,Knee Surgery,2027-01-02,"The Warriors hope to have Butler (knee) back early in 2027, per Keith Watkins of Yahoo Sports.",2026-10-02T18:48Z
Moses Moody,Golden State Warriors,Out,OUT,Knee Surgery,2026-12-01,"Moody has progressed to light on-court activities as he continues his recovery from a ruptured left patellar tendon, Evan Webeck of The Mercury News reports.",2026-09-28T15:06Z
Larry Nance Jr.,Indiana Pacers,Day-To-Day,GTD,Hamstring,2026-10-10,"Nance (hamstring) is out for Wednesday's preseason game against Minnesota, Tony East of Forbes.com reports.",2026-10-07T22:45Z
T.J. McConnell,Indiana Pacers,Day-To-Day,GTD,Undisclosed,2026-10-10,"McConnell (undisclosed) won't play in Wednesday's preseason game against Minnesota, per Tony East of Forbes.com.",2026-10-07T22:43Z
Johnny Furphy,Indiana Pacers,Out,OUT,Knee Surgery,2027-01-01,"Furphy was diagnosed with a torn right ACL on Monday and will miss the remainder of the season, Michael Scotto of USA Today reports.",2026-02-09T21:43Z
Kobe Sanders,LA Clippers,Day-To-Day,GTD,Hip,2026-10-10,"Sanders (hip) was limited to individual player development work and did not take part in five-on-five activity Wednesday, Tomer Azarly of ClutchPoints.com reports. Azarly adds that the Clippers said Sanders is day-to-day.",2026-10-07T20:42Z
Bradley Beal,LA Clippers,Day-To-Day,GTD,Knee Inflammation,2026-10-10,"Beal (knee) isn't participating in five-on-five work and is doing individual player development work, Tomer Azarly of ClutchPoints.com reports. Azarly adds that the Clippers said Wednesday that Beal is continuing to have inflammation managed.",2026-10-07T20:35Z
Max Strus,LA Clippers,Out,OUT,Foot,2026-11-02,"Strus has been diagnosed with a partially torn plantar fascia in his right foot and he will be re-evaluated in four weeks, Ohm Youngmisuk of ESPN.com reports.",2026-10-05T22:21Z
Yanic Konan Niederhauser,LA Clippers,Out,OUT,Foot Surgery,2026-11-01,"Niederhauser (foot) won't be ready for the start of the season, Law Murray of The Athletic reports.",2026-09-28T18:07Z
Brandon Ingram,LA Clippers,Out,OUT,Achilles Surgery,2026-11-01,"Ingram won't be ready for the start of the season due to a partially torn Achilles, per Joey Linn of SI.com.",2026-09-28T18:01Z
Jordan Miller,LA Clippers,Out,OUT,Shoulder Surgery,2027-03-01,"Miller underwent surgery Wednesday to repair a torn left rotator cuff and will be re-evaluated in six months, per Law Murray of The Athletic.",2026-08-26T20:04Z
Arthur Kaluma,Los Angeles Lakers,Day-To-Day,GTD,Lower Body,2026-10-08,"Kaluma (lower body) won't play in Tuesday's preseason game Golden State, Luca Evans of the San Francisco Chronicle reports.",2026-10-07T01:03Z
Collin Sexton,Los Angeles Lakers,Day-To-Day,GTD,Lower Body,2026-10-08,"Sexton (lower body) won't play in Tuesday's preseason game against the Warriors, Luca Evans of the San Francisco Chronicle reports.",2026-10-07T00:59Z
Ziaire Williams,Los Angeles Lakers,Day-To-Day,GTD,Rest,2026-10-08,"Williams (rest) is out for Tuesday's preseason game against the Warriors, Luca Evans of the San Francisco Chronicle reports.",2026-10-07T00:55Z
Walker Kessler,Los Angeles Lakers,Day-To-Day,GTD,Finger,2026-10-08,"Kessler (finger) won't play in Tuesday's exhibition game against the Warriors, Luca Evans of the San Francisco Chronicle reports.",2026-10-07T00:55Z
Luka Doncic,Los Angeles Lakers,Day-To-Day,GTD,Undisclosed,2026-10-08,"Doncic (undisclosed) won't play in Tuesday's preseason game against the Warriors, Luca Evans of the San Francisco Chronicle reports.",2026-10-07T00:55Z
Matisse Thybulle,Los Angeles Lakers,Day-To-Day,GTD,Rest,2026-10-08,"Thybulle (rest) will skip Tuesday's exhibition against the Warriors, Luca Evans of the San Francisco Chronicle reports.",2026-10-07T00:54Z
Austin Reaves,Los Angeles Lakers,Day-To-Day,GTD,Ankle,2026-10-08,"Reaves (ankle) won't play in Tuesday's preseason game against the Warriors, Luca Evans of the San Francisco Chronicle reports.",2026-10-07T00:53Z
Micah Peavy,Memphis Grizzlies,Day-To-Day,GTD,Ankle,2026-10-09,Peavy (ankle) did not play in Wednesday's 122-118 preseason loss to the Magic.,2026-10-08T02:40Z
Isaiah Stewart,Memphis Grizzlies,Day-To-Day,GTD,Ankle,2026-10-09,"Stewart (ankle) didn't participate in Tuesday's practice and will not play in Wednesday's preseason game against the Magic, Michael Wallace of the Grizzlies' official site reports.",2026-10-07T23:05Z
Keshad Johnson,Miami Heat,Out,OUT,Hamstring,2026-10-26,"Johnson (hamstring) is practicing in a limited fashion, per Ira Winderman of the South Florida Sun Sentinel.",2026-10-07T18:04Z
Pelle Larsson,Miami Heat,Day-To-Day,GTD,Illness,2026-10-08,"Larsson didn't practice Wednesday due to an illness, Ira Winderman of the South Florida Sun Sentinel reports.",2026-10-07T18:01Z
Andrew Wiggins,Miami Heat,Day-To-Day,GTD,Illness,2026-10-08,"Wiggins is dealing with an illness, per Ira Winderman of the South Florida Sun Sentinel.",2026-10-07T18:01Z
Dru Smith,Miami Heat,Day-To-Day,GTD,Calf Strain,2026-10-16,"Smith will miss a couple weeks with a strained right calf, Ira Winderman of the South Florida Sun Sentinel reports.",2026-10-01T16:15Z
Nate Ament,Milwaukee Bucks,Day-To-Day,GTD,Ankle Sprain,2026-10-11,"Ament won't return to Wednesday's preseason game against the Thunder due to a left ankle sprain. He'll finish with three points (1-7 FG, 0-1 3Pt, 1-4 FT), four rebounds, one assist and one steal in 10 minutes.",2026-10-08T01:35Z
Donte DiVincenzo,Minnesota Timberwolves,Out,OUT,Achilles Surgery,2027-04-01,"DiVincenzo (Achilles) remains confident that he'll return during the 2026-27 season, Jon Krawczynski of The Athletic reports.",2026-10-05T20:53Z
Jose Alvarado,New York Knicks,Day-To-Day,GTD,Knee Bruise,2026-10-08,"Alvarado (knee) won't play in Monday's preseason game against the 76ers, Steve Popper of Newsday reports.",2026-10-05T21:45Z
Thomas Sorber,Oklahoma City Thunder,Day-To-Day,GTD,Knee Surgery,2026-10-12,"Sorber (knee) won't play in Wednesday's preseason game against the Bucks, Clemente Almanza of USA Today reports.",2026-10-07T22:26Z
Chet Holmgren,Oklahoma City Thunder,Day-To-Day,GTD,Rest,2026-10-12,"Holmgren (quadriceps) won't play in Wednesday's preseason game against Milwaukee, Clemente Almanza of USA Today reports.",2026-10-07T22:24Z
Nikola Topic,Oklahoma City Thunder,Day-To-Day,GTD,Back Surgery,2026-10-12,"Topic (back) won't play in Wednesday's preseason game against the Bucks, Clemente Almanza of USA Today reports.",2026-10-07T22:24Z
Isaiah Hartenstein,Oklahoma City Thunder,Day-To-Day,GTD,Ankle,2026-10-12,"Hartenstein (ankle) won't play in Wednesday's preseason game against the Bucks, Clemente Almanza of USA Today reports.",2026-10-07T22:23Z
Jaylin Williams,Oklahoma City Thunder,Day-To-Day,GTD,Heel,2026-10-12,"Williams (heel) is out for Wednesday's preseason game against the Bucks, Clemente Almanza of USA Today reports.",2026-10-07T22:22Z
Noah Penda,Orlando Magic,Day-To-Day,GTD,Hamstring,2026-10-11,"Penda (hamstring) is out for Wednesday's preseason game in Memphis, Jason Beede of the Orlando Sentinel reports.",2026-10-07T23:40Z
Anthony Black,Orlando Magic,Day-To-Day,GTD,Ankle Sprain,2026-10-11,"Black (ankle) has been ruled out for Wednesday's preseason game against the Grizzlies, Jason Beede of the Orlando Sentinel reports.",2026-10-07T23:39Z
Jalen Suggs,Orlando Magic,Day-To-Day,GTD,Illness,2026-10-11,"Suggs (illness) has been ruled out for Wednesday's preseason game against the Grizzlies, Jason Beede of the Orlando Sentinel reports.",2026-10-07T23:36Z
Jonathan Isaac,Orlando Magic,Day-To-Day,GTD,Knee Sprain,2026-10-11,"Isaac (knee) won't travel with the Magic for Wednesday's preseason opener against the Grizzlies due to personal reasons, Jason Beede of the Orlando Sentinel reports.",2026-10-06T15:42Z
Izaiyah Nelson,Orlando Magic,Out,GTD,Ankle Surgery,2026-11-01,"Team president Jeff Weltman said Monday that Nelson (ankle) remains about a month away from returning to the court after offseason surgery, per Philip Rossman-Reich of OrlandoMagicDaily.com.",2026-09-28T21:33Z
Dominick Barlow,Philadelphia 76ers,Day-To-Day,GTD,Back,2026-10-16,"Barlow (back) isn't expected to play in either of Philadelphia's next two preseason games against Brooklyn and Boston, Dave McMenamin of ESPN.com reports.",2026-10-07T17:04Z
Anfernee Simons,Philadelphia 76ers,Day-To-Day,GTD,Undisclosed,2026-10-16,"Simons (right hamstring) isn't expected to play in either of Philadelphia's next two preseason games against Brooklyn and Boston, Dave McMenamin of ESPN reports.",2026-10-07T17:00Z
Adem Bona,Philadelphia 76ers,Day-To-Day,GTD,Foot Sprain,2026-10-16,"Bona (left foot) isn't expected to play in either of Philadelphia's next two preseason games against Brooklyn and Boston, Dave McMenamin of ESPN.com reports.",2026-10-07T16:56Z
Ariel Hukporti,Philadelphia 76ers,Out,OUT,Achilles Ruptured,2027-10-01,"Hukporti has sustained a season-ending ruptured right Achilles tendon, per Shams Charania of ESPN.",2026-10-06T19:17Z
Tyrese Maxey,Philadelphia 76ers,Day-To-Day,GTD,Rest,2026-10-08,"Maxey (rest) won't play in Monday's preseason game against the Knicks, Chris Hine of The Minnesota Star Tribune reports.",2026-10-05T17:54Z
LeBron James,Philadelphia 76ers,Day-To-Day,GTD,Rest,2026-10-08,"James (rest) has been ruled out for Monday's game against the Knicks, Chris Hine of The Minnesota Star Tribune reports.",2026-10-05T17:52Z
Joel Embiid,Philadelphia 76ers,Day-To-Day,GTD,Rest,2026-10-08,"Embiid (rest) won't play in Monday's preseason game against the Knicks, Chris Hine of The Minnesota Star Tribune reports.",2026-10-05T17:49Z
Tacko Fall,Philadelphia 76ers,Day-To-Day,GTD,Hip,2026-10-16,"Fall was diagnosed with a left hip strain Thursday and will miss at least two weeks, Kyle Neubeck of AllPHLY.com reports.",2026-10-01T22:07Z
Miles Bridges,Phoenix Suns,Day-To-Day,GTD,Ankle,2026-10-10,"Bridges exited Wednesday's 124-117 preseason loss to the Bulls with a right ankle injury and did not return, Duane Rankin of The Arizona Republic reports.",2026-10-08T05:12Z
Mark Williams,Phoenix Suns,Out,OUT,Shoulder Surgery,2027-02-03,"Williams underwent surgery Thursday to repair a torn labrum in his left shoulder and will miss an extended period of time, Shams Charania of ESPN reports.",2026-09-11T16:03Z
Shaedon Sharpe,Portland Trail Blazers,Out,OUT,Knee Surgery,2027-03-02,"Sharpe suffered a torn meniscus in his knee and is expected to miss six months, per Shams Charania of ESPN.",2026-08-24T20:23Z
Keegan Murray,Sacramento Kings,Day-To-Day,GTD,Undisclosed,2026-10-08,"Murray (undisclosed) won't play in Monday's preseason game against the Lakers, Sean Cunningham of Fox 40 Sacramento reports.",2026-10-06T01:08Z
Malik Monk,Sacramento Kings,Day-To-Day,GTD,Rest,2026-10-08,"Monk (rest) won't suit up for Monday's exhibition versus the Lakers, Sean Cunningham of Fox 40 Sacramento reports.",2026-10-06T01:06Z
Ben Simmons,Sacramento Kings,Day-To-Day,GTD,Undisclosed,2026-10-08,"Simmons (not injury related) won't play in Monday's preseason game against the Lakers, Sean Cunningham of Fox 40 Sacramento reports.",2026-10-06T01:05Z
Jayden Quaintance,San Antonio Spurs,Out,OUT,Knee Surgery,2026-12-01,"Quaintance has been around the team but has not yet been cleared for basketball activities, Matt Guzman of SI.com reports.",2026-10-05T21:43Z
Tobias Harris,San Antonio Spurs,Day-To-Day,GTD,Calf Strain,2026-10-20,"Spurs head coach Mitch Johnson said they will not rush Tobias Harris (calf) back to the court, Jared Weiss of The Athletic reports.",2026-10-05T01:27Z
David Jones Garcia,San Antonio Spurs,Day-To-Day,GTD,Ankle Surgery,2026-10-08,"Jones Garcia (ankle) agreed to a two-way contract with the Spurs on Wednesday, per Michael Scotto of HoopsHype.com.",2026-07-22T19:16Z
Trayce Jackson-Davis,Toronto Raptors,Day-To-Day,GTD,Head,2026-10-10,"Correcting a previous report, Jackson-Davis (migraines) was absent from Tuesday's practice, Josh Lewenberg of TSN.ca reports.",2026-10-06T16:35Z
Jamison Battle,Toronto Raptors,Day-To-Day,GTD,Back,2026-10-10,"Battle (lower back) was a limited participant in Monday's practice, Esfandiar Baraheni of The Athletic reports.",2026-10-05T20:19Z
Allen Graves,Toronto Raptors,Day-To-Day,GTD,Groin,2026-10-10,"Graves (groin) was limited during Sunday's practice, Josh Lewenberg of TSN.ca reports.",2026-10-05T20:15Z
Kawhi Leonard,Toronto Raptors,Day-To-Day,GTD,Not Injury Related,2026-10-10,"Leonard (not injury related) went through a full practice Monday, Michael Grange of Sportsnet.ca reports.",2026-10-05T18:19Z
Nate Bittle,Toronto Raptors,Day-To-Day,GTD,Foot,2026-10-10,Bittle (foot) did not play in Saturday's 129-105 preseason loss to the Heat.,2026-10-04T02:56Z
Jusuf Nurkic,Utah Jazz,Out,OUT,Foot,2026-11-04,"Nurkic will miss at least the next four weeks due to a partial plantar plate tear of second toe in right foot, Chris Haynes of NBA TV reports.",2026-10-07T23:07Z
Lauri Markkanen,Utah Jazz,Day-To-Day,GTD,Neck Soreness,2026-10-12,Markkanen won't play in Tuesday's preseason game against the Nuggets due to neck soreness.,2026-10-07T00:50Z
Brice Sensabaugh,Utah Jazz,Day-To-Day,GTD,Hip,2026-10-12,Sensabaugh (hip) won't play in Tuesday's preseason game against the Nuggets.,2026-10-07T00:28Z
Kyle Filipowski,Utah Jazz,Day-To-Day,GTD,Back,2026-10-12,Filipowski (back) is out for Tuesday's exhibition versus the Nuggets.,2026-10-07T00:22Z
Alex Sarr,Washington Wizards,Day-To-Day,GTD,Foot Surgery,2026-10-08,"Sarr said he took part in the Wizards' 5-on-5 full-contact work during Monday's practice, Josh Robbins of The Athletic reports.",2026-10-05T21:10Z
Tristan Vukcevic,Washington Wizards,Out,OUT,Hip,2026-11-02,The Wizards announced Thursday that Vukcevic (hip) will be re-evaluated in four weeks.,2026-10-01T19:11Z
Jamir Watkins,Washington Wizards,Out,OUT,Knee,2027-04-01,The Wizards announced Thursday that Watkins has undergone surgery for a torn ACL.,2026-07-30T20:11Z
