PLAYER_NAME,POSITIONS
Ian Clark,SG
Yang Hansen,C
Shake Milton,SG
Michael Cobbins,PF
Keifer Sykes,SG
Nikola Jokic,C
Devin Cannady,PG
Phil Pressey,PG
Eli John Ndiaye,PF
Juan Nunez,PG
Nikola Durisic,SF
James Nnaji,C
Willie Reed,C
Chris Johnson,SF
Dakota Mathias,SG
Sim Bhullar,C
Vit Krejci,PG
Noa Essengue,PF
Ben Saraf,SG
Will Cherry,SG
Alfonzo McKinnie,SF
Chris Boucher,PF/C
Jeremiah Fears,PG/SG
Maxime Raynaud,C
Curtis Jones,SG
Will Riley,SF
Caleb Wilson,SF
Bryce Cotton,SG
Gabe Vincent,PG
Vander Blue,SG
Russ Smith,PG
Olivier-Maxence Prosper,PF
Eric Atkins,PG
Drew Timme,C
Ben Simmons,PG
Kai Jones,PF
Anton Watson,PF
Antonio Blakeney,SG
Jalen Wilson,PF
Brandon Sampson,SG
Lester Quinones,SG
Isaiah Wong,PG
Keith Appling,PG
Tristan Enaruna,SF
Toumani Camara,SF/PF
Malik Newman,SG
Adreian Payne,PF
Seth Curry,PG/SG
CJ McCollum,PG/SG
Kobe Brown,PF
Ron Baker,SG
Max Shulga,PG
Ugonna Onyenso,C
Dylan Harper,PG/SG
Drake Powell,SG
Jaden McDaniels,SF/PF
Tyrese Maxey,PG/SG
Trendon Watford,SF/PF
Onyeka Okongwu,C
Precious Achiuwa,PF/C
Trayce Jackson-Davis,PF
Adama Sanogo,C
Zeke Nnaji,PF/C
Keion Brooks Jr.,SF
Donta Hall,PF
Patrick Williams,PF
Chance Comanche,C
Allonzo Trier,SG
Dillon Jones,SF
Miles McBride,PG/SG
Brodric Thomas,SG
KJ Martin,SF
Keon Ellis,SG/SF
James Nunnally,SG
Matisse Thybulle,SF
Richard Solomon,PF
Larry Nance Jr.,PF
Dejounte Murray,PG/SG
Damion Baugh,SG
Christian Braun,SG/SF
Myron Gardner,SF
Christian Koloko,C
Seth Lundy,SG
Keshad Johnson,PF
Scotty Pippen Jr.,PG/SG
Bobi Klintman,PF
Norchad Omier,PF
Dereon Seabron,SG
Jesse Edwards,C
Eric Moreland,PF
Anthony Brown,SF
Dwight Powell,C
Josh Huestis,SF
Riley Minix,SF
Jamison Battle,SF
JT Thor,PF
Alex Sarr,PF/C
RayJ Dennis,PG
Jalen Lecque,PG
Zylan Cheatham,SF
Maurice Ndour,SF
Rashad Vaughn,SF
Marcus Sasser,PG
Isaiah Stevens,PG
Gian Clavell,SG
Kobe Sanders,SG
Devin Robinson,SF
Robert Covington,PF
Chris Chiozza,PG
Malik Beasley,SG
Terance Mann,SG/SF
Nique Clifford,SG/SF
Tristan da Silva,SF/PF
Jack Kayil,PG/SG
Quincy Olivari,PG
Josh Oduro,C
Jabari Brown,SG
Spencer Dinwiddie,PG/SG
Olivier Hanlan,PG
Donte Grantham,SF
Jamal Shead,PG
Jaylen Clark,SG
Jameel Warney,PF
Luka Mitrovic,SF
CJ Huntley,SF
Simone Fontecchio,SF
Dimitrios Agravanis,PF
Jaylen Wells,SG/SF
Marcus Georges-Hunt,SG
Evan Mobley,PF/C
Brandon Boston Jr.,SG
Cade Cunningham,PG
Jalen Suggs,PG/SG
Jaden Springer,SG
Isaiah Jackson,PF/C
Josh Christopher,SG
Cam Thomas,SG/SF
Sharife Cooper,PG
Moses Moody,SG/SF
Daishen Nix,PG
Julian Strawther,SF
Hunter Dickinson,C
MarJon Beauchamp,SG
Micah Peavy,SF
Andre Jackson Jr.,SG
Amile Jefferson,PF
Reece Beekman,PG
Day'Ron Sharpe,C
Keon Johnson,SG
Dewayne Dedmon,C
Brice Johnson,PF
Marcus Paige,PG
Antonius Cleveland,SG
Johnny Davis,SG
Mike Tobey,C
Rodney Purvis,SG
J.P. Tokoto,SG
Chasson Randle,PG
Cameron Payne,PG
Nikola Jovic,PF
Ismael Kamagate,C
Khalifa Diop,C
Ousmane Dieng,SF
Malcolm Miller,SF
Luke Travers,SG
Gui Santos,SF
Tristan Vukcevic,PF
Karlo Matkovic,PF
Yannick Nzosa,C
Matteo Spagnolo,PG
Tyler Cavanaugh,PF
Alijah Martin,SG
Aaron Gordon,PF
Mindaugas Kuzminskas,PF
Kentavious Caldwell-Pope,SG/SF
Kendrick Nunn,SG
Zach LaVine,SG/SF
Cristiano Felicio,C
Cody Martin,SG
Amari Williams,C
Caleb Martin,SG
Joel Berry II,PG
Delon Wright,PG
Armel Traore,SF
Bilal Coulibaly,SG/SF
Victor Wembanyama,C
Theo Pinson,SG
Jabari Walker,PF
Jahmyl Telfort,PF
Alex Antetokounmpo,SF
Shayne Whittington,C
Anthony Gill,PF
Jordan Mickey,PF
Shawn Long,PF
Dakari Johnson,C
Julius Randle,PF
Nate Wolters,PG
Josh Richardson,SG
Aaron Harrison,SG
Cameron Johnson,SF/PF
Derrick Walton Jr.,PG
Bonzie Colson,PF
Chris Manon,SG
Jabari Smith Jr.,PF/C
Kennedy Chandler,PG
Bobby Portis,PF/C
Trevor Keels,SG
Karim Mane,SG
Luke Kornet,C
Matt Ryan,SF
DeVaughn Akoon-Purcell,SG
Johnathan Williams,C
Paolo Banchero,SF/PF
Max Christie,SG
AJ Griffin,SF
Jock Landale,C
Jaden Bradley,PG
Dariq Whitehead,SF
Reed Sheppard,PG/SG
Justin Edwards,SF
Matas Buzelis,SF/PF
Naz Mitrou-Long,SG
Georges Niang,PF
Taurean Prince,SF
Buddy Hield,SG/SF
Isaiah Cousins,SG
Andrew White III,SG
Lawson Lovering,C
Jaime Jaquez Jr.,SG/SF
Terrence Shannon Jr.,SG
Ryan Arcidiacono,PG
Daniel Ochefu,PF
Caris LeVert,SG/SF
Mitch McGary,PF
Emanuel Miller,PF
Marcus Smart,PG/SG
Jorge Gutierrez,PG
Tyson Etienne,PG
Yogi Ferrell,SG
Grant Jerrett,PF
Drew Gordon,PF
Diamond Stone,C
Jaron Pierre Jr.,SG
Isaiah Stewart,PF/C
Cole Anthony,PG/SG
James Wiseman,C
Jeremiah Robinson-Earl,PF
Josh Green,SG
Johnny Juzang,SG
LaMelo Ball,PG
Isaiah Mobley,PF
Isaac Okoro,SG/SF
E.J. Liddell,PF
D.J. Carton,PG
Tre Mann,PG/SG
Mangok Mathiang,PF
Jaylin Williams,PF/C
Oscar Tshiebwe,C
Jerami Grant,PF
Alex Ducas,SG
Danuel House Jr.,SF
AJ Hammons,C
JaMychal Green,PF
Kris Dunn,PG/SG
Coty Clarke,PF
Mitchell Creek,SF
Justin Champagnie,SF/PF
Tidjane Salaun,PF
Zaccharie Risacher,SF
Steven Adams,C
Cleanthony Early,SF
Fred VanVleet,PG/SG
Dee Bost,PG
Jalen Bridges,SF
Alex Poythress,PF
Donovan Mitchell,PG/SG
Deng Adel,SF
Archie Goodwin,SG
Matt Williams Jr.,SG
Scottie Barnes,SG/SF
Michael Frazier,SG
Jahmir Young,PG
Ziaire Williams,SG/SF
Walker Kessler,C
Caleb Love,SG
Shaquille Harrison,SG
Josh Hall,SF
Dalen Terry,SF
Matt Costello,PF
Alex Caruso,PG/SG
Vsevolod Ishchenko,SG
John Collins,PF/C
Gary Harris,SG
Ben Sheppard,SG/SF
Rayjon Tucker,SF
Cam Spencer,PG/SG
Taelon Peter,SG
Patrick Baldwin Jr.,SF
Moussa Diabate,PF/C
Jonathan Kuminga,SF/PF
Kendall Brown,SF
Chet Holmgren,PF/C
Sean McDermott,SG
Trey Alexander,SG
Trey McKinney-Jones,SG
Hunter Sallis,SG
Brandon Miller,SG/SF
Dylan Cardwell,C
Mark Sears,PG
Devin Carter,PG
Tari Eason,SF/PF
Jaden Ivey,PG/SG
Tyler Kolek,PG
Colby Jones,SG
Eric Mika,C
Tim Quarterman,SG
Josh Magette,PG
Trevon Duval,PG
Gary Trent Jr.,SG/SF
Dillon Brooks,SG/SF
Marvin Bagley III,PF/C
Brandon Goodwin,PG
Wendell Carter Jr.,C
Jaylen Brown,SG/SF
MJ Walker,SG
Jose Alvarado,PG
Moses Wright,PF
Malik Williams,C
Brian Bowen II,SG
Freddie Gillespie,PF
Ben Moore,PF
Lonnie Walker IV,SG
Marcus Garrett,SG
Javonte Cooke,SG
Joel Bolomboy,PF
Xavier Munford,SG
Cameron Reynolds,SG
Collin Sexton,PG/SG
Chinanu Onuaku,PF
Herbert Jones,SF/PF
Kevon Looney,C
Semaj Christon,PG
Daniel Theis,C
Jarnell Stokes,PF
Xavier Tillman,PF
Harrison Ingram,SF
Chris Livingston,SF
Jalen Duren,C
Emoni Bates,SF
Caleb Houstan,SF
Ryan Nembhard,PG/SG
Keyonte George,PG/SG
Khaman Maluach,C
Vince Shamar Hunter,PF
Zhou Qi,C
Nikola Milutinov,C
Alex Toohey,PF
AJ Johnson,SG
Trae Young,PG
Mo Bamba,C
Johni Broome,PF
Jericho Sims,C
Maliq Brown,SF/PF
Bruno Fernando,C
Luka Garza,C
Jordan Poole,PG/SG
Isaiah Livers,PF
Jaren Jackson Jr.,PF/C
DaRon Holmes II,PF
Rade Zagorac,SG
Ulrich Chomche,C
Pacome Dadiet,SF
Michael Porter Jr.,SF/PF
Melvin Ajinca,SG
Justin Minaya,SF
Yves Pons,SG
Josh Minott,SF
Anfernee Simons,PG/SG
Mitchell Robinson,C
Deandre Ayton,C
Alpha Kaba,PF
Paul Zipser,SF
Arturas Gudaitis,C
Trevelin Queen,SG
Oshae Brissett,PF
Nickeil Alexander-Walker,PG/SG
Mikal Bridges,SG/SF
Olivier Sarr,C
Chaundee Brown Jr.,SG
Daniel Gafford,C
Chuma Okeke,PF
Davion Mitchell,PG
Richie Saunders,SG
Nic Claxton,C
Shai Gilgeous-Alexander,PG
Nick Richards,C
Kevin Knox II,SF
P.J. Washington,SF/PF
Jarred Vanderbilt,SF/PF
Scotty Hopson,SG
Ajay Mitchell,PG/SG
Kel'el Ware,C
Tyler Bilodeau,PF
Tyrese Proctor,SG
Edy Tavares,C
Amari Bailey,SG
Adem Bona,C
LeBron James,SF/PF
Dennis Schroder,PG
Lucas Nogueira,C
Giannis Antetokounmpo,PF/C
Dario Saric,PF
Rudy Gobert,C
Julian Phillips,SF
GG Jackson,PF
Vincent Poirier,C
Henri Veesaar,C
Alex Karaban,SF/PF
Donovan Clingan,C
Cam Whitmore,SF/PF
Daniel Diez,SG
Domantas Sabonis,PF/C
Obi Toppin,PF
Tosan Evbuomwan,SF
Jacob Gilyard,PG
Cameron Carr,SG/SF
Jordan Goodwin,PG/SG
Jalen Hood-Schifino,SG
Mitchell Watt,PF
Tahjere McCall,SG
Udonis Haslem,PF
Malaki Branham,SG
Kylor Kelley,C
McKinley Wright IV,PG
Ethan Thompson,SG
Omer Yurtseven,C
Miles Kelly,PG
Juan Toscano-Anderson,SF
Tarris Reed Jr.,C
Jett Howard,SF
Nick Martinelli,SF
Brice Sensabaugh,SG/SF
Felix Okpara,PF
Bruce Thornton,PG
Braden Smith,PG
Tobi Lawal,SF
Emanuel Sharp,SG
Tony Bradley,C
Jaylen Nowell,SG
Bruce Brown,SG/SF
Josh Okogie,SF
Paul Watson,SG
Ty-Shon Alexander,SG
Joffrey Lauvergne,C
Trent Forrest,SG
Jack White,SF
Jonathan Isaac,PF
Paul Reed,PF/C
Marques Bolden,C
Javin DeLaurier,C
Jamorko Pickett,PF
Sergey Karasev,SG
Jayson Tatum,SF/PF
Jamal Cain,SF
Rasheer Fleming,PF
Ky Bowman,PG
Sandro Mamukelashvili,PF/C
Collin Gillespie,PG
Naji Marshall,SF/PF
Jaden Hardy,SG
Milton Doyle,SG
Ty Jerome,PG/SG
Jay Huff,C
De'Andre Hunter,SF/PF
Will Magnay,PF
Anthony Black,PG/SG
Thomas Bryant,C
OG Anunoby,SF/PF
Juwan Morgan,SF
Jarace Walker,SF/PF
Mouhamed Gueye,PF
Max Strus,SF
Isaac Humphries,C
Noah Clowney,PF
Jalen Brunson,PG
Donte DiVincenzo,PG/SG
Marcus Derrickson,SF
Zuby Ejiofor,PF
Gradey Dick,SG/SF
Nae'Qwan Tomlin,PF
Otega Oweh,SG
Dillon Mitchell,SF
Sidy Cissoko,SG
Markus Howard,PG
Sam Hauser,SF/PF
Malcolm Brogdon,PG
Gary Clark,PF
Satnam Singh Bhamara,C
Nikola Radicevic,PG
David Jones Garcia,SF
Quinn Cook,PG
KJ McDaniels,SF
Christian Wood,PF
Marshall Plumlee,C
Michael Gbinije,SG
Joe Chealey,PG
Troy Caupain,SG
Terry Rozier,PG
Amida Brimah,C
Monta Ellis,SG
Chris Paul,PG
Isaiah Hicks,PF
Bryce Hopkins,SF
Keaton Wallace,PG
Marcelo Huertas,PG
Nicolas Laprovittola,SG
Jamir Watkins,SG
Facundo Campazzo,PG
Aron Baynes,C
Joe Ingles,SF
Chucky Hepburn,PG
Maxi Kleber,PF
Salah Mejri,C
Jared Harper,PG
Daryl Macon,SG
Hassani Gravett,PG
Grant Williams,PF
Robert Williams III,C
Kyle Lowry,PG
Xavier Sneed,SF
P.J. Tucker,PF
J.J. Barea,PG
Duop Reath,C
Wenyen Gabriel,SF
Bam Adebayo,PF/C
Malik Monk,PG/SG
De'Aaron Fox,PG/SG
Josh Gray,PG
Dusty Hannahs,SG
Zavier Simpson,PG
Jon Teske,C
Justin Jackson,SF
Kevin Huerter,SG/SF
Tyler Cook,PF
Payton Pritchard,PG/SG
Brayden Burries,SG
Kobi Simmons,PG
Lauri Markkanen,SF/PF
Rawle Alkins,SG
Jarrett Allen,C
Desmond Bane,SG/SF
Lindy Waters III,SG
Cam McGriff,SF
De'Anthony Melton,PG/SG
Daeqwon Plowden,SG
Lonzo Ball,PG/SG
Keaton Wagler,PG/SG
Eugene Omoruyi,SF
Royce O'Neale,SF/PF
Lamar Stevens,SF
Micah Potter,C
Elfrid Payton,PG
Mike Conley,PG
Amir Coffey,SG
Kevin Durant,SF/PF
Miles Bridges,SF/PF
Jeff Green,PF
Al Horford,PF/C
JaQuori McLaughlin,PG
Jarron Cumberland,SG
Dyson Daniels,PG/SG
Stanley Umude,SG
Austin Reaves,PG/SG
Armoni Brooks,PG
Anthony Tolliver,PF
Matt Mooney,SG
Richaun Holmes,C
Kam Jones,PG
Nicolas Batum,PF
Eric Gordon,SG
Malachi Flynn,PG
Isaiah Hartenstein,C
DeAndre Jordan,C
Brook Lopez,C
Kevin Love,PF
Killian Tillie,C
Zach Norvell Jr.,SG
Zach Collins,C
Rui Hachimura,SF/PF
Markelle Fultz,PG
Russell Westbrook,PG
Sam Merrill,SG
Tre Johnson,SG
Ryan Conwell,SG
Danny Wolf,PF/C
Jalen McDaniels,PF
Kevin Pangos,PG
Daniss Jenkins,PG
Terry Taylor,PF
Joan Beringer,C
Marko Guduric,SG
Vlatko Cancar,SF
Franz Wagner,SF/PF
Taze Moore,SG
Sergio de Larrea,PG
DeJon Jarreau,PG
Nolan Traore,PG
Anthony Lamb,SF
Jeff Dowtin Jr.,PG
Duncan Robinson,SG/SF
Jackson Rowe,PF
Ja Morant,PG
Xavier Rathan-Mayes,PG
Cat Barber,PG
Andrew Wiggins,SF/PF
Joel Embiid,C
Wayne Selden,SG
Matt Thomas,SG
Nate Ament,SF
Monte Morris,PG
Ish Wainright,PF
Isaiah Taylor,PG
London Perrantes,PG
Izaiyah Nelson,PF
Cady Lalanne,C
Tyler Ennis,PG
Terence Davis,SG
BJ Johnson,SF
Jamel Artis,SG
Johnathan Motley,PF
A.J. Lawson,SG
Ognjen Jaramaz,PG
Wang Zhelin,C
Guerschon Yabusele,PF/C
Georgios Papagiannis,C
Isaia Cordinier,SG
Dru Smith,PG
Ivica Zubac,C
Deonte Burton,SG
Billy Garrett Jr.,SG
Derik Queen,PF/C
Nate Darling,SG
Koby Brea,SG
JaKarr Sampson,PF
Shabazz Muhammad,SF
Kevin McCullar Jr.,SF
Nigel Hayes-Davis,SF
Kyle Anderson,SF/PF
Jordan Adams,SG
Jaylen Morris,SG
Zach Lofton,SG
David Michineau,SG
Joel Ayayi,PG
Corey Kispert,SG/SF
Tarik Biberovic,PF
Cooper Flagg,SF/PF
Cameron Boozer,PF
Darryn Peterson,PG/SG
Meleek Thomas,SG
Koa Peat,PF
Cam Christie,SG
Derrick Jones Jr.,SF/PF
Stephon Castle,PG/SG
Pascal Siakam,PF
Bub Carrington,PG/SG
Stephen Curry,PG
DeMar DeRozan,SF/PF
Taj Gibson,PF
James Harden,PG/SG
Jrue Holiday,PG/SG
James Johnson,PF
Patty Mills,PG
Garrett Temple,SG
Wesley Matthews,SF
Erik McCree,SF
Nathan Knight,C
Luis Montero,SG
Jamaree Bouyea,PG
Isaac Jones,PF
Jamal Murray,PG
Skal Labissiere,PF
Cedric Coward,SG/SF
Mychal Mulder,SG
Ryan Rollins,PG/SG
Isaiah Briscoe,PG
Kenrich Williams,SF
Paul George,SF/PF
Rayan Rupert,SG
Jevon Carter,PG
Keenan Evans,SG
Myles Turner,C
Chris Youngblood,SG
Kelly Oubre Jr.,SG/SF
Svi Mykhailiuk,SG
Ja'Kobi Gillespie,PG
Cliff Alexander,PF
Jemerrio Jones,SF
Kelan Martin,SG
Ish Smith,PG
Cody Demps,PG
Jonathan Mogbo,PF
Nicolo Melli,PF
Trentyn Flowers,SF
Jack McVeigh,PF
Johnny Furphy,SG
Cameron Oliver,PF
Boban Marjanovic,C
Mojave King,SG
Lachlan Olbrich,PF
Yanic Konan Niederhauser,C
Bryn Forbes,SG
Jaylen Adams,PG
Jared Terrell,SG
Carlik Jones,PG
VJ Edgecombe,SG
Kingston Flemings,PG/SG
Joshua Jefferson,SF/PF
Dominick Barlow,PF/C
Kasparas Jakucionis,PG
Noah Penda,PF
Allen Graves,SF
Alondes Williams,SG
Trevon Brazile,SF/PF
Hunter Tyson,SF
Tre Jones,PG
RJ Barrett,SG/SF
Trey Jemison III,C
Devin Vassell,SG/SF
Zion Williamson,PF/C
Cam Reddish,SF
Leaky Black,SF
Kevon Harris,SG
Coby White,PG/SG
Marcus Eriksson,SG
Wendell Moore Jr.,SF
Tyler Herro,PG/SG
Immanuel Quickley,PG/SG
Keldon Johnson,SF/PF
Rocco Zikarsky,C
Patric Young,C
Jase Richardson,SG
Baba Miller,PF
Jaylen Hoard,SF
Jared Butler,SG
Isaiah Joe,SG
Mason Jones,SG
Malcolm Delaney,PG
Keyontae Johnson,SF
Andrew Nembhard,PG/SG
Ashton Hagans,PG
Jacob Toppin,SF
Peyton Watson,SF/PF
Zach Edey,C
Zoran Dragic,SG
Bryce McGowens,SG
JD Davison,PG
Julian Champagnie,SF/PF
Luka Doncic,PG
Bones Hyland,PG
N'Faly Dante,C
Chris Duarte,SG
Bogoljub Markovic,PF
Jacob Wiley,SF
Liam McNeeley,SF
Jordan Schakel,SF
Spencer Jones,SF/PF
Branden Carlson,C
Mike James,PG
Ryan Kalkbrenner,C
Ariel Hukporti,C
Gabriele Procida,SG
Ibou Badji,C
Josh Giddey,PG/SG
Alperen Sengun,C
Malcolm Cazalon,SG
Hugo Besson,PG
Moritz Wagner,C
Duje Dukan,PF
Tim Hardaway Jr.,SG/SF
Aaron Craft,SG
Kyle Collinsworth,SG
Cody Williams,SG
Jaylen Martin,SF
J.J. O'Brien,SF
Joe Young,PG
Tacko Fall,C
Antonio Reeves,SG
Jake LaRavia,SF/PF
Justin Robinson,PG
Cameron Bairstow,PF
Enrique Freeman,PF
Pat Spencer,PG/SG
Boo Buie,PG
Alex Kirk,C
Isaiah Crawford,SF
Lajae Jones,SG
Jalen Green,SG/SF
Jordan Clarkson,SG/SF
Dean Wade,PF
Gabriel Deck,SF
Okaro White,PF
Nicolas Brussino,SG
Pelle Larsson,SG/SF
Alec Brown,C
Oso Ighodaro,PF
Quenton Jackson,PG/SG
Walt Lemon Jr.,PG
Quinten Post,PF/C
Saliou Niang,SG
Chaney Johnson,SF
Killian Hayes,PG
Deni Avdija,SF/PF
Kyshawn George,SG/SF
Eric Griffin,SF
Doug McDermott,SF
Karim Lopez,SF
Emanuel Terry,PF
Tristen Newton,PG
Tyler Nickel,SF
Gary Payton II,SG
Torrey Craig,PF
Jordan McLaughlin,PG
Santi Aldama,SF/PF
Jakob Poeltl,C
Kyle Kuzma,SF/PF
David Roddy,PF
DaQuan Jeffries,SG
Orlando Robinson,C
John Tonje,SF
John Konchar,SG
Garrison Mathews,SG
Luke Kennard,SG
Brandon Ingram,SF/PF
Nate Hinton,SG
Feron Hunt,PF
Jahlil Okafor,C
Tyus Jones,PG
Grayson Allen,PG/SG
Hannes Steinbach,PF
Walter Clayton Jr.,PG/SG
Lorenzo Brown,SG
Jaime Echenique,C
Dorian Finney-Smith,PF
Javon Small,PG
Aday Mara,C
DeAndre Daniels,SF
Khem Birch,C
Pat Connaughton,SG
Damien Inglis,SF
Thanasis Antetokounmpo,SF
Vasilije Micic,PG
Kristaps Porzingis,PF/C
Jusuf Nurkic,C
Clint Capela,C
Dante Exum,SG
Bennedict Mathurin,SG/SF
Aaron Nesmith,SG/SF
Darius Garland,PG
Pierre Deshawn Jackson,PG
Jordan Miller,SF
Darrun Hilliard,SF
Tyler Harvey,SG
Quentin Grimes,SG/SF
Kobe Bufkin,PG
Ochai Agbaji,SF
Devon Dotson,PG
Luguentz Dort,SG/SF
Julian Reese,PF
Jordan Hawkins,SG
TyTy Washington Jr.,PG
Jaylon Tyson,SG/SF
Brandon Williams,PG/SG
Isaiah Collier,PG
Jared McCain,PG/SG
Bronny James,PG/SG
Ronald Holland II,SF/PF
Collin Murray-Boyles,PF
James Michael McAdoo,PF
P.J. Hairston,SG
Scoot Henderson,PG/SG
Jordan Walsh,SF
Dereck Lively II,C
Blake Hinson,SF
Nick Smith Jr.,SG
Naz Reid,PF/C
Cason Wallace,PG/SG
Mohamed Diawara,PF
Tyrese Haliburton,PG/SG
Talen Horton-Tucker,SG
Ayo Dosunmu,PG/SG
Cole Swider,PF
Saddiq Bey,SF/PF
Kevin Porter Jr.,PG/SG
Jeremy Sochan,PF
Chris Cenac Jr.,PF/C
Sheldon Mac,SG
Christian Anderson,PG
Darius Acuff Jr.,PG
Tyrese Martin,SF
Aaron Wiggins,SG/SF
Jalen Smith,PF/C
Kenneth Lofton Jr.,PF
Adou Thiero,SF
Mac McClung,SG
Jaxson Hayes,C
Bol Bol,PF
Louis King,PF
KJ Simpson,PG
David Duke Jr.,SG
Jared Rhoden,SG
Moses Brown,C
Greg Whittington,SF
Troy Williams,SF
Ryan Dunn,SF/PF
Jalen Williams,SF/PF
Colin Castleton,C
Aaron Henry,SF
Blake Wesley,SG
Jahmai Mashack,SG
Tamar Bates,SG
Sion James,SF
Leonard Miller,SF
Baylor Scheierman,SG
Vince Williams Jr.,PG/SG
Pete Nance,PF
Duane Washington Jr.,PG
Ron Harper Jr.,SG
Mikel Brown Jr.,PG
AJ Dybantsa,SF
Narcisse Ngoy,C
Landry Shamet,SG
Bismack Biyombo,C
Aaron Holiday,PG
MarShon Brooks,SG
Alec Burks,SG
Jimmy Butler III,SG/SF
Hugo Gonzalez,SF
Tobias Harris,SF/PF
Egor Demin,PG/SG
Kyrie Irving,PG
Reggie Jackson,PG
Cory Joseph,PG
Neemias Queta,C
Kawhi Leonard,SF/PF
Markieff Morris,PF
Elijah Harkless,SG
Tristan Thompson,C
Klay Thompson,SG/SF
Jonas Valanciunas,C
Nikola Vucevic,C
Sean Kilpatrick,SG
Jayden Quaintance,PF/C
Lance Thomas,PF
Damion Lee,SF
Liam Robbins,C
Dwight Buycks,PG
Brad Wanamaker,PG
Mason Plumlee,C
Xavier Moon,PG
Nate Mensah,C
Charles Cooke,SG
Aaron White,SF
Derrick White,PG/SG
Ja'Kobe Walter,SG
Lamar Patterson,SG
Harrison Barnes,SF/PF
Branden Dawson,SF
Bradley Beal,SG/SF
Will Richard,SG/SF
Jae Crowder,PF
Anthony Davis,PF/C
Andre Drummond,C
Rob Dillingham,PG
Draymond Green,PF/C
Treveon Graham,SF
Maxwell Lewis,SF
Briante Weber,PG
Damian Lillard,PG
Khris Middleton,SF/PF
Rodney McGruder,SG
AJ Green,SG
Hollis Thompson,SF
Yaxel Lendeborg,SF/PF
Kent Bazemore,SG
Brooks Barnhizer,SF
Devontae Cacok,C
Keljin Blevins,SF
Javon Freeman-Liberty,PG
Tyler Davis,C
Adam Flagler,SG
Anthony Edwards,SG/SF
Justin Holiday,SG
Drew Eubanks,C
Jazian Gortman,PG
Drew Peterson,SF
Trey Murphy III,SG/SF
Kessler Edwards,SF
Tim Frazier,PG
Bennett Stirtz,PG
Malique Lewis,SF
Axel Toupane,SG
Onuralp Bitim,SF
Louis Labeyrie,PF
Bogdan Bogdanovic,SG/SF
Yongxi Cui,SG
Yante Maten,PF
Norman Powell,SG/SF
Trey Lyles,PF
Karl-Anthony Towns,C
Devin Booker,PG/SG
Jamil Wilson,PF
Nate Williams,SG
Mamadi Diakite,PF
Tyler Smith,SF
Vladislav Goldin,C
Keegan Murray,SF/PF
Kris Murray,PF
Trey Kaufman-Renn,PF
Jordan Loyd,PG
Chaz Lanier,SG
Myke Henry,SF
Labaron Philon Jr.,PG/SG
Brandin Podziemski,PG/SG
James Webb III,PF
Issuf Sanon,PG
Goga Bitadze,C
Alan Williams,PF
Jordan Sibert,SG
Tolu Smith,PF
Charles Bassey,C
Dalano Banton,PG
Jarrod Uthoff,PF
Yuki Kawamura,PG
Yves Missi,C
Isaiah Evans,SG
Thomas Sorber,C
Josh Hart,SG/SF
Nikola Topic,PG
Kyle Filipowski,PF/C
Asa Newell,PF
Dailyn Swain,SF
Taylor Hendricks,PF
Larry Drew II,SG
Marcus Thornton,SG
C.J. Williams,SF
Jonathon Simmons,SF
David Nwaba,SG
Ben Bentil,PF
Ace Bailey,SF/PF
Kon Knueppel,SG/SF
J.P. Macura,SG
Carter Bryant,SF
Trevon Bluiett,SG
Angel Delgado,C
Ausar Thompson,SF/PF
Morez Johnson Jr.,PF/C
Damjan Rudez,SF
Amen Thompson,SG/SF
Tyler Johnson,PG
Haywood Highsmith,SF
Chris Clemons,PG
Jalen Jones,SF
Jalen Slawson,SF
Julian Washburn,SF
Alec Peters,PF
Moussa Cisse,C
Kay Felder,PG
PJ Hall,PF
Ricky Council IV,SG
Craig Porter Jr.,PG/SG
Mark Williams,C
DJ Steward,PG
Jalen Johnson,PF
Ebuka Okorie,PG/SG
Troy Daniels,SG
Dalton Knecht,SG/SF
Jae'Sean Tate,SF
D'Angelo Russell,PG/SG
Shaedon Sharpe,SG/SF
T.J. McConnell,PG
DJ Stephens,SG
David Stockton,PG
Kelly Olynyk,C
Chris Silva,PF
Shane Larkin,PG
PJ Dozier,PG
Javonte Green,SF
Rakeem Christmas,PF
Langston Galloway,SG
Alex Len,C
Chris McCullough,PF
Matthew Dellavedova,PG
Jalen Pickett,PG/SG
Adam Mokoka,SG
Ryan Broekhoff,SG
